rule,commit,date,model,rule_in_claude_md,path,added_line
console-direct,c11923c5,2026-01-06,Sonnet 4.5,no,src/hooks/useDishes.js,"console.error('Error fetching dishes:', err)"
console-direct,c11923c5,2026-01-06,Sonnet 4.5,no,src/hooks/useDishes.js,"console.error('Error refetching dishes:', err)"
console-direct,c11923c5,2026-01-06,Sonnet 4.5,no,src/hooks/useLocation.js,"console.warn('Geolocation error:', err.message)"
console-direct,c11923c5,2026-01-06,Sonnet 4.5,no,src/hooks/useVote.js,"console.error('Error submitting vote:', err)"
console-direct,c11923c5,2026-01-06,Sonnet 4.5,no,src/hooks/useVote.js,"console.error('Error fetching user votes:', err)"
supabase-in-ui,c11923c5,2026-01-06,Sonnet 4.5,no,src/components/Auth/LoginModal.jsx,const { error } = await supabase.auth.signInWithOAuth({
supabase-in-ui,c11923c5,2026-01-06,Sonnet 4.5,no,src/components/Auth/LoginModal.jsx,const { error } = await supabase.auth.signInWithOtp({
supabase-in-ui,c11923c5,2026-01-06,Sonnet 4.5,no,src/components/VoteButtons.jsx,supabase.auth.getUser().then(({ data: { user } }) => {
supabase-in-ui,c11923c5,2026-01-06,Sonnet 4.5,no,src/components/VoteButtons.jsx,"const { data: { subscription } } = supabase.auth.onAuthStateChange((_event, session) => {"
supabase-in-ui,c11923c5,2026-01-06,Sonnet 4.5,no,src/hooks/useDishes.js,"const { data, error: rpcError } = await supabase.rpc('get_ranked_dishes', {"
supabase-in-ui,c11923c5,2026-01-06,Sonnet 4.5,no,src/hooks/useDishes.js,"const { data, error: rpcError } = await supabase.rpc('get_ranked_dishes', {"
supabase-in-ui,c11923c5,2026-01-06,Sonnet 4.5,no,src/hooks/useVote.js,const { data: { user } } = await supabase.auth.getUser()
supabase-in-ui,c11923c5,2026-01-06,Sonnet 4.5,no,src/hooks/useVote.js,const { data: { user } } = await supabase.auth.getUser()
tailwind-color-classes,c11923c5,2026-01-06,Sonnet 4.5,no,src/components/Auth/LoginModal.jsx,"<div className=""absolute inset-0 bg-neutral-900/60 backdrop-blur-sm"" />"
tailwind-color-classes,c11923c5,2026-01-06,Sonnet 4.5,no,src/components/Auth/LoginModal.jsx,"className=""relative bg-white rounded-3xl max-w-md w-full shadow-xl overflow-hidden"""
tailwind-color-classes,c11923c5,2026-01-06,Sonnet 4.5,no,src/components/Auth/LoginModal.jsx,"<div className=""h-2 bg-gradient-to-r from-orange-500 via-amber-500 to-orange-500"" />"
tailwind-color-classes,c11923c5,2026-01-06,Sonnet 4.5,no,src/components/Auth/LoginModal.jsx,"className=""absolute top-6 right-6 w-8 h-8 rounded-full bg-neutral-100 hover:bg-neutral-200 flex items-center justify-center transition-colors focus-ring"""
tailwind-color-classes,c11923c5,2026-01-06,Sonnet 4.5,no,src/components/Auth/LoginModal.jsx,"className=""w-4 h-4 text-neutral-600"""
tailwind-color-classes,c11923c5,2026-01-06,Sonnet 4.5,no,src/components/Auth/LoginModal.jsx,"<div className=""w-16 h-16 mx-auto mb-6 rounded-2xl bg-gradient-to-br from-orange-500 to-amber-500 flex items-center justify-center shadow-lg shadow-orange-500/3"
tailwind-color-classes,c11923c5,2026-01-06,Sonnet 4.5,no,src/components/Auth/LoginModal.jsx,"<h2 className=""text-3xl font-bold text-neutral-900 mb-3 font-serif"">"
tailwind-color-classes,c11923c5,2026-01-06,Sonnet 4.5,no,src/components/Auth/LoginModal.jsx,"<p className=""text-neutral-600 leading-relaxed"">"
tailwind-color-classes,c11923c5,2026-01-06,Sonnet 4.5,no,src/components/Auth/LoginModal.jsx,? 'bg-red-50 text-red-700 border border-red-200'
tailwind-color-classes,c11923c5,2026-01-06,Sonnet 4.5,no,src/components/Auth/LoginModal.jsx,: 'bg-emerald-50 text-emerald-700 border border-emerald-200'
tailwind-color-classes,c11923c5,2026-01-06,Sonnet 4.5,no,src/components/Auth/LoginModal.jsx,bg-white text-neutral-700
tailwind-color-classes,c11923c5,2026-01-06,Sonnet 4.5,no,src/components/Auth/LoginModal.jsx,border-2 border-neutral-300
tailwind-color-classes,c11923c5,2026-01-06,Sonnet 4.5,no,src/components/Auth/LoginModal.jsx,hover:bg-neutral-50 hover:border-neutral-400
tailwind-color-classes,c11923c5,2026-01-06,Sonnet 4.5,no,src/components/Auth/LoginModal.jsx,"<div className=""w-full border-t border-neutral-200""></div>"
tailwind-color-classes,c11923c5,2026-01-06,Sonnet 4.5,no,src/components/Auth/LoginModal.jsx,"<span className=""px-4 bg-white text-sm text-neutral-500 font-medium"">or</span>"
tailwind-color-classes,c11923c5,2026-01-06,Sonnet 4.5,no,src/components/Auth/LoginModal.jsx,"<label htmlFor=""email"" className=""block text-sm font-semibold text-neutral-700 mb-2"">"
tailwind-color-classes,c11923c5,2026-01-06,Sonnet 4.5,no,src/components/Auth/LoginModal.jsx,bg-white text-neutral-900
tailwind-color-classes,c11923c5,2026-01-06,Sonnet 4.5,no,src/components/Auth/LoginModal.jsx,border-2 border-neutral-200
tailwind-color-classes,c11923c5,2026-01-06,Sonnet 4.5,no,src/components/Auth/LoginModal.jsx,hover:border-orange-300
tailwind-color-classes,c11923c5,2026-01-06,Sonnet 4.5,no,src/components/Auth/LoginModal.jsx,placeholder:text-neutral-400
tailwind-color-classes,c11923c5,2026-01-06,Sonnet 4.5,no,src/components/Auth/LoginModal.jsx,bg-gradient-to-r from-orange-500 to-amber-500
tailwind-color-classes,c11923c5,2026-01-06,Sonnet 4.5,no,src/components/Auth/LoginModal.jsx,text-white font-semibold rounded-xl
tailwind-color-classes,c11923c5,2026-01-06,Sonnet 4.5,no,src/components/Auth/LoginModal.jsx,hover:from-orange-600 hover:to-amber-600
tailwind-color-classes,c11923c5,2026-01-06,Sonnet 4.5,no,src/components/Auth/LoginModal.jsx,shadow-lg shadow-orange-500/30
tailwind-color-classes,c11923c5,2026-01-06,Sonnet 4.5,no,src/components/Auth/LoginModal.jsx,"<p className=""mt-6 text-xs text-center text-neutral-500"">"
tailwind-color-classes,c11923c5,2026-01-06,Sonnet 4.5,no,src/components/CategoryFilter.jsx,"<div className=""sticky top-0 z-20 glass-header border-b border-neutral-200/60"">"
tailwind-color-classes,c11923c5,2026-01-06,Sonnet 4.5,no,src/components/CategoryFilter.jsx,"<div className=""absolute left-0 top-0 bottom-0 w-8 bg-gradient-to-r from-white/90 to-transparent pointer-events-none z-10"" />"
tailwind-color-classes,c11923c5,2026-01-06,Sonnet 4.5,no,src/components/CategoryFilter.jsx,"<div className=""absolute right-0 top-0 bottom-0 w-8 bg-gradient-to-l from-white/90 to-transparent pointer-events-none z-10"" />"
tailwind-color-classes,c11923c5,2026-01-06,Sonnet 4.5,no,src/components/CategoryFilter.jsx,? 'bg-gradient-to-r from-orange-500 to-amber-500 text-white shadow-lg shadow-orange-500/30 scale-105'
tailwind-color-classes,c11923c5,2026-01-06,Sonnet 4.5,no,src/components/CategoryFilter.jsx,: 'bg-white text-neutral-700 border border-neutral-200 hover:border-orange-300 hover:bg-orange-50 shadow-sm'
tailwind-color-classes,c11923c5,2026-01-06,Sonnet 4.5,no,src/components/CategoryFilter.jsx,"<p className=""text-xs text-neutral-500 font-medium"">"
tailwind-color-classes,c11923c5,2026-01-06,Sonnet 4.5,no,src/components/DishCard.jsx,"<div className=""relative w-full aspect-[4/3] bg-gradient-to-br from-stone-100 to-stone-200 overflow-hidden group"">"
tailwind-color-classes,c11923c5,2026-01-06,Sonnet 4.5,no,src/components/DishCard.jsx,"<div className=""absolute inset-0 bg-gradient-to-t from-black/10 via-transparent to-transparent opacity-0 group-hover:opacity-100 transition-opacity duration-300"
tailwind-color-classes,c11923c5,2026-01-06,Sonnet 4.5,no,src/components/DishCard.jsx,"<div className=""absolute top-4 right-4 px-3 py-1.5 rounded-full bg-white/95 backdrop-blur-sm shadow-lg"">"
tailwind-color-classes,c11923c5,2026-01-06,Sonnet 4.5,no,src/components/DishCard.jsx,"<span className=""text-xs font-semibold text-neutral-700"">"
tailwind-color-classes,c11923c5,2026-01-06,Sonnet 4.5,no,src/components/DishCard.jsx,"<h3 className=""text-xl font-bold text-neutral-900 mb-1 leading-snug font-serif"">"
tailwind-color-classes,c11923c5,2026-01-06,Sonnet 4.5,no,src/components/DishCard.jsx,"<div className=""flex items-center gap-2 text-sm text-neutral-600 mb-4"">"
tailwind-color-classes,c11923c5,2026-01-06,Sonnet 4.5,no,src/components/DishCard.jsx,"<span className=""text-neutral-300"">•</span>"
tailwind-color-classes,c11923c5,2026-01-06,Sonnet 4.5,no,src/components/DishCard.jsx,"<span className=""font-semibold text-neutral-900"">"
tailwind-color-classes,c11923c5,2026-01-06,Sonnet 4.5,no,src/components/DishCard.jsx,"<div className=""mb-4 p-4 bg-gradient-to-br from-orange-50 to-amber-50 rounded-xl border border-orange-100"">"
tailwind-color-classes,c11923c5,2026-01-06,Sonnet 4.5,no,src/components/DishCard.jsx,"<span className=""text-4xl font-bold text-neutral-900 leading-none"">"
tailwind-color-classes,c11923c5,2026-01-06,Sonnet 4.5,no,src/components/DishCard.jsx,"<span className=""text-2xl text-neutral-500"">%</span>"
tailwind-color-classes,c11923c5,2026-01-06,Sonnet 4.5,no,src/components/DishCard.jsx,"<div className=""text-sm text-neutral-600 font-medium"">"
tailwind-color-classes,c11923c5,2026-01-06,Sonnet 4.5,no,src/components/DishCard.jsx,? 'bg-amber-100 text-amber-800 border border-amber-200'
tailwind-color-classes,c11923c5,2026-01-06,Sonnet 4.5,no,src/components/DishCard.jsx,? 'bg-emerald-100 text-emerald-800 border border-emerald-200'
tailwind-color-classes,c11923c5,2026-01-06,Sonnet 4.5,no,src/components/DishCard.jsx,: 'bg-neutral-100 text-neutral-600'
tailwind-color-classes,c11923c5,2026-01-06,Sonnet 4.5,no,src/components/DishCard.jsx,"<div className=""mb-4 p-4 bg-neutral-50 rounded-xl border border-neutral-200 border-dashed"">"
tailwind-color-classes,c11923c5,2026-01-06,Sonnet 4.5,no,src/components/DishCard.jsx,"<p className=""text-sm text-neutral-500 text-center font-medium"">"
tailwind-color-classes,c11923c5,2026-01-06,Sonnet 4.5,no,src/components/DishFeed.jsx,"<div className=""absolute inset-0 rounded-full bg-gradient-to-br from-orange-500 to-amber-500 animate-pulse"" />"
tailwind-color-classes,c11923c5,2026-01-06,Sonnet 4.5,no,src/components/DishFeed.jsx,"<div className=""absolute inset-2 rounded-full bg-white flex items-center justify-center"">"
tailwind-color-classes,c11923c5,2026-01-06,Sonnet 4.5,no,src/components/DishFeed.jsx,"<p className=""text-lg font-semibold text-neutral-700"">Finding delicious dishes...</p>"
tailwind-color-classes,c11923c5,2026-01-06,Sonnet 4.5,no,src/components/DishFeed.jsx,"<p className=""text-sm text-neutral-500 mt-2"">This won't take long</p>"
tailwind-color-classes,c11923c5,2026-01-06,Sonnet 4.5,no,src/components/DishFeed.jsx,"<div className=""bg-red-50 border-2 border-red-200 rounded-2xl p-8 text-center"">"
tailwind-color-classes,c11923c5,2026-01-06,Sonnet 4.5,no,src/components/DishFeed.jsx,"<div className=""w-16 h-16 mx-auto mb-4 rounded-full bg-red-100 flex items-center justify-center"">"
tailwind-color-classes,c11923c5,2026-01-06,Sonnet 4.5,no,src/components/DishFeed.jsx,"<h3 className=""text-lg font-bold text-red-900 mb-2"">"
tailwind-color-classes,c11923c5,2026-01-06,Sonnet 4.5,no,src/components/DishFeed.jsx,"<p className=""text-sm text-red-700 mb-4"">{error}</p>"
tailwind-color-classes,c11923c5,2026-01-06,Sonnet 4.5,no,src/components/DishFeed.jsx,"className=""px-6 py-2.5 bg-red-600 text-white rounded-lg font-medium hover:bg-red-700 transition-colors focus-ring"""
tailwind-color-classes,c11923c5,2026-01-06,Sonnet 4.5,no,src/components/DishFeed.jsx,"<div className=""w-20 h-20 mx-auto mb-6 rounded-full bg-gradient-to-br from-neutral-100 to-neutral-200 flex items-center justify-center"">"
tailwind-color-classes,c11923c5,2026-01-06,Sonnet 4.5,no,src/components/DishFeed.jsx,"<h3 className=""text-2xl font-bold text-neutral-900 mb-3 font-serif"">"
tailwind-color-classes,c11923c5,2026-01-06,Sonnet 4.5,no,src/components/DishFeed.jsx,"<p className=""text-neutral-600 mb-6 max-w-sm mx-auto"">"
tailwind-color-classes,c11923c5,2026-01-06,Sonnet 4.5,no,src/components/DishFeed.jsx,"className=""px-6 py-3 bg-gradient-to-r from-orange-500 to-amber-500 text-white rounded-xl font-semibold hover:from-orange-600 hover:to-amber-600 transition-all s"
tailwind-color-classes,c11923c5,2026-01-06,Sonnet 4.5,no,src/components/DishFeed.jsx,"<p className=""text-sm font-medium text-neutral-600"">"
tailwind-color-classes,c11923c5,2026-01-06,Sonnet 4.5,no,src/components/DishFeed.jsx,"Found <span className=""text-neutral-900 font-bold"">{dishes.length}</span>{' '}"
tailwind-color-classes,c11923c5,2026-01-06,Sonnet 4.5,no,src/components/DishFeed.jsx,"<div className=""mt-12 pt-8 border-t border-neutral-200 text-center"">"
tailwind-color-classes,c11923c5,2026-01-06,Sonnet 4.5,no,src/components/DishFeed.jsx,"<p className=""text-sm text-neutral-500 mb-2"">"
tailwind-color-classes,c11923c5,2026-01-06,Sonnet 4.5,no,src/components/DishFeed.jsx,"<p className=""text-xs text-neutral-400"">"
tailwind-color-classes,c11923c5,2026-01-06,Sonnet 4.5,no,src/components/LocationPicker.jsx,"<div className=""bg-white border-b border-neutral-200 py-4 px-4"">"
tailwind-color-classes,c11923c5,2026-01-06,Sonnet 4.5,no,src/components/LocationPicker.jsx,"<div className=""flex items-center gap-2 text-amber-700 bg-amber-50 px-3 py-2 rounded-lg border border-amber-200"">"
tailwind-color-classes,c11923c5,2026-01-06,Sonnet 4.5,no,src/components/LocationPicker.jsx,"<div className=""w-10 h-10 rounded-full bg-gradient-to-br from-orange-500 to-amber-500 flex items-center justify-center shadow-md"">"
tailwind-color-classes,c11923c5,2026-01-06,Sonnet 4.5,no,src/components/LocationPicker.jsx,"<span className=""text-white text-lg"">📍</span>"
tailwind-color-classes,c11923c5,2026-01-06,Sonnet 4.5,no,src/components/LocationPicker.jsx,"<p className=""text-sm font-semibold text-neutral-900"">Near you</p>"
tailwind-color-classes,c11923c5,2026-01-06,Sonnet 4.5,no,src/components/LocationPicker.jsx,"<p className=""text-xs text-neutral-500"">"
tailwind-color-classes,c11923c5,2026-01-06,Sonnet 4.5,no,src/components/LocationPicker.jsx,"<div className=""w-10 h-10 rounded-full bg-neutral-200 flex items-center justify-center animate-pulse"">"
tailwind-color-classes,c11923c5,2026-01-06,Sonnet 4.5,no,src/components/LocationPicker.jsx,"<span className=""text-neutral-400 text-lg"">📍</span>"
tailwind-color-classes,c11923c5,2026-01-06,Sonnet 4.5,no,src/components/LocationPicker.jsx,"<p className=""text-sm font-medium text-neutral-500"">Getting location...</p>"
tailwind-color-classes,c11923c5,2026-01-06,Sonnet 4.5,no,src/components/LocationPicker.jsx,"<p className=""text-xs text-neutral-400"">Please wait</p>"
tailwind-color-classes,c11923c5,2026-01-06,Sonnet 4.5,no,src/components/LocationPicker.jsx,"<label htmlFor=""radius"" className=""text-xs font-semibold text-neutral-600 whitespace-nowrap"">"
tailwind-color-classes,c11923c5,2026-01-06,Sonnet 4.5,no,src/components/LocationPicker.jsx,bg-white text-neutral-900
tailwind-color-classes,c11923c5,2026-01-06,Sonnet 4.5,no,src/components/LocationPicker.jsx,border-2 border-neutral-200
tailwind-color-classes,c11923c5,2026-01-06,Sonnet 4.5,no,src/components/LocationPicker.jsx,hover:border-orange-300
tailwind-color-classes,c11923c5,2026-01-06,Sonnet 4.5,no,src/components/LocationPicker.jsx,"className=""w-4 h-4 text-neutral-600"""
tailwind-color-classes,c11923c5,2026-01-06,Sonnet 4.5,no,src/components/VoteButtons.jsx,? 'bg-gradient-to-br from-emerald-500 to-emerald-600 text-white shadow-lg shadow-emerald-500/30'
tailwind-color-classes,c11923c5,2026-01-06,Sonnet 4.5,no,src/components/VoteButtons.jsx,: 'bg-white text-neutral-700 border-2 border-neutral-200 hover:border-emerald-400 hover:bg-emerald-50 shadow-sm'
tailwind-color-classes,c11923c5,2026-01-06,Sonnet 4.5,no,src/components/VoteButtons.jsx,"<div className=""absolute inset-0 bg-gradient-to-r from-transparent via-white/20 to-transparent animate-shimmer"" />"
tailwind-color-classes,c11923c5,2026-01-06,Sonnet 4.5,no,src/components/VoteButtons.jsx,? 'bg-gradient-to-br from-red-500 to-red-600 text-white shadow-lg shadow-red-500/30'
tailwind-color-classes,c11923c5,2026-01-06,Sonnet 4.5,no,src/components/VoteButtons.jsx,: 'bg-white text-neutral-700 border-2 border-neutral-200 hover:border-red-400 hover:bg-red-50 shadow-sm'
tailwind-color-classes,c11923c5,2026-01-06,Sonnet 4.5,no,src/components/VoteButtons.jsx,"<div className=""absolute inset-0 bg-gradient-to-r from-transparent via-white/20 to-transparent animate-shimmer"" />"
tailwind-color-classes,c11923c5,2026-01-06,Sonnet 4.5,no,src/pages/Home.jsx,"<div className=""min-h-screen bg-stone-50"">"
tailwind-color-classes,c11923c5,2026-01-06,Sonnet 4.5,no,src/pages/Home.jsx,"<header className=""relative bg-white border-b border-neutral-200 overflow-hidden"">"
tailwind-color-classes,c11923c5,2026-01-06,Sonnet 4.5,no,src/pages/Home.jsx,"<div className=""absolute inset-0 bg-gradient-to-br from-orange-50 via-amber-50 to-orange-50 opacity-50"" />"
tailwind-color-classes,c11923c5,2026-01-06,Sonnet 4.5,no,src/pages/Home.jsx,"<div className=""w-12 h-12 rounded-xl bg-gradient-to-br from-orange-500 to-amber-500 flex items-center justify-center shadow-lg shadow-orange-500/30"">"
tailwind-color-classes,c11923c5,2026-01-06,Sonnet 4.5,no,src/pages/Home.jsx,"<h1 className=""text-3xl font-bold text-neutral-900 font-serif leading-none"">"
tailwind-color-classes,c11923c5,2026-01-06,Sonnet 4.5,no,src/pages/Home.jsx,"<p className=""text-sm text-neutral-600 mt-1 font-medium"">"
tailwind-color-classes,c11923c5,2026-01-06,Sonnet 4.5,no,src/utils/ranking.js,"className: 'text-yellow-600 border-yellow-300 bg-yellow-50',"
tailwind-color-classes,c11923c5,2026-01-06,Sonnet 4.5,no,src/utils/ranking.js,"className: 'text-gray-600',"
tailwind-color-classes,c11923c5,2026-01-06,Sonnet 4.5,no,src/utils/ranking.js,"className: 'text-green-600 border-green-300 bg-green-50',"
hex-in-components,c11923c5,2026-01-06,Sonnet 4.5,no,src/components/Auth/LoginModal.jsx,"fill=""#4285F4"""
hex-in-components,c11923c5,2026-01-06,Sonnet 4.5,no,src/components/Auth/LoginModal.jsx,"fill=""#34A853"""
hex-in-components,c11923c5,2026-01-06,Sonnet 4.5,no,src/components/Auth/LoginModal.jsx,"fill=""#FBBC05"""
hex-in-components,c11923c5,2026-01-06,Sonnet 4.5,no,src/components/Auth/LoginModal.jsx,"fill=""#EA4335"""
render-error-object,c11923c5,2026-01-06,Sonnet 4.5,no,src/components/DishFeed.jsx,"<p className=""text-sm text-red-700 mb-4"">{error}</p>"
render-error-object,c11923c5,2026-01-06,Sonnet 4.5,no,src/components/LocationPicker.jsx,"<span className=""text-xs font-medium truncate"">{error}</span>"
single-not-maybesingle,c11923c5,2026-01-06,Sonnet 4.5,no,src/components/VoteButtons.jsx,.single()
supabase-in-ui,5d3c3721,2026-01-07,Sonnet 4.5,no,src/hooks/useDishes.js,"const { data, error: rpcError } = await supabase.rpc('get_ranked_dishes', {"
supabase-in-ui,5d3c3721,2026-01-07,Sonnet 4.5,no,src/hooks/useDishes.js,"const { data, error: rpcError } = await supabase.rpc('get_ranked_dishes', {"
tailwind-color-classes,5d3c3721,2026-01-07,Sonnet 4.5,no,src/components/DishFeed.jsx,"<span className=""text-neutral-900 font-bold"">{dishes.length}</span>{' '}"
tailwind-color-classes,5d3c3721,2026-01-07,Sonnet 4.5,no,src/components/DishFeed.jsx,"<span className=""text-neutral-900 font-bold"">{selectedRestaurant.name}</span>"
tailwind-color-classes,5d3c3721,2026-01-07,Sonnet 4.5,no,src/components/DishFeed.jsx,"Found <span className=""text-neutral-900 font-bold"">{dishes.length}</span>{' '}"
tailwind-color-classes,5d3c3721,2026-01-07,Sonnet 4.5,no,src/components/RestaurantSearch.jsx,"<div ref={searchRef} className=""bg-white border-b border-neutral-200 py-3 px-4"">"
tailwind-color-classes,5d3c3721,2026-01-07,Sonnet 4.5,no,src/components/RestaurantSearch.jsx,bg-neutral-50
tailwind-color-classes,5d3c3721,2026-01-07,Sonnet 4.5,no,src/components/RestaurantSearch.jsx,border-2 border-neutral-200
tailwind-color-classes,5d3c3721,2026-01-07,Sonnet 4.5,no,src/components/RestaurantSearch.jsx,text-sm font-medium text-neutral-900
tailwind-color-classes,5d3c3721,2026-01-07,Sonnet 4.5,no,src/components/RestaurantSearch.jsx,placeholder:text-neutral-400
tailwind-color-classes,5d3c3721,2026-01-07,Sonnet 4.5,no,src/components/RestaurantSearch.jsx,focus:outline-none focus:border-orange-400 focus:bg-white
tailwind-color-classes,5d3c3721,2026-01-07,Sonnet 4.5,no,src/components/RestaurantSearch.jsx,bg-neutral-200 hover:bg-neutral-300
tailwind-color-classes,5d3c3721,2026-01-07,Sonnet 4.5,no,src/components/RestaurantSearch.jsx,text-neutral-600 hover:text-neutral-900
tailwind-color-classes,5d3c3721,2026-01-07,Sonnet 4.5,no,src/components/RestaurantSearch.jsx,bg-white
tailwind-color-classes,5d3c3721,2026-01-07,Sonnet 4.5,no,src/components/RestaurantSearch.jsx,border-2 border-neutral-200
tailwind-color-classes,5d3c3721,2026-01-07,Sonnet 4.5,no,src/components/RestaurantSearch.jsx,text-neutral-900
tailwind-color-classes,5d3c3721,2026-01-07,Sonnet 4.5,no,src/components/RestaurantSearch.jsx,hover:bg-orange-50
tailwind-color-classes,5d3c3721,2026-01-07,Sonnet 4.5,no,src/components/RestaurantSearch.jsx,border-b border-neutral-100 last:border-b-0
tailwind-color-classes,5d3c3721,2026-01-07,Sonnet 4.5,no,src/components/RestaurantSearch.jsx,"<div className=""flex items-center gap-1.5 px-3 py-1.5 bg-orange-100 border border-orange-300 rounded-full"">"
tailwind-color-classes,5d3c3721,2026-01-07,Sonnet 4.5,no,src/components/RestaurantSearch.jsx,"<span className=""text-xs font-semibold text-orange-900"">"
console-direct,b91bb021,2026-01-11,Opus 4.5,no,src/components/DishCard.jsx,"console.log(`Dish: ${dish_name}, Category: ${category}, Image: ${imageUrl}`)"
console-direct,b91bb021,2026-01-11,Opus 4.5,no,src/constants/categoryImages.js,"console.log(`getCategoryImage: category=""${category}"", lower=""${lowerCategory}"", url=""${imageUrl}""`)"
console-direct,287d31ed,2026-01-11,Opus 4.5,no,src/constants/categoryImages.js,"console.warn('getCategoryImage: category is null/undefined, using default')"
console-direct,287d31ed,2026-01-11,Opus 4.5,no,src/constants/categoryImages.js,"console.warn(`getCategoryImage: No image found for category=""${category}"", using default`)"
console-direct,287d31ed,2026-01-11,Opus 4.5,no,src/constants/categoryImages.js,"console.log(`getCategoryImage: category=""${category}"" -> ${imageUrl}`)"
console-direct,315acd80,2026-01-11,Opus 4.5,no,src/components/DishCard.jsx,"console.log(`HARD-CODED TEST: Dish: ${dish_name}, Image: ${imageUrl}`)"
supabase-in-ui,135f278e,2026-01-12,Opus 4.5,no,src/components/ReviewFlow.jsx,supabase.auth.getUser().then(({ data: { user } }) => setUser(user))
supabase-in-ui,135f278e,2026-01-12,Opus 4.5,no,src/components/ReviewFlow.jsx,"const { data: { subscription } } = supabase.auth.onAuthStateChange((_event, session) => {"
tailwind-color-classes,135f278e,2026-01-12,Opus 4.5,no,src/components/DishCard.jsx,"<div className=""mb-4 p-4 bg-neutral-50 rounded-xl border border-neutral-200 border-dashed"">"
tailwind-color-classes,135f278e,2026-01-12,Opus 4.5,no,src/components/DishCard.jsx,"<p className=""text-sm text-neutral-500 text-center font-medium"">"
tailwind-color-classes,135f278e,2026-01-12,Opus 4.5,no,src/components/DishCard.jsx,"<div className=""mb-4 p-4 bg-amber-50 rounded-xl border border-amber-200"">"
tailwind-color-classes,135f278e,2026-01-12,Opus 4.5,no,src/components/DishCard.jsx,"<p className=""text-sm text-amber-700 font-medium"">"
tailwind-color-classes,135f278e,2026-01-12,Opus 4.5,no,src/components/DishCard.jsx,"<div className=""mb-4 p-4 bg-gradient-to-br from-orange-50 to-amber-50 rounded-xl border border-orange-100 space-y-3"">"
tailwind-color-classes,135f278e,2026-01-12,Opus 4.5,no,src/components/DishCard.jsx,"<div className=""flex items-center justify-center gap-2 pb-2 border-b border-orange-200/50"">"
tailwind-color-classes,135f278e,2026-01-12,Opus 4.5,no,src/components/DishCard.jsx,"<span className=""text-lg font-bold text-neutral-800"">{badge.label}</span>"
tailwind-color-classes,135f278e,2026-01-12,Opus 4.5,no,src/components/DishCard.jsx,"<div className=""text-2xl font-bold text-neutral-900"">"
tailwind-color-classes,135f278e,2026-01-12,Opus 4.5,no,src/components/DishCard.jsx,"<div className=""text-xs text-neutral-500"">would order again</div>"
tailwind-color-classes,135f278e,2026-01-12,Opus 4.5,no,src/components/DishCard.jsx,"<div className=""text-2xl font-bold text-neutral-900"">"
tailwind-color-classes,135f278e,2026-01-12,Opus 4.5,no,src/components/DishCard.jsx,"<span className=""text-sm text-neutral-400"">/10</span>"
tailwind-color-classes,135f278e,2026-01-12,Opus 4.5,no,src/components/DishCard.jsx,"<div className=""text-xs text-neutral-500"">avg rating</div>"
tailwind-color-classes,135f278e,2026-01-12,Opus 4.5,no,src/components/DishCard.jsx,"<div className=""text-center pt-2 border-t border-orange-200/50"">"
tailwind-color-classes,135f278e,2026-01-12,Opus 4.5,no,src/components/DishCard.jsx,"<span className=""text-xs text-neutral-500 font-medium"">"
tailwind-color-classes,135f278e,2026-01-12,Opus 4.5,no,src/components/PizzaRatingSlider.jsx,"<span className=""text-4xl font-bold text-neutral-900"">{value.toFixed(1)}</span>"
tailwind-color-classes,135f278e,2026-01-12,Opus 4.5,no,src/components/PizzaRatingSlider.jsx,"<span className=""text-xl text-neutral-400"">/10</span>"
tailwind-color-classes,135f278e,2026-01-12,Opus 4.5,no,src/components/PizzaRatingSlider.jsx,"<span className=""text-sm font-medium text-neutral-500"">"
tailwind-color-classes,135f278e,2026-01-12,Opus 4.5,no,src/components/PizzaRatingSlider.jsx,"className=""w-full h-3 bg-gradient-to-r from-red-300 via-yellow-300 to-emerald-400 rounded-full appearance-none cursor-pointer"
tailwind-color-classes,135f278e,2026-01-12,Opus 4.5,no,src/components/PizzaRatingSlider.jsx,[&::-webkit-slider-thumb]:rounded-full [&::-webkit-slider-thumb]:bg-white [&::-webkit-slider-thumb]:shadow-lg
tailwind-color-classes,135f278e,2026-01-12,Opus 4.5,no,src/components/PizzaRatingSlider.jsx,[&::-webkit-slider-thumb]:border-2 [&::-webkit-slider-thumb]:border-orange-400 [&::-webkit-slider-thumb]:cursor-pointer
tailwind-color-classes,135f278e,2026-01-12,Opus 4.5,no,src/components/PizzaRatingSlider.jsx,[&::-moz-range-thumb]:bg-white [&::-moz-range-thumb]:shadow-lg [&::-moz-range-thumb]:border-2
tailwind-color-classes,135f278e,2026-01-12,Opus 4.5,no,src/components/PizzaRatingSlider.jsx,"[&::-moz-range-thumb]:border-orange-400 [&::-moz-range-thumb]:cursor-pointer"""
tailwind-color-classes,135f278e,2026-01-12,Opus 4.5,no,src/components/PizzaRatingSlider.jsx,"<div className=""flex justify-between text-xs text-neutral-400 mt-2 px-1"">"
tailwind-color-classes,135f278e,2026-01-12,Opus 4.5,no,src/components/ReviewFlow.jsx,"<div className=""p-4 bg-gradient-to-br from-emerald-50 to-teal-50 rounded-xl border border-emerald-200"">"
tailwind-color-classes,135f278e,2026-01-12,Opus 4.5,no,src/components/ReviewFlow.jsx,"<p className=""text-sm text-emerald-800 font-medium text-center mb-2"">Your review</p>"
tailwind-color-classes,135f278e,2026-01-12,Opus 4.5,no,src/components/ReviewFlow.jsx,"<span className=""text-xl font-bold text-emerald-700"">{Number(userRating).toFixed(1)}/10</span>"
tailwind-color-classes,135f278e,2026-01-12,Opus 4.5,no,src/components/ReviewFlow.jsx,"<span className=""flex items-center gap-1.5 text-emerald-600 font-semibold"">"
tailwind-color-classes,135f278e,2026-01-12,Opus 4.5,no,src/components/ReviewFlow.jsx,"<span>👍</span> {localYesVotes} <span className=""text-emerald-500 font-normal"">({yesPercent}%)</span>"
tailwind-color-classes,135f278e,2026-01-12,Opus 4.5,no,src/components/ReviewFlow.jsx,"<span className=""text-neutral-300"">|</span>"
tailwind-color-classes,135f278e,2026-01-12,Opus 4.5,no,src/components/ReviewFlow.jsx,"<span className=""flex items-center gap-1.5 text-red-500 font-semibold"">"
tailwind-color-classes,135f278e,2026-01-12,Opus 4.5,no,src/components/ReviewFlow.jsx,"<span>👎</span> {noVotes} <span className=""text-red-400 font-normal"">({noPercent}%)</span>"
tailwind-color-classes,135f278e,2026-01-12,Opus 4.5,no,src/components/ReviewFlow.jsx,"className=""w-full py-2 text-sm text-neutral-500 hover:text-neutral-700 transition-colors"""
tailwind-color-classes,135f278e,2026-01-12,Opus 4.5,no,src/components/ReviewFlow.jsx,"<p className=""text-sm font-medium text-neutral-600 text-center"">Would you order this again?</p>"
tailwind-color-classes,135f278e,2026-01-12,Opus 4.5,no,src/components/ReviewFlow.jsx,"<span className=""flex items-center gap-1.5 text-emerald-600 font-semibold"">"
tailwind-color-classes,135f278e,2026-01-12,Opus 4.5,no,src/components/ReviewFlow.jsx,"<span>👍</span> {localYesVotes} <span className=""text-emerald-500 font-normal"">({yesPercent}%)</span>"
tailwind-color-classes,135f278e,2026-01-12,Opus 4.5,no,src/components/ReviewFlow.jsx,"<span className=""text-neutral-300"">|</span>"
tailwind-color-classes,135f278e,2026-01-12,Opus 4.5,no,src/components/ReviewFlow.jsx,"<span className=""flex items-center gap-1.5 text-red-500 font-semibold"">"
tailwind-color-classes,135f278e,2026-01-12,Opus 4.5,no,src/components/ReviewFlow.jsx,"<span>👎</span> {noVotes} <span className=""text-red-400 font-normal"">({noPercent}%)</span>"
tailwind-color-classes,135f278e,2026-01-12,Opus 4.5,no,src/components/ReviewFlow.jsx,"<p className=""text-xs text-neutral-400 text-center"">No votes yet — be the first!</p>"
tailwind-color-classes,135f278e,2026-01-12,Opus 4.5,no,src/components/ReviewFlow.jsx,? 'bg-gradient-to-br from-emerald-500 to-emerald-600 text-white shadow-lg shadow-emerald-500/30 scale-105'
tailwind-color-classes,135f278e,2026-01-12,Opus 4.5,no,src/components/ReviewFlow.jsx,: 'bg-white text-neutral-700 border-2 border-neutral-200 hover:border-emerald-400 hover:bg-emerald-50 shadow-sm'}`}
tailwind-color-classes,135f278e,2026-01-12,Opus 4.5,no,src/components/ReviewFlow.jsx,"<span className=""text-2xl text-white animate-pulse"">✓</span>"
tailwind-color-classes,135f278e,2026-01-12,Opus 4.5,no,src/components/ReviewFlow.jsx,? 'bg-gradient-to-br from-red-500 to-red-600 text-white shadow-lg shadow-red-500/30 scale-105'
tailwind-color-classes,135f278e,2026-01-12,Opus 4.5,no,src/components/ReviewFlow.jsx,: 'bg-white text-neutral-700 border-2 border-neutral-200 hover:border-red-400 hover:bg-red-50 shadow-sm'}`}
tailwind-color-classes,135f278e,2026-01-12,Opus 4.5,no,src/components/ReviewFlow.jsx,"<span className=""text-2xl text-white animate-pulse"">✓</span>"
tailwind-color-classes,135f278e,2026-01-12,Opus 4.5,no,src/components/ReviewFlow.jsx,"<button onClick={() => setStep(1)} className=""text-sm text-neutral-500 hover:text-neutral-700 transition-colors flex items-center gap-1"">"
tailwind-color-classes,135f278e,2026-01-12,Opus 4.5,no,src/components/ReviewFlow.jsx,"<p className=""text-sm font-medium text-neutral-600"">Rate this dish</p>"
tailwind-color-classes,135f278e,2026-01-12,Opus 4.5,no,src/components/ReviewFlow.jsx,"className=""w-full py-4 px-6 rounded-xl font-semibold text-white bg-gradient-to-r from-orange-500 to-amber-500 shadow-lg shadow-orange-500/30 transition-all dura"
tailwind-color-classes,135f278e,2026-01-12,Opus 4.5,no,src/components/ReviewFlow.jsx,"<p className=""text-sm font-medium text-neutral-600 text-center"">Review your answers</p>"
tailwind-color-classes,135f278e,2026-01-12,Opus 4.5,no,src/components/ReviewFlow.jsx,"<div className=""p-4 bg-gradient-to-br from-neutral-50 to-stone-100 rounded-xl border border-neutral-200 space-y-3"">"
tailwind-color-classes,135f278e,2026-01-12,Opus 4.5,no,src/components/ReviewFlow.jsx,"<span className=""text-sm text-neutral-500"">Would order again?</span>"
tailwind-color-classes,135f278e,2026-01-12,Opus 4.5,no,src/components/ReviewFlow.jsx,"className=""flex items-center gap-2 px-3 py-1.5 rounded-lg bg-white border border-neutral-200 hover:border-neutral-300 transition-colors"""
tailwind-color-classes,135f278e,2026-01-12,Opus 4.5,no,src/components/ReviewFlow.jsx,"<span className=""text-sm font-medium text-neutral-700"">{pendingVote ? 'Yes' : 'No'}</span>"
tailwind-color-classes,135f278e,2026-01-12,Opus 4.5,no,src/components/ReviewFlow.jsx,"<span className=""text-xs text-neutral-400"">Edit</span>"
tailwind-color-classes,135f278e,2026-01-12,Opus 4.5,no,src/components/ReviewFlow.jsx,"<span className=""text-sm text-neutral-500"">Rating</span>"
tailwind-color-classes,135f278e,2026-01-12,Opus 4.5,no,src/components/ReviewFlow.jsx,"className=""flex items-center gap-2 px-3 py-1.5 rounded-lg bg-white border border-neutral-200 hover:border-neutral-300 transition-colors"""
tailwind-color-classes,135f278e,2026-01-12,Opus 4.5,no,src/components/ReviewFlow.jsx,"<span className=""text-sm font-bold text-neutral-700"">{sliderValue.toFixed(1)}/10</span>"
tailwind-color-classes,135f278e,2026-01-12,Opus 4.5,no,src/components/ReviewFlow.jsx,"<span className=""text-xs text-neutral-400"">Edit</span>"
tailwind-color-classes,135f278e,2026-01-12,Opus 4.5,no,src/components/ReviewFlow.jsx,className={`w-full py-4 px-6 rounded-xl font-semibold text-white bg-gradient-to-r from-emerald-500 to-teal-500 shadow-lg shadow-emerald-500/30 transition-all du
tailwind-color-classes,135f278e,2026-01-12,Opus 4.5,no,src/components/ReviewFlow.jsx,"className=""w-full py-2 text-sm text-neutral-500 hover:text-neutral-700 transition-colors"""
tailwind-color-classes,135f278e,2026-01-12,Opus 4.5,no,src/utils/ranking.js,"className: 'text-neutral-500',"
hex-in-components,135f278e,2026-01-12,Opus 4.5,no,src/components/PizzaRatingSlider.jsx,"<stop offset=""0%"" stopColor=""#FCD34D"" />"
hex-in-components,135f278e,2026-01-12,Opus 4.5,no,src/components/PizzaRatingSlider.jsx,"<stop offset=""100%"" stopColor=""#F59E0B"" />"
hex-in-components,135f278e,2026-01-12,Opus 4.5,no,src/components/PizzaRatingSlider.jsx,"<stop offset=""0%"" stopColor=""#D97706"" />"
hex-in-components,135f278e,2026-01-12,Opus 4.5,no,src/components/PizzaRatingSlider.jsx,"<stop offset=""100%"" stopColor=""#92400E"" />"
hex-in-components,135f278e,2026-01-12,Opus 4.5,no,src/components/PizzaRatingSlider.jsx,"stroke=""#D97706"""
hex-in-components,135f278e,2026-01-12,Opus 4.5,no,src/components/PizzaRatingSlider.jsx,"<circle cx=""40"" cy=""45"" r=""6"" fill=""#DC2626"" opacity={clipY < 45 ? 1 : 0} className=""transition-opacity duration-200"" />"
hex-in-components,135f278e,2026-01-12,Opus 4.5,no,src/components/PizzaRatingSlider.jsx,"<circle cx=""58"" cy=""50"" r=""5"" fill=""#DC2626"" opacity={clipY < 50 ? 1 : 0} className=""transition-opacity duration-200"" />"
hex-in-components,135f278e,2026-01-12,Opus 4.5,no,src/components/PizzaRatingSlider.jsx,"<circle cx=""45"" cy=""65"" r=""6"" fill=""#DC2626"" opacity={clipY < 65 ? 1 : 0} className=""transition-opacity duration-200"" />"
hex-in-components,135f278e,2026-01-12,Opus 4.5,no,src/components/PizzaRatingSlider.jsx,"<circle cx=""60"" cy=""70"" r=""4"" fill=""#DC2626"" opacity={clipY < 70 ? 1 : 0} className=""transition-opacity duration-200"" />"
hex-in-components,135f278e,2026-01-12,Opus 4.5,no,src/components/PizzaRatingSlider.jsx,"<circle cx=""35"" cy=""72"" r=""5"" fill=""#DC2626"" opacity={clipY < 72 ? 1 : 0} className=""transition-opacity duration-200"" />"
hex-in-components,135f278e,2026-01-12,Opus 4.5,no,src/components/PizzaRatingSlider.jsx,"<ellipse cx=""48"" cy=""55"" rx=""8"" ry=""3"" fill=""#FDE68A"" opacity=""0.6"" />"
hex-in-components,135f278e,2026-01-12,Opus 4.5,no,src/components/PizzaRatingSlider.jsx,"<ellipse cx=""55"" cy=""68"" rx=""6"" ry=""2"" fill=""#FDE68A"" opacity=""0.6"" />"
hex-in-components,135f278e,2026-01-12,Opus 4.5,no,src/components/PizzaRatingSlider.jsx,"<circle cx={35 + eatenPercent * 15} cy={clipY + 2} r=""3"" fill=""#FCD34D"" />"
hex-in-components,135f278e,2026-01-12,Opus 4.5,no,src/components/PizzaRatingSlider.jsx,"<circle cx={50} cy={clipY + 1} r=""4"" fill=""#FCD34D"" />"
hex-in-components,135f278e,2026-01-12,Opus 4.5,no,src/components/PizzaRatingSlider.jsx,"<circle cx={62 - eatenPercent * 10} cy={clipY + 2} r=""3"" fill=""#FCD34D"" />"
hex-in-components,135f278e,2026-01-12,Opus 4.5,no,src/components/PizzaRatingSlider.jsx,"fill=""#D97706"""
single-not-maybesingle,135f278e,2026-01-12,Opus 4.5,no,src/components/ReviewFlow.jsx,.single()
localstorage-direct,b7a8f6b9,2026-01-12,Opus 4.5,no,src/lib/sounds.js,return localStorage.getItem('soundMuted') === 'true'
localstorage-direct,b7a8f6b9,2026-01-12,Opus 4.5,no,src/lib/sounds.js,"localStorage.setItem('soundMuted', String(muted))"
tailwind-color-classes,b7a8f6b9,2026-01-12,Opus 4.5,no,src/components/FoodRatingSlider.jsx,"<span className=""text-4xl font-bold text-neutral-900"">{value.toFixed(1)}</span>"
tailwind-color-classes,b7a8f6b9,2026-01-12,Opus 4.5,no,src/components/FoodRatingSlider.jsx,"<span className=""text-xl text-neutral-400"">/10</span>"
tailwind-color-classes,b7a8f6b9,2026-01-12,Opus 4.5,no,src/components/FoodRatingSlider.jsx,"<span className=""text-sm font-medium text-neutral-500"">"
tailwind-color-classes,b7a8f6b9,2026-01-12,Opus 4.5,no,src/components/FoodRatingSlider.jsx,"className=""w-full h-3 bg-gradient-to-r from-red-300 via-yellow-300 to-emerald-400 rounded-full appearance-none cursor-pointer"
tailwind-color-classes,b7a8f6b9,2026-01-12,Opus 4.5,no,src/components/FoodRatingSlider.jsx,[&::-webkit-slider-thumb]:rounded-full [&::-webkit-slider-thumb]:bg-orange-500 [&::-webkit-slider-thumb]:shadow-xl
tailwind-color-classes,b7a8f6b9,2026-01-12,Opus 4.5,no,src/components/FoodRatingSlider.jsx,[&::-webkit-slider-thumb]:border-4 [&::-webkit-slider-thumb]:border-white [&::-webkit-slider-thumb]:cursor-pointer
tailwind-color-classes,b7a8f6b9,2026-01-12,Opus 4.5,no,src/components/FoodRatingSlider.jsx,[&::-webkit-slider-thumb]:transition-all [&::-webkit-slider-thumb]:hover:scale-110 [&::-webkit-slider-thumb]:hover:bg-orange-600
tailwind-color-classes,b7a8f6b9,2026-01-12,Opus 4.5,no,src/components/FoodRatingSlider.jsx,[&::-moz-range-thumb]:bg-orange-500 [&::-moz-range-thumb]:shadow-xl [&::-moz-range-thumb]:border-4
tailwind-color-classes,b7a8f6b9,2026-01-12,Opus 4.5,no,src/components/FoodRatingSlider.jsx,"[&::-moz-range-thumb]:border-white [&::-moz-range-thumb]:cursor-pointer"""
tailwind-color-classes,b7a8f6b9,2026-01-12,Opus 4.5,no,src/components/FoodRatingSlider.jsx,"<div className=""flex justify-between text-xs text-neutral-400 mt-2 px-1"">"
tailwind-color-classes,b7a8f6b9,2026-01-12,Opus 4.5,no,src/pages/Home.jsx,"<div className=""w-12 h-12 rounded-xl bg-gradient-to-br from-orange-500 to-amber-500 flex items-center justify-center shadow-lg shadow-orange-500/30"">"
tailwind-color-classes,b7a8f6b9,2026-01-12,Opus 4.5,no,src/pages/Home.jsx,"<h1 className=""text-3xl font-bold text-neutral-900 font-serif leading-none"">"
tailwind-color-classes,b7a8f6b9,2026-01-12,Opus 4.5,no,src/pages/Home.jsx,"<p className=""text-sm text-neutral-600 mt-1 font-medium"">"
tailwind-color-classes,b7a8f6b9,2026-01-12,Opus 4.5,no,src/pages/Home.jsx,"className=""w-10 h-10 rounded-full bg-white/80 hover:bg-white border border-neutral-200 flex items-center justify-center transition-all shadow-sm hover:shadow"""
tailwind-color-classes,b7a8f6b9,2026-01-12,Opus 4.5,no,src/pages/Home.jsx,"<svg xmlns=""http://www.w3.org/2000/svg"" fill=""none"" viewBox=""0 0 24 24"" strokeWidth={1.5} stroke=""currentColor"" className=""w-5 h-5 text-neutral-400"">"
tailwind-color-classes,b7a8f6b9,2026-01-12,Opus 4.5,no,src/pages/Home.jsx,"<svg xmlns=""http://www.w3.org/2000/svg"" fill=""none"" viewBox=""0 0 24 24"" strokeWidth={1.5} stroke=""currentColor"" className=""w-5 h-5 text-orange-500"">"
hex-in-components,b7a8f6b9,2026-01-12,Opus 4.5,no,src/components/FoodRatingSlider.jsx,"'burger': '#8B4513', // Brown for burger bun"
hex-in-components,b7a8f6b9,2026-01-12,Opus 4.5,no,src/components/FoodRatingSlider.jsx,"'pizza': '#D97706', // Orange-brown for pizza crust"
hex-in-components,b7a8f6b9,2026-01-12,Opus 4.5,no,src/components/FoodRatingSlider.jsx,"'sandwich': '#D4A574', // Tan for bread"
hex-in-components,b7a8f6b9,2026-01-12,Opus 4.5,no,src/components/FoodRatingSlider.jsx,"'breakfast sandwich': '#D4A056', // Bagel color"
hex-in-components,b7a8f6b9,2026-01-12,Opus 4.5,no,src/components/FoodRatingSlider.jsx,"'pasta': '#E8D5B7', // Pasta color"
hex-in-components,b7a8f6b9,2026-01-12,Opus 4.5,no,src/components/FoodRatingSlider.jsx,"'fries': '#F4D03F', // Golden for fries"
hex-in-components,b7a8f6b9,2026-01-12,Opus 4.5,no,src/components/FoodRatingSlider.jsx,"'tendys': '#D4A574', // Breading color"
hex-in-components,b7a8f6b9,2026-01-12,Opus 4.5,no,src/components/FoodRatingSlider.jsx,"'wings': '#8B4513', // Brown"
hex-in-components,b7a8f6b9,2026-01-12,Opus 4.5,no,src/components/FoodRatingSlider.jsx,"'seafood': '#FA8072', // Salmon pink"
hex-in-components,b7a8f6b9,2026-01-12,Opus 4.5,no,src/components/FoodRatingSlider.jsx,"'chowder': '#F5E6C8', // Cream color"
hex-in-components,b7a8f6b9,2026-01-12,Opus 4.5,no,src/components/FoodRatingSlider.jsx,"'soup': '#E07020', // Tomato soup color"
hex-in-components,b7a8f6b9,2026-01-12,Opus 4.5,no,src/components/FoodRatingSlider.jsx,"'breakfast': '#FFD700', // Egg yolk"
hex-in-components,b7a8f6b9,2026-01-12,Opus 4.5,no,src/components/FoodRatingSlider.jsx,"'salad': '#228B22', // Green"
hex-in-components,b7a8f6b9,2026-01-12,Opus 4.5,no,src/components/FoodRatingSlider.jsx,"'apps': '#D4AA4A', // Breading color"
hex-in-components,b7a8f6b9,2026-01-12,Opus 4.5,no,src/components/FoodRatingSlider.jsx,"'fried chicken': '#8B4513', // Brown"
hex-in-components,b7a8f6b9,2026-01-12,Opus 4.5,no,src/components/FoodRatingSlider.jsx,"'entree': '#8B4513', // Steak brown"
hex-in-components,b7a8f6b9,2026-01-12,Opus 4.5,no,src/components/FoodRatingSlider.jsx,"'lobster roll': '#FFA07A', // Lobster meat color"
hex-in-components,b7a8f6b9,2026-01-12,Opus 4.5,no,src/components/FoodRatingSlider.jsx,"'taco': '#E8C060', // Tortilla color"
hex-in-components,b7a8f6b9,2026-01-12,Opus 4.5,no,src/components/FoodRatingSlider.jsx,return colorMap[category] || '#D97706'
hex-in-components,b7a8f6b9,2026-01-12,Opus 4.5,no,src/components/foods/AppsSVG.jsx,"<rect x=""-12"" y=""-4"" width=""24"" height=""8"" rx=""4"" fill=""#C49A3A"" />"
hex-in-components,b7a8f6b9,2026-01-12,Opus 4.5,no,src/components/foods/AppsSVG.jsx,"<rect x=""-11"" y=""-3"" width=""22"" height=""6"" rx=""3"" fill=""#D4AA4A"" />"
hex-in-components,b7a8f6b9,2026-01-12,Opus 4.5,no,src/components/foods/AppsSVG.jsx,"<ellipse cx=""-6"" cy=""-1"" rx=""3"" ry=""2"" fill=""#B08030"" opacity=""0.4"" />"
hex-in-components,b7a8f6b9,2026-01-12,Opus 4.5,no,src/components/foods/AppsSVG.jsx,"<ellipse cx=""2"" cy=""0"" rx=""4"" ry=""2"" fill=""#B08030"" opacity=""0.3"" />"
hex-in-components,b7a8f6b9,2026-01-12,Opus 4.5,no,src/components/foods/AppsSVG.jsx,"<ellipse cx=""8"" cy=""-1"" rx=""3"" ry=""2"" fill=""#B08030"" opacity=""0.4"" />"
hex-in-components,b7a8f6b9,2026-01-12,Opus 4.5,no,src/components/foods/AppsSVG.jsx,"<rect x=""-9"" y=""-2"" width=""18"" height=""2"" rx=""1"" fill=""#E8C060"" opacity=""0.4"" />"
hex-in-components,b7a8f6b9,2026-01-12,Opus 4.5,no,src/components/foods/AppsSVG.jsx,"stroke=""#FFFAF0"""
hex-in-components,b7a8f6b9,2026-01-12,Opus 4.5,no,src/components/foods/AppsSVG.jsx,"<ellipse cx=""0"" cy=""0"" rx=""10"" ry=""6"" fill=""#C49A3A"" />"
hex-in-components,b7a8f6b9,2026-01-12,Opus 4.5,no,src/components/foods/AppsSVG.jsx,"<ellipse cx=""0"" cy=""0"" rx=""5"" ry=""3"" fill=""#7D5030"" />"
hex-in-components,b7a8f6b9,2026-01-12,Opus 4.5,no,src/components/foods/AppsSVG.jsx,"stroke=""#D4AA4A"""
hex-in-components,b7a8f6b9,2026-01-12,Opus 4.5,no,src/components/foods/AppsSVG.jsx,"stroke=""#B08030"""
hex-in-components,b7a8f6b9,2026-01-12,Opus 4.5,no,src/components/foods/AppsSVG.jsx,"<ellipse cx=""-4"" cy=""-2"" rx=""3"" ry=""1.5"" fill=""#E8C060"" opacity=""0.4"" />"
hex-in-components,b7a8f6b9,2026-01-12,Opus 4.5,no,src/components/foods/AppsSVG.jsx,"<stop offset=""0%"" stopColor=""#FAFAFA"" />"
hex-in-components,b7a8f6b9,2026-01-12,Opus 4.5,no,src/components/foods/AppsSVG.jsx,"<stop offset=""100%"" stopColor=""#E8E8E8"" />"
hex-in-components,b7a8f6b9,2026-01-12,Opus 4.5,no,src/components/foods/AppsSVG.jsx,"<stop offset=""0%"" stopColor=""#C62828"" />"
hex-in-components,b7a8f6b9,2026-01-12,Opus 4.5,no,src/components/foods/AppsSVG.jsx,"<stop offset=""100%"" stopColor=""#8B0000"" />"
hex-in-components,b7a8f6b9,2026-01-12,Opus 4.5,no,src/components/foods/AppsSVG.jsx,"<stop offset=""0%"" stopColor=""#FAFAFA"" />"
hex-in-components,b7a8f6b9,2026-01-12,Opus 4.5,no,src/components/foods/AppsSVG.jsx,"<stop offset=""100%"" stopColor=""#F0E8E0"" />"
hex-in-components,b7a8f6b9,2026-01-12,Opus 4.5,no,src/components/foods/AppsSVG.jsx,"<ellipse cx=""50"" cy=""52"" rx=""42"" ry=""26"" fill=""#F8F8F8"" />"
hex-in-components,b7a8f6b9,2026-01-12,Opus 4.5,no,src/components/foods/AppsSVG.jsx,"<ellipse cx=""50"" cy=""52"" rx=""46"" ry=""30"" fill=""none"" stroke=""#E0E0E0"" strokeWidth=""2"" />"
hex-in-components,b7a8f6b9,2026-01-12,Opus 4.5,no,src/components/foods/AppsSVG.jsx,"<ellipse cx=""50"" cy=""50"" rx=""36"" ry=""22"" fill=""#FFF8E7"" opacity=""0.6"" />"
hex-in-components,b7a8f6b9,2026-01-12,Opus 4.5,no,src/components/foods/AppsSVG.jsx,"<ellipse cx=""0"" cy=""5"" rx=""9"" ry=""4"" fill=""#D0D0D0"" />"
hex-in-components,b7a8f6b9,2026-01-12,Opus 4.5,no,src/components/foods/AppsSVG.jsx,"<rect x=""-9"" y=""0"" width=""18"" height=""6"" fill=""#E0E0E0"" />"
hex-in-components,b7a8f6b9,2026-01-12,Opus 4.5,no,src/components/foods/AppsSVG.jsx,"<ellipse cx=""0"" cy=""0"" rx=""9"" ry=""4"" fill=""#D0D0D0"" />"
hex-in-components,b7a8f6b9,2026-01-12,Opus 4.5,no,src/components/foods/AppsSVG.jsx,"<ellipse cx=""-2"" cy=""-1"" rx=""2"" ry=""1"" fill=""#D33030"" opacity=""0.4"" />"
hex-in-components,b7a8f6b9,2026-01-12,Opus 4.5,no,src/components/foods/AppsSVG.jsx,"<ellipse cx=""0"" cy=""5"" rx=""9"" ry=""4"" fill=""#D0D0D0"" />"
hex-in-components,b7a8f6b9,2026-01-12,Opus 4.5,no,src/components/foods/AppsSVG.jsx,"<rect x=""-9"" y=""0"" width=""18"" height=""6"" fill=""#E0E0E0"" />"
hex-in-components,b7a8f6b9,2026-01-12,Opus 4.5,no,src/components/foods/AppsSVG.jsx,"<ellipse cx=""0"" cy=""0"" rx=""9"" ry=""4"" fill=""#D0D0D0"" />"
hex-in-components,b7a8f6b9,2026-01-12,Opus 4.5,no,src/components/foods/AppsSVG.jsx,"<circle cx=""-2"" cy=""0"" r=""0.5"" fill=""#228B22"" opacity=""0.4"" />"
hex-in-components,b7a8f6b9,2026-01-12,Opus 4.5,no,src/components/foods/AppsSVG.jsx,"<circle cx=""2"" cy=""-1"" r=""0.4"" fill=""#228B22"" opacity=""0.3"" />"
hex-in-components,b7a8f6b9,2026-01-12,Opus 4.5,no,src/components/foods/AppsSVG.jsx,"<circle cx=""50"" cy=""68"" r=""2.5"" fill=""#228B22"" opacity=""0.7"" />"
hex-in-components,b7a8f6b9,2026-01-12,Opus 4.5,no,src/components/foods/AppsSVG.jsx,"<circle cx=""53"" cy=""66"" r=""2"" fill=""#2E8B2E"" opacity=""0.6"" />"
hex-in-components,b7a8f6b9,2026-01-12,Opus 4.5,no,src/components/foods/BreakfastSVG.jsx,"<stop offset=""0%"" stopColor=""#FAFAFA"" />"
hex-in-components,b7a8f6b9,2026-01-12,Opus 4.5,no,src/components/foods/BreakfastSVG.jsx,"<stop offset=""100%"" stopColor=""#E8E8E8"" />"
hex-in-components,b7a8f6b9,2026-01-12,Opus 4.5,no,src/components/foods/BreakfastSVG.jsx,"<stop offset=""0%"" stopColor=""#FFD700"" />"
hex-in-components,b7a8f6b9,2026-01-12,Opus 4.5,no,src/components/foods/BreakfastSVG.jsx,"<stop offset=""100%"" stopColor=""#FFA500"" />"
hex-in-components,b7a8f6b9,2026-01-12,Opus 4.5,no,src/components/foods/BreakfastSVG.jsx,"<ellipse cx=""50"" cy=""52"" rx=""42"" ry=""28"" fill=""#F8F8F8"" />"
hex-in-components,b7a8f6b9,2026-01-12,Opus 4.5,no,src/components/foods/BreakfastSVG.jsx,"<ellipse cx=""50"" cy=""52"" rx=""46"" ry=""32"" fill=""none"" stroke=""#E0E0E0"" strokeWidth=""2"" />"
hex-in-components,b7a8f6b9,2026-01-12,Opus 4.5,no,src/components/foods/BreakfastSVG.jsx,"<rect x=""0"" y=""0"" width=""22"" height=""24"" rx=""2"" fill=""#D4A04A"" />"
hex-in-components,b7a8f6b9,2026-01-12,Opus 4.5,no,src/components/foods/BreakfastSVG.jsx,"<rect x=""2"" y=""2"" width=""18"" height=""20"" rx=""1"" fill=""#F5DEB3"" />"
hex-in-components,b7a8f6b9,2026-01-12,Opus 4.5,no,src/components/foods/BreakfastSVG.jsx,"<rect x=""6"" y=""8"" width=""10"" height=""6"" rx=""1"" fill=""#FFF8DC"" />"
hex-in-components,b7a8f6b9,2026-01-12,Opus 4.5,no,src/components/foods/BreakfastSVG.jsx,"<rect x=""7"" y=""9"" width=""8"" height=""4"" rx=""0.5"" fill=""#FFFACD"" opacity=""0.8"" />"
hex-in-components,b7a8f6b9,2026-01-12,Opus 4.5,no,src/components/foods/BreakfastSVG.jsx,"<ellipse cx=""0"" cy=""0"" rx=""14"" ry=""10"" fill=""#C49A6C"" />"
hex-in-components,b7a8f6b9,2026-01-12,Opus 4.5,no,src/components/foods/BreakfastSVG.jsx,"<ellipse cx=""0"" cy=""-1"" rx=""12"" ry=""8"" fill=""#D4AA7C"" />"
hex-in-components,b7a8f6b9,2026-01-12,Opus 4.5,no,src/components/foods/BreakfastSVG.jsx,"<ellipse cx=""-5"" cy=""-3"" rx=""4"" ry=""2"" fill=""#B08050"" opacity=""0.6"" />"
hex-in-components,b7a8f6b9,2026-01-12,Opus 4.5,no,src/components/foods/BreakfastSVG.jsx,"<ellipse cx=""4"" cy=""-2"" rx=""3"" ry=""2"" fill=""#B08050"" opacity=""0.5"" />"
hex-in-components,b7a8f6b9,2026-01-12,Opus 4.5,no,src/components/foods/BreakfastSVG.jsx,"<ellipse cx=""0"" cy=""2"" rx=""5"" ry=""2"" fill=""#C09060"" opacity=""0.4"" />"
hex-in-components,b7a8f6b9,2026-01-12,Opus 4.5,no,src/components/foods/BreakfastSVG.jsx,"<ellipse cx=""-3"" cy=""-4"" rx=""3"" ry=""1.5"" fill=""#E8C080"" opacity=""0.5"" />"
hex-in-components,b7a8f6b9,2026-01-12,Opus 4.5,no,src/components/foods/BreakfastSVG.jsx,"<ellipse cx=""5"" cy=""-3"" rx=""2"" ry=""1"" fill=""#E8C080"" opacity=""0.4"" />"
hex-in-components,b7a8f6b9,2026-01-12,Opus 4.5,no,src/components/foods/BreakfastSVG.jsx,"stroke=""#8B0000"""
hex-in-components,b7a8f6b9,2026-01-12,Opus 4.5,no,src/components/foods/BreakfastSVG.jsx,"stroke=""#CD5C5C"""
hex-in-components,b7a8f6b9,2026-01-12,Opus 4.5,no,src/components/foods/BreakfastSVG.jsx,"stroke=""#F5DEB3"""
hex-in-components,b7a8f6b9,2026-01-12,Opus 4.5,no,src/components/foods/BreakfastSVG.jsx,"stroke=""#F5DEB3"""
hex-in-components,b7a8f6b9,2026-01-12,Opus 4.5,no,src/components/foods/BreakfastSVG.jsx,"stroke=""#F5DEB3"""
hex-in-components,b7a8f6b9,2026-01-12,Opus 4.5,no,src/components/foods/BreakfastSVG.jsx,"stroke=""#8B0000"""
hex-in-components,b7a8f6b9,2026-01-12,Opus 4.5,no,src/components/foods/BreakfastSVG.jsx,"stroke=""#CD5C5C"""
hex-in-components,b7a8f6b9,2026-01-12,Opus 4.5,no,src/components/foods/BreakfastSVG.jsx,"stroke=""#F5DEB3"""
hex-in-components,b7a8f6b9,2026-01-12,Opus 4.5,no,src/components/foods/BreakfastSVG.jsx,"stroke=""#F5DEB3"""
hex-in-components,b7a8f6b9,2026-01-12,Opus 4.5,no,src/components/foods/BreakfastSVG.jsx,"fill=""#FAFAFA"""
hex-in-components,b7a8f6b9,2026-01-12,Opus 4.5,no,src/components/foods/BreakfastSVG.jsx,"fill=""#FFF"""
hex-in-components,b7a8f6b9,2026-01-12,Opus 4.5,no,src/components/foods/BreakfastSVG.jsx,"stroke=""#FFA500"""
hex-in-components,b7a8f6b9,2026-01-12,Opus 4.5,no,src/components/foods/BreakfastSVG.jsx,"<ellipse cx=""0"" cy=""0"" rx=""2"" ry=""1.5"" fill=""#FFE55C"" opacity=""0.6"" />"
hex-in-components,b7a8f6b9,2026-01-12,Opus 4.5,no,src/components/foods/BreakfastSVG.jsx,"fill=""#FAFAFA"""
hex-in-components,b7a8f6b9,2026-01-12,Opus 4.5,no,src/components/foods/BreakfastSVG.jsx,"fill=""#FFF"""
hex-in-components,b7a8f6b9,2026-01-12,Opus 4.5,no,src/components/foods/BreakfastSVG.jsx,"<ellipse cx=""0"" cy=""0"" rx=""1.5"" ry=""1"" fill=""#FFE55C"" opacity=""0.6"" />"
hex-in-components,b7a8f6b9,2026-01-12,Opus 4.5,no,src/components/foods/BreakfastSVG.jsx,"<circle cx=""38"" cy=""44"" r=""0.6"" fill=""#333"" />"
hex-in-components,b7a8f6b9,2026-01-12,Opus 4.5,no,src/components/foods/BreakfastSVG.jsx,"<circle cx=""42"" cy=""40"" r=""0.5"" fill=""#333"" />"
hex-in-components,b7a8f6b9,2026-01-12,Opus 4.5,no,src/components/foods/BreakfastSVG.jsx,"<circle cx=""56"" cy=""38"" r=""0.6"" fill=""#333"" />"
hex-in-components,b7a8f6b9,2026-01-12,Opus 4.5,no,src/components/foods/BreakfastSVG.jsx,"<circle cx=""62"" cy=""42"" r=""0.5"" fill=""#333"" />"
hex-in-components,b7a8f6b9,2026-01-12,Opus 4.5,no,src/components/foods/BreakfastSVG.jsx,"<circle cx=""0"" cy=""0"" r=""2.5"" fill=""#228B22"" opacity=""0.8"" />"
hex-in-components,b7a8f6b9,2026-01-12,Opus 4.5,no,src/components/foods/BreakfastSVG.jsx,"<circle cx=""3"" cy=""-2"" r=""2"" fill=""#2E8B2E"" opacity=""0.7"" />"
hex-in-components,b7a8f6b9,2026-01-12,Opus 4.5,no,src/components/foods/BreakfastSVG.jsx,"<circle cx=""-2"" cy=""2"" r=""1.5"" fill=""#228B22"" opacity=""0.7"" />"
hex-in-components,b7a8f6b9,2026-01-12,Opus 4.5,no,src/components/foods/BreakfastSandwichSVG.jsx,"<stop offset=""0%"" stopColor=""#D4A056"" />"
hex-in-components,b7a8f6b9,2026-01-12,Opus 4.5,no,src/components/foods/BreakfastSandwichSVG.jsx,"<stop offset=""50%"" stopColor=""#C4893D"" />"
hex-in-components,b7a8f6b9,2026-01-12,Opus 4.5,no,src/components/foods/BreakfastSandwichSVG.jsx,"<stop offset=""100%"" stopColor=""#A67332"" />"
hex-in-components,b7a8f6b9,2026-01-12,Opus 4.5,no,src/components/foods/BreakfastSandwichSVG.jsx,"<stop offset=""0%"" stopColor=""#F5DEB3"" />"
hex-in-components,b7a8f6b9,2026-01-12,Opus 4.5,no,src/components/foods/BreakfastSandwichSVG.jsx,"<stop offset=""100%"" stopColor=""#DEB887"" />"
hex-in-components,b7a8f6b9,2026-01-12,Opus 4.5,no,src/components/foods/BreakfastSandwichSVG.jsx,"<stop offset=""0%"" stopColor=""#FFD54F"" />"
hex-in-components,b7a8f6b9,2026-01-12,Opus 4.5,no,src/components/foods/BreakfastSandwichSVG.jsx,"<stop offset=""100%"" stopColor=""#FFC107"" />"
hex-in-components,b7a8f6b9,2026-01-12,Opus 4.5,no,src/components/foods/BreakfastSandwichSVG.jsx,"<ellipse cx=""50"" cy=""72"" rx=""10"" ry=""4"" fill=""#A67332"" opacity=""0.3"" />"
hex-in-components,b7a8f6b9,2026-01-12,Opus 4.5,no,src/components/foods/BreakfastSandwichSVG.jsx,"stroke=""#8B0000"""
hex-in-components,b7a8f6b9,2026-01-12,Opus 4.5,no,src/components/foods/BreakfastSandwichSVG.jsx,"stroke=""#A52A2A"""
hex-in-components,b7a8f6b9,2026-01-12,Opus 4.5,no,src/components/foods/BreakfastSandwichSVG.jsx,"stroke=""#F5DEB3"""
hex-in-components,b7a8f6b9,2026-01-12,Opus 4.5,no,src/components/foods/BreakfastSandwichSVG.jsx,"stroke=""#8B0000"""
hex-in-components,b7a8f6b9,2026-01-12,Opus 4.5,no,src/components/foods/BreakfastSandwichSVG.jsx,"stroke=""#A52A2A"""
hex-in-components,b7a8f6b9,2026-01-12,Opus 4.5,no,src/components/foods/BreakfastSandwichSVG.jsx,"stroke=""#F5DEB3"""
hex-in-components,b7a8f6b9,2026-01-12,Opus 4.5,no,src/components/foods/BreakfastSandwichSVG.jsx,"<ellipse cx=""50"" cy=""44"" rx=""28"" ry=""10"" fill=""#FAFAFA"" />"
hex-in-components,b7a8f6b9,2026-01-12,Opus 4.5,no,src/components/foods/BreakfastSandwichSVG.jsx,"<ellipse cx=""43"" cy=""40"" rx=""3"" ry=""2"" fill=""#FFE082"" opacity=""0.6"" />"
hex-in-components,b7a8f6b9,2026-01-12,Opus 4.5,no,src/components/foods/BreakfastSandwichSVG.jsx,"fill=""#FFC107"""
hex-in-components,b7a8f6b9,2026-01-12,Opus 4.5,no,src/components/foods/BreakfastSandwichSVG.jsx,"fill=""#FFD54F"""
hex-in-components,b7a8f6b9,2026-01-12,Opus 4.5,no,src/components/foods/BreakfastSandwichSVG.jsx,"<ellipse cx=""45"" cy=""24"" rx=""20"" ry=""6"" fill=""#DEB887"" opacity=""0.3"" />"
hex-in-components,b7a8f6b9,2026-01-12,Opus 4.5,no,src/components/foods/BreakfastSandwichSVG.jsx,"<ellipse cx=""50"" cy=""28"" rx=""10"" ry=""5"" fill=""#A67332"" />"
hex-in-components,b7a8f6b9,2026-01-12,Opus 4.5,no,src/components/foods/BreakfastSandwichSVG.jsx,"<ellipse cx=""50"" cy=""28"" rx=""8"" ry=""4"" fill=""#8B6914"" />"
hex-in-components,b7a8f6b9,2026-01-12,Opus 4.5,no,src/components/foods/BreakfastSandwichSVG.jsx,"<ellipse cx=""30"" cy=""22"" rx=""2.5"" ry=""1.2"" fill=""#FFF8E1"" />"
hex-in-components,b7a8f6b9,2026-01-12,Opus 4.5,no,src/components/foods/BreakfastSandwichSVG.jsx,"<ellipse cx=""70"" cy=""22"" rx=""2.5"" ry=""1.2"" fill=""#FFF8E1"" />"
hex-in-components,b7a8f6b9,2026-01-12,Opus 4.5,no,src/components/foods/BreakfastSandwichSVG.jsx,"<ellipse cx=""40"" cy=""18"" rx=""2"" ry=""1"" fill=""#FFF8E1"" />"
hex-in-components,b7a8f6b9,2026-01-12,Opus 4.5,no,src/components/foods/BreakfastSandwichSVG.jsx,"<ellipse cx=""60"" cy=""18"" rx=""2"" ry=""1"" fill=""#FFF8E1"" />"
hex-in-components,b7a8f6b9,2026-01-12,Opus 4.5,no,src/components/foods/BreakfastSandwichSVG.jsx,"<ellipse cx=""35"" cy=""32"" rx=""2"" ry=""1"" fill=""#FFF8E1"" />"
hex-in-components,b7a8f6b9,2026-01-12,Opus 4.5,no,src/components/foods/BreakfastSandwichSVG.jsx,"<ellipse cx=""65"" cy=""32"" rx=""2"" ry=""1"" fill=""#FFF8E1"" />"
hex-in-components,b7a8f6b9,2026-01-12,Opus 4.5,no,src/components/foods/BreakfastSandwichSVG.jsx,"<circle cx=""25"" cy=""26"" r=""1"" fill=""#1A1A1A"" />"
hex-in-components,b7a8f6b9,2026-01-12,Opus 4.5,no,src/components/foods/BreakfastSandwichSVG.jsx,"<circle cx=""45"" cy=""20"" r=""1"" fill=""#1A1A1A"" />"
hex-in-components,b7a8f6b9,2026-01-12,Opus 4.5,no,src/components/foods/BreakfastSandwichSVG.jsx,"<circle cx=""55"" cy=""34"" r=""1"" fill=""#1A1A1A"" />"
hex-in-components,b7a8f6b9,2026-01-12,Opus 4.5,no,src/components/foods/BreakfastSandwichSVG.jsx,"<circle cx=""75"" cy=""26"" r=""1"" fill=""#1A1A1A"" />"
hex-in-components,b7a8f6b9,2026-01-12,Opus 4.5,no,src/components/foods/BreakfastSandwichSVG.jsx,"<circle cx=""38"" cy=""28"" r=""0.8"" fill=""#1A1A1A"" />"
hex-in-components,b7a8f6b9,2026-01-12,Opus 4.5,no,src/components/foods/BreakfastSandwichSVG.jsx,"<circle cx=""62"" cy=""24"" r=""0.8"" fill=""#1A1A1A"" />"
hex-in-components,b7a8f6b9,2026-01-12,Opus 4.5,no,src/components/foods/BreakfastSandwichSVG.jsx,"<ellipse cx=""32"" cy=""24"" rx=""2"" ry=""1"" fill=""#E8D5B7"" opacity=""0.8"" />"
hex-in-components,b7a8f6b9,2026-01-12,Opus 4.5,no,src/components/foods/BreakfastSandwichSVG.jsx,"<ellipse cx=""52"" cy=""16"" rx=""1.5"" ry=""0.8"" fill=""#E8D5B7"" opacity=""0.8"" />"
hex-in-components,b7a8f6b9,2026-01-12,Opus 4.5,no,src/components/foods/BreakfastSandwichSVG.jsx,"<ellipse cx=""68"" cy=""30"" rx=""2"" ry=""1"" fill=""#E8D5B7"" opacity=""0.8"" />"
hex-in-components,b7a8f6b9,2026-01-12,Opus 4.5,no,src/components/foods/BreakfastSandwichSVG.jsx,"stroke=""#F5DEB3"""
hex-in-components,b7a8f6b9,2026-01-12,Opus 4.5,no,src/components/foods/BreakfastSandwichSVG.jsx,"<circle cx={biteX - 2} cy=""42"" r=""4"" fill=""#FAFAFA"" />"
hex-in-components,b7a8f6b9,2026-01-12,Opus 4.5,no,src/components/foods/BreakfastSandwichSVG.jsx,"<circle cx={biteX - 3} cy=""41"" r=""2"" fill=""#FFD54F"" />"
hex-in-components,b7a8f6b9,2026-01-12,Opus 4.5,no,src/components/foods/BreakfastSandwichSVG.jsx,"stroke=""#FFC107"""
hex-in-components,b7a8f6b9,2026-01-12,Opus 4.5,no,src/components/foods/BreakfastSandwichSVG.jsx,"<rect x={biteX - 4} y=""52"" width=""5"" height=""3"" rx=""1"" fill=""#A52A2A"" />"
hex-in-components,b7a8f6b9,2026-01-12,Opus 4.5,no,src/components/foods/BreakfastSandwichSVG.jsx,"<rect x={biteX - 3} y=""56"" width=""4"" height=""3"" rx=""1"" fill=""#8B0000"" />"
hex-in-components,b7a8f6b9,2026-01-12,Opus 4.5,no,src/components/foods/BurgerSVG.jsx,"<stop offset=""0%"" stopColor=""#E8B04B"" />"
hex-in-components,b7a8f6b9,2026-01-12,Opus 4.5,no,src/components/foods/BurgerSVG.jsx,"<stop offset=""40%"" stopColor=""#D99A3E"" />"
hex-in-components,b7a8f6b9,2026-01-12,Opus 4.5,no,src/components/foods/BurgerSVG.jsx,"<stop offset=""100%"" stopColor=""#C4862F"" />"
hex-in-components,b7a8f6b9,2026-01-12,Opus 4.5,no,src/components/foods/BurgerSVG.jsx,"<stop offset=""0%"" stopColor=""#D99A3E"" />"
hex-in-components,b7a8f6b9,2026-01-12,Opus 4.5,no,src/components/foods/BurgerSVG.jsx,"<stop offset=""100%"" stopColor=""#B87325"" />"
hex-in-components,b7a8f6b9,2026-01-12,Opus 4.5,no,src/components/foods/BurgerSVG.jsx,"<stop offset=""0%"" stopColor=""#5C3D2E"" />"
hex-in-components,b7a8f6b9,2026-01-12,Opus 4.5,no,src/components/foods/BurgerSVG.jsx,"<stop offset=""50%"" stopColor=""#4A2F22"" />"
hex-in-components,b7a8f6b9,2026-01-12,Opus 4.5,no,src/components/foods/BurgerSVG.jsx,"<stop offset=""100%"" stopColor=""#3D261C"" />"
hex-in-components,b7a8f6b9,2026-01-12,Opus 4.5,no,src/components/foods/BurgerSVG.jsx,"<stop offset=""0%"" stopColor=""#FFD54F"" />"
hex-in-components,b7a8f6b9,2026-01-12,Opus 4.5,no,src/components/foods/BurgerSVG.jsx,"<stop offset=""100%"" stopColor=""#FFCA28"" />"
hex-in-components,b7a8f6b9,2026-01-12,Opus 4.5,no,src/components/foods/BurgerSVG.jsx,"stroke=""#E8B04B"""
hex-in-components,b7a8f6b9,2026-01-12,Opus 4.5,no,src/components/foods/BurgerSVG.jsx,"<line x1=""25"" y1=""56"" x2=""35"" y2=""56"" stroke=""#2D1810"" strokeWidth=""1.5"" opacity=""0.3"" />"
hex-in-components,b7a8f6b9,2026-01-12,Opus 4.5,no,src/components/foods/BurgerSVG.jsx,"<line x1=""45"" y1=""57"" x2=""55"" y2=""57"" stroke=""#2D1810"" strokeWidth=""1.5"" opacity=""0.3"" />"
hex-in-components,b7a8f6b9,2026-01-12,Opus 4.5,no,src/components/foods/BurgerSVG.jsx,"<line x1=""65"" y1=""56"" x2=""75"" y2=""56"" stroke=""#2D1810"" strokeWidth=""1.5"" opacity=""0.3"" />"
hex-in-components,b7a8f6b9,2026-01-12,Opus 4.5,no,src/components/foods/BurgerSVG.jsx,"fill=""#4CAF50"""
hex-in-components,b7a8f6b9,2026-01-12,Opus 4.5,no,src/components/foods/BurgerSVG.jsx,"stroke=""#66BB6A"""
hex-in-components,b7a8f6b9,2026-01-12,Opus 4.5,no,src/components/foods/BurgerSVG.jsx,"<ellipse cx=""32"" cy=""43"" rx=""14"" ry=""4"" fill=""#E53935"" />"
hex-in-components,b7a8f6b9,2026-01-12,Opus 4.5,no,src/components/foods/BurgerSVG.jsx,"<ellipse cx=""32"" cy=""43"" rx=""10"" ry=""2.5"" fill=""#EF5350"" />"
hex-in-components,b7a8f6b9,2026-01-12,Opus 4.5,no,src/components/foods/BurgerSVG.jsx,"<ellipse cx=""68"" cy=""43"" rx=""12"" ry=""3.5"" fill=""#E53935"" />"
hex-in-components,b7a8f6b9,2026-01-12,Opus 4.5,no,src/components/foods/BurgerSVG.jsx,"<ellipse cx=""68"" cy=""43"" rx=""8"" ry=""2"" fill=""#EF5350"" />"
hex-in-components,b7a8f6b9,2026-01-12,Opus 4.5,no,src/components/foods/BurgerSVG.jsx,"<ellipse cx=""50"" cy=""39"" rx=""10"" ry=""2.5"" fill=""none"" stroke=""#F3E5F5"" strokeWidth=""2.5"" />"
hex-in-components,b7a8f6b9,2026-01-12,Opus 4.5,no,src/components/foods/BurgerSVG.jsx,"<ellipse cx=""35"" cy=""37"" rx=""6"" ry=""1.5"" fill=""none"" stroke=""#F3E5F5"" strokeWidth=""2"" />"
hex-in-components,b7a8f6b9,2026-01-12,Opus 4.5,no,src/components/foods/BurgerSVG.jsx,"<ellipse cx=""65"" cy=""38"" rx=""7"" ry=""2"" fill=""none"" stroke=""#F3E5F5"" strokeWidth=""2"" />"
hex-in-components,b7a8f6b9,2026-01-12,Opus 4.5,no,src/components/foods/BurgerSVG.jsx,"<ellipse cx=""40"" cy=""20"" rx=""15"" ry=""5"" fill=""#F5D67A"" opacity=""0.3"" />"
hex-in-components,b7a8f6b9,2026-01-12,Opus 4.5,no,src/components/foods/BurgerSVG.jsx,"<ellipse cx=""30"" cy=""20"" rx=""3.5"" ry=""1.8"" fill=""#FFF8E1"" />"
hex-in-components,b7a8f6b9,2026-01-12,Opus 4.5,no,src/components/foods/BurgerSVG.jsx,"<ellipse cx=""50"" cy=""16"" rx=""3.5"" ry=""1.8"" fill=""#FFF8E1"" />"
hex-in-components,b7a8f6b9,2026-01-12,Opus 4.5,no,src/components/foods/BurgerSVG.jsx,"<ellipse cx=""70"" cy=""20"" rx=""3.5"" ry=""1.8"" fill=""#FFF8E1"" />"
hex-in-components,b7a8f6b9,2026-01-12,Opus 4.5,no,src/components/foods/BurgerSVG.jsx,"<ellipse cx=""40"" cy=""26"" rx=""3"" ry=""1.5"" fill=""#FFF8E1"" />"
hex-in-components,b7a8f6b9,2026-01-12,Opus 4.5,no,src/components/foods/BurgerSVG.jsx,"<ellipse cx=""60"" cy=""26"" rx=""3"" ry=""1.5"" fill=""#FFF8E1"" />"
hex-in-components,b7a8f6b9,2026-01-12,Opus 4.5,no,src/components/foods/BurgerSVG.jsx,"<ellipse cx=""35"" cy=""32"" rx=""2.5"" ry=""1.3"" fill=""#FFF8E1"" />"
hex-in-components,b7a8f6b9,2026-01-12,Opus 4.5,no,src/components/foods/BurgerSVG.jsx,"<ellipse cx=""55"" cy=""32"" rx=""2.5"" ry=""1.3"" fill=""#FFF8E1"" />"
hex-in-components,b7a8f6b9,2026-01-12,Opus 4.5,no,src/components/foods/BurgerSVG.jsx,"<ellipse cx=""75"" cy=""28"" rx=""2.5"" ry=""1.3"" fill=""#FFF8E1"" />"
hex-in-components,b7a8f6b9,2026-01-12,Opus 4.5,no,src/components/foods/BurgerSVG.jsx,"<ellipse cx=""25"" cy=""28"" rx=""2.5"" ry=""1.3"" fill=""#FFF8E1"" />"
hex-in-components,b7a8f6b9,2026-01-12,Opus 4.5,no,src/components/foods/BurgerSVG.jsx,"fill=""#FFF8E7"""
hex-in-components,b7a8f6b9,2026-01-12,Opus 4.5,no,src/components/foods/BurgerSVG.jsx,"stroke=""#F5DEB3"""
hex-in-components,b7a8f6b9,2026-01-12,Opus 4.5,no,src/components/foods/BurgerSVG.jsx,"<circle cx={biteX - 3} cy=""20"" r=""1.5"" fill=""#FFFAF0"" opacity=""0.7"" />"
hex-in-components,b7a8f6b9,2026-01-12,Opus 4.5,no,src/components/foods/BurgerSVG.jsx,"<circle cx={biteX - 2} cy=""28"" r=""1"" fill=""#FFFAF0"" opacity=""0.6"" />"
hex-in-components,b7a8f6b9,2026-01-12,Opus 4.5,no,src/components/foods/BurgerSVG.jsx,"<circle cx={biteX - 4} cy=""34"" r=""1.2"" fill=""#FFFAF0"" opacity=""0.7"" />"
hex-in-components,b7a8f6b9,2026-01-12,Opus 4.5,no,src/components/foods/BurgerSVG.jsx,"<ellipse cx={biteX - 3} cy=""58"" rx=""5"" ry=""3"" fill=""#8B5A3C"" />"
hex-in-components,b7a8f6b9,2026-01-12,Opus 4.5,no,src/components/foods/BurgerSVG.jsx,"<ellipse cx={biteX - 4} cy=""57"" rx=""3"" ry=""2"" fill=""#A0695C"" opacity=""0.8"" />"
hex-in-components,b7a8f6b9,2026-01-12,Opus 4.5,no,src/components/foods/BurgerSVG.jsx,"stroke=""#8B4513"""
hex-in-components,b7a8f6b9,2026-01-12,Opus 4.5,no,src/components/foods/BurgerSVG.jsx,"<ellipse cx={biteX - 1} cy=""72"" rx=""2"" ry=""1"" fill=""#8B4513"" opacity=""0.4"" />"
hex-in-components,b7a8f6b9,2026-01-12,Opus 4.5,no,src/components/foods/BurgerSVG.jsx,"stroke=""#FFD54F"""
hex-in-components,b7a8f6b9,2026-01-12,Opus 4.5,no,src/components/foods/BurgerSVG.jsx,"fill=""#FFCA28"""
hex-in-components,b7a8f6b9,2026-01-12,Opus 4.5,no,src/components/foods/BurgerSVG.jsx,"stroke=""#66BB6A"""
hex-in-components,b7a8f6b9,2026-01-12,Opus 4.5,no,src/components/foods/BurgerSVG.jsx,"stroke=""#4CAF50"""
hex-in-components,b7a8f6b9,2026-01-12,Opus 4.5,no,src/components/foods/BurgerSVG.jsx,"<ellipse cx={biteX - 4} cy=""43"" rx=""4"" ry=""2"" fill=""#E53935"" />"
hex-in-components,b7a8f6b9,2026-01-12,Opus 4.5,no,src/components/foods/BurgerSVG.jsx,"<ellipse cx={biteX - 4} cy=""42"" rx=""2.5"" ry=""1"" fill=""#EF5350"" opacity=""0.8"" />"
hex-in-components,b7a8f6b9,2026-01-12,Opus 4.5,no,src/components/foods/BurgerSVG.jsx,"stroke=""#F3E5F5"""
hex-in-components,b7a8f6b9,2026-01-12,Opus 4.5,no,src/components/foods/BurgerSVG.jsx,"<ellipse cx={biteX - 5} cy=""68"" rx=""4"" ry=""1.5"" fill=""#FF6B35"" opacity=""0.3"" />"
hex-in-components,b7a8f6b9,2026-01-12,Opus 4.5,no,src/components/foods/BurgerSVG.jsx,"fill=""#8B4513"""
hex-in-components,b7a8f6b9,2026-01-12,Opus 4.5,no,src/components/foods/ChowderSVG.jsx,"<stop offset=""0%"" stopColor=""#F5F5F5"" />"
hex-in-components,b7a8f6b9,2026-01-12,Opus 4.5,no,src/components/foods/ChowderSVG.jsx,"<stop offset=""100%"" stopColor=""#D0D0D0"" />"
hex-in-components,b7a8f6b9,2026-01-12,Opus 4.5,no,src/components/foods/ChowderSVG.jsx,"<stop offset=""0%"" stopColor=""#FFF8DC"" />"
hex-in-components,b7a8f6b9,2026-01-12,Opus 4.5,no,src/components/foods/ChowderSVG.jsx,"<stop offset=""50%"" stopColor=""#F5E6C8"" />"
hex-in-components,b7a8f6b9,2026-01-12,Opus 4.5,no,src/components/foods/ChowderSVG.jsx,"<stop offset=""100%"" stopColor=""#E8D5B0"" />"
hex-in-components,b7a8f6b9,2026-01-12,Opus 4.5,no,src/components/foods/ChowderSVG.jsx,"<ellipse cx=""50"" cy=""75"" rx=""42"" ry=""12"" fill=""#C49A6C"" />"
hex-in-components,b7a8f6b9,2026-01-12,Opus 4.5,no,src/components/foods/ChowderSVG.jsx,"fill=""#D4AA7C"""
hex-in-components,b7a8f6b9,2026-01-12,Opus 4.5,no,src/components/foods/ChowderSVG.jsx,"<ellipse cx=""50"" cy=""55"" rx=""36"" ry=""17"" fill=""#E8E8E8"" />"
hex-in-components,b7a8f6b9,2026-01-12,Opus 4.5,no,src/components/foods/ChowderSVG.jsx,"<ellipse cx=""50"" cy=""55"" rx=""34"" ry=""15"" fill=""#F0F0F0"" />"
hex-in-components,b7a8f6b9,2026-01-12,Opus 4.5,no,src/components/foods/ChowderSVG.jsx,"stroke=""#FFFAF0"""
hex-in-components,b7a8f6b9,2026-01-12,Opus 4.5,no,src/components/foods/ChowderSVG.jsx,"<ellipse cx=""35"" cy={52 + (1 - chowderLevel) * 10} rx=""4"" ry=""2"" fill=""#E8D0B8"" />"
hex-in-components,b7a8f6b9,2026-01-12,Opus 4.5,no,src/components/foods/ChowderSVG.jsx,"<ellipse cx=""50"" cy={50 + (1 - chowderLevel) * 10} rx=""3"" ry=""2"" fill=""#DCC0A8"" />"
hex-in-components,b7a8f6b9,2026-01-12,Opus 4.5,no,src/components/foods/ChowderSVG.jsx,"<ellipse cx=""62"" cy={53 + (1 - chowderLevel) * 10} rx=""4"" ry=""2"" fill=""#E8D0B8"" />"
hex-in-components,b7a8f6b9,2026-01-12,Opus 4.5,no,src/components/foods/ChowderSVG.jsx,"<rect x=""40"" y={54 + (1 - chowderLevel) * 10} width=""5"" height=""4"" rx=""1"" fill=""#F0E0C8"" />"
hex-in-components,b7a8f6b9,2026-01-12,Opus 4.5,no,src/components/foods/ChowderSVG.jsx,"<rect x=""55"" y={52 + (1 - chowderLevel) * 10} width=""4"" height=""4"" rx=""1"" fill=""#E8D8C0"" />"
hex-in-components,b7a8f6b9,2026-01-12,Opus 4.5,no,src/components/foods/ChowderSVG.jsx,"<rect x=""30"" y={55 + (1 - chowderLevel) * 10} width=""4"" height=""3"" rx=""1"" fill=""#F0E0C8"" />"
hex-in-components,b7a8f6b9,2026-01-12,Opus 4.5,no,src/components/foods/ChowderSVG.jsx,"<circle cx=""38"" cy={51 + (1 - chowderLevel) * 10} r=""0.8"" fill=""#333"" opacity=""0.5"" />"
hex-in-components,b7a8f6b9,2026-01-12,Opus 4.5,no,src/components/foods/ChowderSVG.jsx,"<circle cx=""52"" cy={49 + (1 - chowderLevel) * 10} r=""0.6"" fill=""#333"" opacity=""0.5"" />"
hex-in-components,b7a8f6b9,2026-01-12,Opus 4.5,no,src/components/foods/ChowderSVG.jsx,"<circle cx=""65"" cy={51 + (1 - chowderLevel) * 10} r=""0.7"" fill=""#333"" opacity=""0.5"" />"
hex-in-components,b7a8f6b9,2026-01-12,Opus 4.5,no,src/components/foods/ChowderSVG.jsx,"<circle cx=""45"" cy={53 + (1 - chowderLevel) * 10} r=""0.6"" fill=""#333"" opacity=""0.4"" />"
hex-in-components,b7a8f6b9,2026-01-12,Opus 4.5,no,src/components/foods/ChowderSVG.jsx,"<circle cx=""42"" cy={50 + (1 - chowderLevel) * 10} r=""1"" fill=""#228B22"" opacity=""0.6"" />"
hex-in-components,b7a8f6b9,2026-01-12,Opus 4.5,no,src/components/foods/ChowderSVG.jsx,"<circle cx=""58"" cy={51 + (1 - chowderLevel) * 10} r=""0.8"" fill=""#2E8B2E"" opacity=""0.5"" />"
hex-in-components,b7a8f6b9,2026-01-12,Opus 4.5,no,src/components/foods/ChowderSVG.jsx,"<ellipse cx=""0"" cy=""0"" rx=""8"" ry=""5"" fill=""#C0C0C0"" />"
hex-in-components,b7a8f6b9,2026-01-12,Opus 4.5,no,src/components/foods/ChowderSVG.jsx,"<ellipse cx=""0"" cy=""-1"" rx=""6"" ry=""3.5"" fill=""#D8D8D8"" />"
hex-in-components,b7a8f6b9,2026-01-12,Opus 4.5,no,src/components/foods/ChowderSVG.jsx,"<rect x=""-2"" y=""4"" width=""4"" height=""20"" rx=""2"" fill=""#B0B0B0"" />"
hex-in-components,b7a8f6b9,2026-01-12,Opus 4.5,no,src/components/foods/ChowderSVG.jsx,"<ellipse cx=""0"" cy=""0"" rx=""4"" ry=""3"" fill=""#F5E6C8"" />"
hex-in-components,b7a8f6b9,2026-01-12,Opus 4.5,no,src/components/foods/ChowderSVG.jsx,"<ellipse cx=""5"" cy=""2"" rx=""4"" ry=""3"" fill=""#F0E0C0"" />"
hex-in-components,b7a8f6b9,2026-01-12,Opus 4.5,no,src/components/foods/ChowderSVG.jsx,"<ellipse cx=""-3"" cy=""4"" rx=""3.5"" ry=""2.5"" fill=""#F5E6C8"" />"
hex-in-components,b7a8f6b9,2026-01-12,Opus 4.5,no,src/components/foods/ChowderSVG.jsx,"<ellipse cx=""2"" cy=""5"" rx=""3"" ry=""2.5"" fill=""#EBD8B8"" />"
hex-in-components,b7a8f6b9,2026-01-12,Opus 4.5,no,src/components/foods/ChowderSVG.jsx,"<circle cx=""0"" cy=""0"" r=""0.8"" fill=""#D4C4A0"" />"
hex-in-components,b7a8f6b9,2026-01-12,Opus 4.5,no,src/components/foods/ChowderSVG.jsx,"<circle cx=""5"" cy=""2"" r=""0.8"" fill=""#D4C4A0"" />"
hex-in-components,b7a8f6b9,2026-01-12,Opus 4.5,no,src/components/foods/ChowderSVG.jsx,"stroke=""#FFF"""
hex-in-components,b7a8f6b9,2026-01-12,Opus 4.5,no,src/components/foods/ChowderSVG.jsx,"stroke=""#FFF"""
hex-in-components,b7a8f6b9,2026-01-12,Opus 4.5,no,src/components/foods/ChowderSVG.jsx,"stroke=""#FFF"""
hex-in-components,b7a8f6b9,2026-01-12,Opus 4.5,no,src/components/foods/EntreeSVG.jsx,"<stop offset=""0%"" stopColor=""#FAFAFA"" />"
hex-in-components,b7a8f6b9,2026-01-12,Opus 4.5,no,src/components/foods/EntreeSVG.jsx,"<stop offset=""100%"" stopColor=""#E8E8E8"" />"
hex-in-components,b7a8f6b9,2026-01-12,Opus 4.5,no,src/components/foods/EntreeSVG.jsx,"<stop offset=""0%"" stopColor=""#8B4513"" />"
hex-in-components,b7a8f6b9,2026-01-12,Opus 4.5,no,src/components/foods/EntreeSVG.jsx,"<stop offset=""50%"" stopColor=""#654321"" />"
hex-in-components,b7a8f6b9,2026-01-12,Opus 4.5,no,src/components/foods/EntreeSVG.jsx,"<stop offset=""100%"" stopColor=""#4A3520"" />"
hex-in-components,b7a8f6b9,2026-01-12,Opus 4.5,no,src/components/foods/EntreeSVG.jsx,"<stop offset=""0%"" stopColor=""#4A3520"" />"
hex-in-components,b7a8f6b9,2026-01-12,Opus 4.5,no,src/components/foods/EntreeSVG.jsx,"<stop offset=""100%"" stopColor=""#2C1810"" />"
hex-in-components,b7a8f6b9,2026-01-12,Opus 4.5,no,src/components/foods/EntreeSVG.jsx,"<ellipse cx=""50"" cy=""52"" rx=""42"" ry=""28"" fill=""#F8F8F8"" />"
hex-in-components,b7a8f6b9,2026-01-12,Opus 4.5,no,src/components/foods/EntreeSVG.jsx,"<ellipse cx=""50"" cy=""52"" rx=""46"" ry=""32"" fill=""none"" stroke=""#E0E0E0"" strokeWidth=""2"" />"
hex-in-components,b7a8f6b9,2026-01-12,Opus 4.5,no,src/components/foods/EntreeSVG.jsx,"<ellipse cx=""0"" cy=""0"" rx=""14"" ry=""10"" fill=""#F5F5DC"" />"
hex-in-components,b7a8f6b9,2026-01-12,Opus 4.5,no,src/components/foods/EntreeSVG.jsx,"<ellipse cx=""0"" cy=""-2"" rx=""12"" ry=""8"" fill=""#FFFACD"" />"
hex-in-components,b7a8f6b9,2026-01-12,Opus 4.5,no,src/components/foods/EntreeSVG.jsx,"<ellipse cx=""0"" cy=""-4"" rx=""4"" ry=""2"" fill=""#FFD700"" opacity=""0.7"" />"
hex-in-components,b7a8f6b9,2026-01-12,Opus 4.5,no,src/components/foods/EntreeSVG.jsx,"stroke=""#FFD700"""
hex-in-components,b7a8f6b9,2026-01-12,Opus 4.5,no,src/components/foods/EntreeSVG.jsx,"stroke=""#E8E8D0"""
hex-in-components,b7a8f6b9,2026-01-12,Opus 4.5,no,src/components/foods/EntreeSVG.jsx,"<rect x=""-8"" y=""0"" width=""24"" height=""3"" rx=""1.5"" fill=""#228B22"" transform=""rotate(-10 4 1.5)"" />"
hex-in-components,b7a8f6b9,2026-01-12,Opus 4.5,no,src/components/foods/EntreeSVG.jsx,"<rect x=""-6"" y=""4"" width=""22"" height=""3"" rx=""1.5"" fill=""#2E8B2E"" transform=""rotate(-5 5 5.5)"" />"
hex-in-components,b7a8f6b9,2026-01-12,Opus 4.5,no,src/components/foods/EntreeSVG.jsx,"<rect x=""-4"" y=""8"" width=""20"" height=""3"" rx=""1.5"" fill=""#228B22"" transform=""rotate(-8 6 9.5)"" />"
hex-in-components,b7a8f6b9,2026-01-12,Opus 4.5,no,src/components/foods/EntreeSVG.jsx,"<ellipse cx=""-8"" cy=""1"" rx=""2"" ry=""3"" fill=""#3CB371"" transform=""rotate(-10 -8 1)"" />"
hex-in-components,b7a8f6b9,2026-01-12,Opus 4.5,no,src/components/foods/EntreeSVG.jsx,"<ellipse cx=""-6"" cy=""5"" rx=""2"" ry=""3"" fill=""#32CD32"" transform=""rotate(-5 -6 5)"" />"
hex-in-components,b7a8f6b9,2026-01-12,Opus 4.5,no,src/components/foods/EntreeSVG.jsx,"<ellipse cx=""-4"" cy=""9"" rx=""2"" ry=""3"" fill=""#3CB371"" transform=""rotate(-8 -4 9)"" />"
hex-in-components,b7a8f6b9,2026-01-12,Opus 4.5,no,src/components/foods/EntreeSVG.jsx,"<circle cx=""18"" cy=""3"" r=""4"" fill=""#FF6347"" />"
hex-in-components,b7a8f6b9,2026-01-12,Opus 4.5,no,src/components/foods/EntreeSVG.jsx,"<circle cx=""17"" cy=""1"" r=""1.5"" fill=""#FF7F7F"" opacity=""0.6"" />"
hex-in-components,b7a8f6b9,2026-01-12,Opus 4.5,no,src/components/foods/EntreeSVG.jsx,"<circle cx=""14"" cy=""10"" r=""3.5"" fill=""#FF6347"" />"
hex-in-components,b7a8f6b9,2026-01-12,Opus 4.5,no,src/components/foods/EntreeSVG.jsx,"<circle cx=""13"" cy=""8"" r=""1"" fill=""#FF7F7F"" opacity=""0.6"" />"
hex-in-components,b7a8f6b9,2026-01-12,Opus 4.5,no,src/components/foods/EntreeSVG.jsx,"stroke=""#2C1810"""
hex-in-components,b7a8f6b9,2026-01-12,Opus 4.5,no,src/components/foods/EntreeSVG.jsx,"stroke=""#2C1810"""
hex-in-components,b7a8f6b9,2026-01-12,Opus 4.5,no,src/components/foods/EntreeSVG.jsx,"stroke=""#2C1810"""
hex-in-components,b7a8f6b9,2026-01-12,Opus 4.5,no,src/components/foods/EntreeSVG.jsx,"stroke=""#A0522D"""
hex-in-components,b7a8f6b9,2026-01-12,Opus 4.5,no,src/components/foods/EntreeSVG.jsx,"<ellipse cx=""2"" cy=""2"" rx=""6"" ry=""4"" fill=""#CD5C5C"" opacity=""0.4"" />"
hex-in-components,b7a8f6b9,2026-01-12,Opus 4.5,no,src/components/foods/EntreeSVG.jsx,"stroke=""#F5F5DC"""
hex-in-components,b7a8f6b9,2026-01-12,Opus 4.5,no,src/components/foods/EntreeSVG.jsx,"stroke=""#F5F5DC"""
hex-in-components,b7a8f6b9,2026-01-12,Opus 4.5,no,src/components/foods/EntreeSVG.jsx,"<rect x=""-3"" y=""-1"" width=""8"" height=""2"" rx=""1"" fill=""#228B22"" transform=""rotate(-15 1 0)"" />"
hex-in-components,b7a8f6b9,2026-01-12,Opus 4.5,no,src/components/foods/EntreeSVG.jsx,"<rect x=""0"" y=""1"" width=""6"" height=""1.5"" rx=""0.75"" fill=""#2E8B2E"" transform=""rotate(10 3 1.75)"" />"
hex-in-components,b7a8f6b9,2026-01-12,Opus 4.5,no,src/components/foods/EntreeSVG.jsx,"<rect x=""-1"" y=""0"" width=""2"" height=""24"" rx=""1"" fill=""#C0C0C0"" />"
hex-in-components,b7a8f6b9,2026-01-12,Opus 4.5,no,src/components/foods/EntreeSVG.jsx,"<rect x=""-4"" y=""-8"" width=""1.5"" height=""8"" rx=""0.5"" fill=""#C0C0C0"" />"
hex-in-components,b7a8f6b9,2026-01-12,Opus 4.5,no,src/components/foods/EntreeSVG.jsx,"<rect x=""-1.5"" y=""-8"" width=""1.5"" height=""8"" rx=""0.5"" fill=""#C0C0C0"" />"
hex-in-components,b7a8f6b9,2026-01-12,Opus 4.5,no,src/components/foods/EntreeSVG.jsx,"<rect x=""1"" y=""-8"" width=""1.5"" height=""8"" rx=""0.5"" fill=""#C0C0C0"" />"
hex-in-components,b7a8f6b9,2026-01-12,Opus 4.5,no,src/components/foods/EntreeSVG.jsx,"<rect x=""3.5"" y=""-8"" width=""1.5"" height=""8"" rx=""0.5"" fill=""#C0C0C0"" />"
hex-in-components,b7a8f6b9,2026-01-12,Opus 4.5,no,src/components/foods/EntreeSVG.jsx,"<rect x=""-1.5"" y=""0"" width=""3"" height=""22"" rx=""1.5"" fill=""#B0B0B0"" />"
hex-in-components,b7a8f6b9,2026-01-12,Opus 4.5,no,src/components/foods/EntreeSVG.jsx,"<path d=""M -1.5 -10 L 1.5 -10 L 2 0 L -2 0 Z"" fill=""#D0D0D0"" />"
hex-in-components,b7a8f6b9,2026-01-12,Opus 4.5,no,src/components/foods/EntreeSVG.jsx,"<path d=""M 1.5 -10 Q 3 -5 2 0"" fill=""#C0C0C0"" />"
hex-in-components,b7a8f6b9,2026-01-12,Opus 4.5,no,src/components/foods/FriedChickenSVG.jsx,"<ellipse cx=""-12"" cy=""0"" rx=""5"" ry=""4"" fill=""#F5F0E0"" />"
hex-in-components,b7a8f6b9,2026-01-12,Opus 4.5,no,src/components/foods/FriedChickenSVG.jsx,"<ellipse cx=""-12"" cy=""-1"" rx=""3"" ry=""2"" fill=""#FFFAF5"" opacity=""0.6"" />"
hex-in-components,b7a8f6b9,2026-01-12,Opus 4.5,no,src/components/foods/FriedChickenSVG.jsx,"<rect x=""-9"" y=""-2"" width=""20"" height=""4"" rx=""2"" fill=""#FAF5E8"" />"
hex-in-components,b7a8f6b9,2026-01-12,Opus 4.5,no,src/components/foods/FriedChickenSVG.jsx,"<ellipse cx=""12"" cy=""0"" rx=""4"" ry=""3"" fill=""#F5F0E0"" />"
hex-in-components,b7a8f6b9,2026-01-12,Opus 4.5,no,src/components/foods/FriedChickenSVG.jsx,"<ellipse cx=""-4"" cy=""0"" rx=""14"" ry=""11"" fill=""#8B5A2B"" />"
hex-in-components,b7a8f6b9,2026-01-12,Opus 4.5,no,src/components/foods/FriedChickenSVG.jsx,"<ellipse cx=""-4"" cy=""-1"" rx=""13"" ry=""10"" fill=""#A0724A"" />"
hex-in-components,b7a8f6b9,2026-01-12,Opus 4.5,no,src/components/foods/FriedChickenSVG.jsx,"<ellipse cx=""-4"" cy=""-2"" rx=""12"" ry=""9"" fill=""#B8864A"" />"
hex-in-components,b7a8f6b9,2026-01-12,Opus 4.5,no,src/components/foods/FriedChickenSVG.jsx,"<ellipse cx=""-10"" cy=""-4"" rx=""5"" ry=""4"" fill=""#C99A5A"" />"
hex-in-components,b7a8f6b9,2026-01-12,Opus 4.5,no,src/components/foods/FriedChickenSVG.jsx,"<ellipse cx=""-2"" cy=""-6"" rx=""6"" ry=""4"" fill=""#CDA060"" />"
hex-in-components,b7a8f6b9,2026-01-12,Opus 4.5,no,src/components/foods/FriedChickenSVG.jsx,"<ellipse cx=""5"" cy=""-3"" rx=""4"" ry=""3"" fill=""#C99A5A"" />"
hex-in-components,b7a8f6b9,2026-01-12,Opus 4.5,no,src/components/foods/FriedChickenSVG.jsx,"<ellipse cx=""-8"" cy=""2"" rx=""4"" ry=""3"" fill=""#9A6A3A"" opacity=""0.7"" />"
hex-in-components,b7a8f6b9,2026-01-12,Opus 4.5,no,src/components/foods/FriedChickenSVG.jsx,"<ellipse cx=""0"" cy=""4"" rx=""5"" ry=""3"" fill=""#8B5A2B"" opacity=""0.6"" />"
hex-in-components,b7a8f6b9,2026-01-12,Opus 4.5,no,src/components/foods/FriedChickenSVG.jsx,"<circle cx=""-12"" cy=""-2"" r=""2.5"" fill=""#B58040"" opacity=""0.7"" />"
hex-in-components,b7a8f6b9,2026-01-12,Opus 4.5,no,src/components/foods/FriedChickenSVG.jsx,"<circle cx=""-6"" cy=""-7"" r=""2"" fill=""#D4A868"" opacity=""0.6"" />"
hex-in-components,b7a8f6b9,2026-01-12,Opus 4.5,no,src/components/foods/FriedChickenSVG.jsx,"<circle cx=""4"" cy=""-5"" r=""2"" fill=""#D4A868"" opacity=""0.5"" />"
hex-in-components,b7a8f6b9,2026-01-12,Opus 4.5,no,src/components/foods/FriedChickenSVG.jsx,"<circle cx=""-4"" cy=""5"" r=""2"" fill=""#7A4A20"" opacity=""0.6"" />"
hex-in-components,b7a8f6b9,2026-01-12,Opus 4.5,no,src/components/foods/FriedChickenSVG.jsx,"<ellipse cx=""-5"" cy=""-6"" rx=""5"" ry=""2"" fill=""#E0B878"" opacity=""0.5"" />"
hex-in-components,b7a8f6b9,2026-01-12,Opus 4.5,no,src/components/foods/FriedChickenSVG.jsx,"<ellipse cx=""2"" cy=""-4"" rx=""3"" ry=""1.5"" fill=""#E8C088"" opacity=""0.4"" />"
hex-in-components,b7a8f6b9,2026-01-12,Opus 4.5,no,src/components/foods/FriedChickenSVG.jsx,"<path d=""M -10 0 Q -6 2 -2 0"" stroke=""#6B4020"" strokeWidth=""1.5"" fill=""none"" opacity=""0.4"" />"
hex-in-components,b7a8f6b9,2026-01-12,Opus 4.5,no,src/components/foods/FriedChickenSVG.jsx,"<path d=""M 6 -6 Q 12 -4 15 0 Q 12 4 6 6"" fill=""#9A6A3A"" />"
hex-in-components,b7a8f6b9,2026-01-12,Opus 4.5,no,src/components/foods/FriedChickenSVG.jsx,"<path d=""M 7 -5 Q 11 -3 13 0 Q 11 3 7 5"" fill=""#A8784A"" />"
hex-in-components,b7a8f6b9,2026-01-12,Opus 4.5,no,src/components/foods/FriedChickenSVG.jsx,"<ellipse cx=""16"" cy=""0"" rx=""4"" ry=""3"" fill=""#F5F0E0"" />"
hex-in-components,b7a8f6b9,2026-01-12,Opus 4.5,no,src/components/foods/FriedChickenSVG.jsx,"<ellipse cx=""17"" cy=""-1"" rx=""2"" ry=""1.5"" fill=""#FFFAF5"" opacity=""0.7"" />"
hex-in-components,b7a8f6b9,2026-01-12,Opus 4.5,no,src/components/foods/FriedChickenSVG.jsx,"<ellipse cx=""13"" cy=""0"" rx=""2.5"" ry=""4"" fill=""#E8D8C8"" opacity=""0.8"" />"
hex-in-components,b7a8f6b9,2026-01-12,Opus 4.5,no,src/components/foods/FriedChickenSVG.jsx,"fill=""#8B5A2B"""
hex-in-components,b7a8f6b9,2026-01-12,Opus 4.5,no,src/components/foods/FriedChickenSVG.jsx,"fill=""#A0724A"""
hex-in-components,b7a8f6b9,2026-01-12,Opus 4.5,no,src/components/foods/FriedChickenSVG.jsx,"fill=""#B8864A"""
hex-in-components,b7a8f6b9,2026-01-12,Opus 4.5,no,src/components/foods/FriedChickenSVG.jsx,"<ellipse cx=""-6"" cy=""-5"" rx=""5"" ry=""4"" fill=""#C99A5A"" />"
hex-in-components,b7a8f6b9,2026-01-12,Opus 4.5,no,src/components/foods/FriedChickenSVG.jsx,"<ellipse cx=""4"" cy=""-6"" rx=""6"" ry=""4"" fill=""#CDA060"" />"
hex-in-components,b7a8f6b9,2026-01-12,Opus 4.5,no,src/components/foods/FriedChickenSVG.jsx,"<ellipse cx=""10"" cy=""-2"" rx=""4"" ry=""3"" fill=""#C99A5A"" />"
hex-in-components,b7a8f6b9,2026-01-12,Opus 4.5,no,src/components/foods/FriedChickenSVG.jsx,"<ellipse cx=""-8"" cy=""3"" rx=""4"" ry=""3"" fill=""#9A6A3A"" opacity=""0.7"" />"
hex-in-components,b7a8f6b9,2026-01-12,Opus 4.5,no,src/components/foods/FriedChickenSVG.jsx,"<ellipse cx=""2"" cy=""5"" rx=""5"" ry=""3"" fill=""#8B5A2B"" opacity=""0.6"" />"
hex-in-components,b7a8f6b9,2026-01-12,Opus 4.5,no,src/components/foods/FriedChickenSVG.jsx,"<ellipse cx=""8"" cy=""3"" rx=""4"" ry=""2.5"" fill=""#9A6A3A"" opacity=""0.6"" />"
hex-in-components,b7a8f6b9,2026-01-12,Opus 4.5,no,src/components/foods/FriedChickenSVG.jsx,"<circle cx=""-10"" cy=""-3"" r=""2.5"" fill=""#B58040"" opacity=""0.6"" />"
hex-in-components,b7a8f6b9,2026-01-12,Opus 4.5,no,src/components/foods/FriedChickenSVG.jsx,"<circle cx=""0"" cy=""-7"" r=""2"" fill=""#D4A868"" opacity=""0.5"" />"
hex-in-components,b7a8f6b9,2026-01-12,Opus 4.5,no,src/components/foods/FriedChickenSVG.jsx,"<circle cx=""8"" cy=""-4"" r=""2"" fill=""#D4A868"" opacity=""0.5"" />"
hex-in-components,b7a8f6b9,2026-01-12,Opus 4.5,no,src/components/foods/FriedChickenSVG.jsx,"<ellipse cx=""-2"" cy=""-7"" rx=""6"" ry=""2.5"" fill=""#E0B878"" opacity=""0.5"" />"
hex-in-components,b7a8f6b9,2026-01-12,Opus 4.5,no,src/components/foods/FriedChickenSVG.jsx,"<ellipse cx=""8"" cy=""-4"" rx=""4"" ry=""1.5"" fill=""#E8C088"" opacity=""0.4"" />"
hex-in-components,b7a8f6b9,2026-01-12,Opus 4.5,no,src/components/foods/FriedChickenSVG.jsx,"<ellipse cx=""0"" cy=""0"" rx=""18"" ry=""12"" fill=""#8B5A2B"" />"
hex-in-components,b7a8f6b9,2026-01-12,Opus 4.5,no,src/components/foods/FriedChickenSVG.jsx,"<ellipse cx=""0"" cy=""-1"" rx=""17"" ry=""11"" fill=""#A0724A"" />"
hex-in-components,b7a8f6b9,2026-01-12,Opus 4.5,no,src/components/foods/FriedChickenSVG.jsx,"<ellipse cx=""0"" cy=""-2"" rx=""16"" ry=""10"" fill=""#B8864A"" />"
hex-in-components,b7a8f6b9,2026-01-12,Opus 4.5,no,src/components/foods/FriedChickenSVG.jsx,"<ellipse cx=""-10"" cy=""-5"" rx=""6"" ry=""4"" fill=""#C99A5A"" />"
hex-in-components,b7a8f6b9,2026-01-12,Opus 4.5,no,src/components/foods/FriedChickenSVG.jsx,"<ellipse cx=""0"" cy=""-7"" rx=""7"" ry=""4"" fill=""#CDA060"" />"
hex-in-components,b7a8f6b9,2026-01-12,Opus 4.5,no,src/components/foods/FriedChickenSVG.jsx,"<ellipse cx=""10"" cy=""-5"" rx=""6"" ry=""4"" fill=""#C99A5A"" />"
hex-in-components,b7a8f6b9,2026-01-12,Opus 4.5,no,src/components/foods/FriedChickenSVG.jsx,"<ellipse cx=""-12"" cy=""0"" rx=""4"" ry=""3"" fill=""#B58040"" opacity=""0.7"" />"
hex-in-components,b7a8f6b9,2026-01-12,Opus 4.5,no,src/components/foods/FriedChickenSVG.jsx,"<ellipse cx=""-5"" cy=""4"" rx=""5"" ry=""3"" fill=""#9A6A3A"" opacity=""0.7"" />"
hex-in-components,b7a8f6b9,2026-01-12,Opus 4.5,no,src/components/foods/FriedChickenSVG.jsx,"<ellipse cx=""6"" cy=""5"" rx=""6"" ry=""3"" fill=""#8B5A2B"" opacity=""0.6"" />"
hex-in-components,b7a8f6b9,2026-01-12,Opus 4.5,no,src/components/foods/FriedChickenSVG.jsx,"<ellipse cx=""12"" cy=""1"" rx=""4"" ry=""3"" fill=""#9A6A3A"" opacity=""0.7"" />"
hex-in-components,b7a8f6b9,2026-01-12,Opus 4.5,no,src/components/foods/FriedChickenSVG.jsx,"<circle cx=""-14"" cy=""-2"" r=""2.5"" fill=""#B58040"" opacity=""0.6"" />"
hex-in-components,b7a8f6b9,2026-01-12,Opus 4.5,no,src/components/foods/FriedChickenSVG.jsx,"<circle cx=""-6"" cy=""-8"" r=""2.5"" fill=""#D4A868"" opacity=""0.5"" />"
hex-in-components,b7a8f6b9,2026-01-12,Opus 4.5,no,src/components/foods/FriedChickenSVG.jsx,"<circle cx=""6"" cy=""-8"" r=""2.5"" fill=""#D4A868"" opacity=""0.5"" />"
hex-in-components,b7a8f6b9,2026-01-12,Opus 4.5,no,src/components/foods/FriedChickenSVG.jsx,"<circle cx=""14"" cy=""-2"" r=""2.5"" fill=""#B58040"" opacity=""0.6"" />"
hex-in-components,b7a8f6b9,2026-01-12,Opus 4.5,no,src/components/foods/FriedChickenSVG.jsx,"<circle cx=""-8"" cy=""6"" r=""2"" fill=""#7A4A20"" opacity=""0.5"" />"
hex-in-components,b7a8f6b9,2026-01-12,Opus 4.5,no,src/components/foods/FriedChickenSVG.jsx,"<circle cx=""10"" cy=""6"" r=""2"" fill=""#7A4A20"" opacity=""0.5"" />"
hex-in-components,b7a8f6b9,2026-01-12,Opus 4.5,no,src/components/foods/FriedChickenSVG.jsx,"<ellipse cx=""-4"" cy=""-8"" rx=""7"" ry=""2.5"" fill=""#E0B878"" opacity=""0.5"" />"
hex-in-components,b7a8f6b9,2026-01-12,Opus 4.5,no,src/components/foods/FriedChickenSVG.jsx,"<ellipse cx=""8"" cy=""-6"" rx=""5"" ry=""2"" fill=""#E8C088"" opacity=""0.4"" />"
hex-in-components,b7a8f6b9,2026-01-12,Opus 4.5,no,src/components/foods/FriedChickenSVG.jsx,"<path d=""M -12 2 Q -6 4 0 2"" stroke=""#6B4020"" strokeWidth=""1.5"" fill=""none"" opacity=""0.3"" />"
hex-in-components,b7a8f6b9,2026-01-12,Opus 4.5,no,src/components/foods/FriedChickenSVG.jsx,"<path d=""M 4 3 Q 10 5 14 3"" stroke=""#6B4020"" strokeWidth=""1.5"" fill=""none"" opacity=""0.3"" />"
hex-in-components,b7a8f6b9,2026-01-12,Opus 4.5,no,src/components/foods/FriedChickenSVG.jsx,"<ellipse cx=""0"" cy=""0"" rx=""12"" ry=""8"" fill=""#8B5A2B"" />"
hex-in-components,b7a8f6b9,2026-01-12,Opus 4.5,no,src/components/foods/FriedChickenSVG.jsx,"<ellipse cx=""0"" cy=""-1"" rx=""11"" ry=""7"" fill=""#A0724A"" />"
hex-in-components,b7a8f6b9,2026-01-12,Opus 4.5,no,src/components/foods/FriedChickenSVG.jsx,"<ellipse cx=""0"" cy=""-2"" rx=""10"" ry=""6"" fill=""#B8864A"" />"
hex-in-components,b7a8f6b9,2026-01-12,Opus 4.5,no,src/components/foods/FriedChickenSVG.jsx,"<ellipse cx=""-5"" cy=""-3"" rx=""4"" ry=""3"" fill=""#C99A5A"" />"
hex-in-components,b7a8f6b9,2026-01-12,Opus 4.5,no,src/components/foods/FriedChickenSVG.jsx,"<ellipse cx=""4"" cy=""-3"" rx=""5"" ry=""3"" fill=""#CDA060"" />"
hex-in-components,b7a8f6b9,2026-01-12,Opus 4.5,no,src/components/foods/FriedChickenSVG.jsx,"<ellipse cx=""-3"" cy=""2"" rx=""4"" ry=""2"" fill=""#9A6A3A"" opacity=""0.7"" />"
hex-in-components,b7a8f6b9,2026-01-12,Opus 4.5,no,src/components/foods/FriedChickenSVG.jsx,"<ellipse cx=""5"" cy=""2"" rx=""3"" ry=""2"" fill=""#8B5A2B"" opacity=""0.6"" />"
hex-in-components,b7a8f6b9,2026-01-12,Opus 4.5,no,src/components/foods/FriedChickenSVG.jsx,"<circle cx=""-8"" cy=""-1"" r=""2"" fill=""#B58040"" opacity=""0.6"" />"
hex-in-components,b7a8f6b9,2026-01-12,Opus 4.5,no,src/components/foods/FriedChickenSVG.jsx,"<circle cx=""0"" cy=""-5"" r=""2"" fill=""#D4A868"" opacity=""0.5"" />"
hex-in-components,b7a8f6b9,2026-01-12,Opus 4.5,no,src/components/foods/FriedChickenSVG.jsx,"<circle cx=""8"" cy=""-1"" r=""2"" fill=""#B58040"" opacity=""0.6"" />"
hex-in-components,b7a8f6b9,2026-01-12,Opus 4.5,no,src/components/foods/FriedChickenSVG.jsx,"<ellipse cx=""0"" cy=""-4"" rx=""5"" ry=""2"" fill=""#E0B878"" opacity=""0.5"" />"
hex-in-components,b7a8f6b9,2026-01-12,Opus 4.5,no,src/components/foods/FriedChickenSVG.jsx,"<ellipse cx=""-11"" cy=""0"" rx=""3"" ry=""2"" fill=""#F5F0E0"" />"
hex-in-components,b7a8f6b9,2026-01-12,Opus 4.5,no,src/components/foods/FriedChickenSVG.jsx,"<ellipse cx=""11"" cy=""0"" rx=""3"" ry=""2"" fill=""#F5F0E0"" />"
hex-in-components,b7a8f6b9,2026-01-12,Opus 4.5,no,src/components/foods/FriedChickenSVG.jsx,"<stop offset=""0%"" stopColor=""#FAFAFA"" />"
hex-in-components,b7a8f6b9,2026-01-12,Opus 4.5,no,src/components/foods/FriedChickenSVG.jsx,"<stop offset=""100%"" stopColor=""#E8E8E8"" />"
hex-in-components,b7a8f6b9,2026-01-12,Opus 4.5,no,src/components/foods/FriedChickenSVG.jsx,"<stop offset=""0%"" stopColor=""#FFE066"" />"
hex-in-components,b7a8f6b9,2026-01-12,Opus 4.5,no,src/components/foods/FriedChickenSVG.jsx,"<stop offset=""50%"" stopColor=""#FFD54F"" />"
hex-in-components,b7a8f6b9,2026-01-12,Opus 4.5,no,src/components/foods/FriedChickenSVG.jsx,"<stop offset=""100%"" stopColor=""#E6B800"" />"
hex-in-components,b7a8f6b9,2026-01-12,Opus 4.5,no,src/components/foods/FriedChickenSVG.jsx,"<ellipse cx=""50"" cy=""52"" rx=""42"" ry=""28"" fill=""#F8F8F8"" />"
hex-in-components,b7a8f6b9,2026-01-12,Opus 4.5,no,src/components/foods/FriedChickenSVG.jsx,"<ellipse cx=""50"" cy=""52"" rx=""46"" ry=""32"" fill=""none"" stroke=""#E0E0E0"" strokeWidth=""2"" />"
hex-in-components,b7a8f6b9,2026-01-12,Opus 4.5,no,src/components/foods/FriedChickenSVG.jsx,"<ellipse cx=""50"" cy=""50"" rx=""38"" ry=""24"" fill=""#FFF8E7"" opacity=""0.6"" />"
hex-in-components,b7a8f6b9,2026-01-12,Opus 4.5,no,src/components/foods/FriedChickenSVG.jsx,"<path d=""M 18 50 Q 35 46 50 50 Q 65 54 82 50"" stroke=""#F5E8D5"" strokeWidth=""0.5"" fill=""none"" opacity=""0.6"" />"
hex-in-components,b7a8f6b9,2026-01-12,Opus 4.5,no,src/components/foods/FriedChickenSVG.jsx,"<ellipse cx=""0"" cy=""5"" rx=""9"" ry=""4"" fill=""#C8C8C8"" />"
hex-in-components,b7a8f6b9,2026-01-12,Opus 4.5,no,src/components/foods/FriedChickenSVG.jsx,"<rect x=""-9"" y=""0"" width=""18"" height=""6"" fill=""#D8D8D8"" />"
hex-in-components,b7a8f6b9,2026-01-12,Opus 4.5,no,src/components/foods/FriedChickenSVG.jsx,"<ellipse cx=""0"" cy=""0"" rx=""9"" ry=""4"" fill=""#E0E0E0"" />"
hex-in-components,b7a8f6b9,2026-01-12,Opus 4.5,no,src/components/foods/FriedChickenSVG.jsx,"<ellipse cx=""-2"" cy=""-1"" rx=""2.5"" ry=""1.5"" fill=""#FFF080"" opacity=""0.4"" />"
hex-in-components,b7a8f6b9,2026-01-12,Opus 4.5,no,src/components/foods/FriedChickenSVG.jsx,"<ellipse cx=""0"" cy=""0"" rx=""11"" ry=""7"" fill=""#F5F5E8"" />"
hex-in-components,b7a8f6b9,2026-01-12,Opus 4.5,no,src/components/foods/FriedChickenSVG.jsx,"<ellipse cx=""-4"" cy=""-2"" rx=""4"" ry=""2"" fill=""#90EE90"" opacity=""0.5"" />"
hex-in-components,b7a8f6b9,2026-01-12,Opus 4.5,no,src/components/foods/FriedChickenSVG.jsx,"<ellipse cx=""3"" cy=""-1"" rx=""3"" ry=""1.5"" fill=""#FFA500"" opacity=""0.4"" />"
hex-in-components,b7a8f6b9,2026-01-12,Opus 4.5,no,src/components/foods/FriedChickenSVG.jsx,"<ellipse cx=""-1"" cy=""2"" rx=""5"" ry=""2"" fill=""#F0EBD8"" opacity=""0.7"" />"
hex-in-components,b7a8f6b9,2026-01-12,Opus 4.5,no,src/components/foods/FriedChickenSVG.jsx,"<path d=""M -5 0 Q 0 -2 5 0"" stroke=""#FFFAF0"" strokeWidth=""1.5"" fill=""none"" opacity=""0.6"" />"
hex-in-components,b7a8f6b9,2026-01-12,Opus 4.5,no,src/components/foods/FriedChickenSVG.jsx,"<circle cx=""52"" cy=""72"" r=""2.5"" fill=""#228B22"" opacity=""0.8"" />"
hex-in-components,b7a8f6b9,2026-01-12,Opus 4.5,no,src/components/foods/FriedChickenSVG.jsx,"<circle cx=""55"" cy=""70"" r=""2"" fill=""#2E8B2E"" opacity=""0.7"" />"
hex-in-components,b7a8f6b9,2026-01-12,Opus 4.5,no,src/components/foods/FriedChickenSVG.jsx,"<circle cx=""49"" cy=""70"" r=""1.5"" fill=""#228B22"" opacity=""0.7"" />"
hex-in-components,b7a8f6b9,2026-01-12,Opus 4.5,no,src/components/foods/FriesSVG.jsx,"const baseColors = ['#E8C830', '#F0D040', '#E0C028']"
hex-in-components,b7a8f6b9,2026-01-12,Opus 4.5,no,src/components/foods/FriesSVG.jsx,"const topColors = ['#F4DC50', '#FFEB60', '#F0D848']"
hex-in-components,b7a8f6b9,2026-01-12,Opus 4.5,no,src/components/foods/FriesSVG.jsx,"const darkColors = ['#C4A020', '#D0AC28', '#B89818']"
hex-in-components,b7a8f6b9,2026-01-12,Opus 4.5,no,src/components/foods/FriesSVG.jsx,"fill=""#FFF8D0"""
hex-in-components,b7a8f6b9,2026-01-12,Opus 4.5,no,src/components/foods/FriesSVG.jsx,"<stop offset=""0%"" stopColor=""#E53935"" />"
hex-in-components,b7a8f6b9,2026-01-12,Opus 4.5,no,src/components/foods/FriesSVG.jsx,"<stop offset=""50%"" stopColor=""#D32F2F"" />"
hex-in-components,b7a8f6b9,2026-01-12,Opus 4.5,no,src/components/foods/FriesSVG.jsx,"<stop offset=""100%"" stopColor=""#B71C1C"" />"
hex-in-components,b7a8f6b9,2026-01-12,Opus 4.5,no,src/components/foods/FriesSVG.jsx,"<stop offset=""0%"" stopColor=""#E53935"" />"
hex-in-components,b7a8f6b9,2026-01-12,Opus 4.5,no,src/components/foods/FriesSVG.jsx,"<stop offset=""50%"" stopColor=""#D32F2F"" />"
hex-in-components,b7a8f6b9,2026-01-12,Opus 4.5,no,src/components/foods/FriesSVG.jsx,"<stop offset=""100%"" stopColor=""#B71C1C"" />"
hex-in-components,b7a8f6b9,2026-01-12,Opus 4.5,no,src/components/foods/FriesSVG.jsx,"stroke=""#EF5350"""
hex-in-components,b7a8f6b9,2026-01-12,Opus 4.5,no,src/components/foods/FriesSVG.jsx,"fill=""#C62828"""
hex-in-components,b7a8f6b9,2026-01-12,Opus 4.5,no,src/components/foods/FriesSVG.jsx,"fill=""#FFF"""
hex-in-components,b7a8f6b9,2026-01-12,Opus 4.5,no,src/components/foods/FriesSVG.jsx,"fill=""#FFCDD2"""
hex-in-components,b7a8f6b9,2026-01-12,Opus 4.5,no,src/components/foods/FriesSVG.jsx,"fill=""#FFCDD2"""
hex-in-components,b7a8f6b9,2026-01-12,Opus 4.5,no,src/components/foods/FriesSVG.jsx,"<ellipse cx=""0"" cy=""9"" rx=""11"" ry=""4.5"" fill=""#D0D0D0"" />"
hex-in-components,b7a8f6b9,2026-01-12,Opus 4.5,no,src/components/foods/FriesSVG.jsx,"<rect x=""-11"" y=""0"" width=""22"" height=""10"" fill=""#E0E0E0"" />"
hex-in-components,b7a8f6b9,2026-01-12,Opus 4.5,no,src/components/foods/FriesSVG.jsx,"<ellipse cx=""0"" cy=""0"" rx=""11"" ry=""4.5"" fill=""#E8E8E8"" />"
hex-in-components,b7a8f6b9,2026-01-12,Opus 4.5,no,src/components/foods/FriesSVG.jsx,"<ellipse cx=""0"" cy=""0"" rx=""9"" ry=""3.5"" fill=""#D8D8D8"" />"
hex-in-components,b7a8f6b9,2026-01-12,Opus 4.5,no,src/components/foods/FriesSVG.jsx,"<ellipse cx=""-2"" cy=""-1"" rx=""3"" ry=""1.5"" fill=""#EF5350"" opacity=""0.5"" />"
hex-in-components,b7a8f6b9,2026-01-12,Opus 4.5,no,src/components/foods/FriesSVG.jsx,"<rect x=""8"" y=""78"" width=""18"" height=""4"" rx=""2"" fill=""#E8C830"" transform=""rotate(-25 17 80)"" />"
hex-in-components,b7a8f6b9,2026-01-12,Opus 4.5,no,src/components/foods/FriesSVG.jsx,"<rect x=""10"" y=""82"" width=""14"" height=""3.5"" rx=""1.75"" fill=""#F0D040"" transform=""rotate(10 17 84)"" />"
hex-in-components,b7a8f6b9,2026-01-12,Opus 4.5,no,src/components/foods/LobsterRollSVG.jsx,"<stop offset=""0%"" stopColor=""#F5DEB3"" />"
hex-in-components,b7a8f6b9,2026-01-12,Opus 4.5,no,src/components/foods/LobsterRollSVG.jsx,"<stop offset=""30%"" stopColor=""#E8D5A8"" />"
hex-in-components,b7a8f6b9,2026-01-12,Opus 4.5,no,src/components/foods/LobsterRollSVG.jsx,"<stop offset=""100%"" stopColor=""#D4C494"" />"
hex-in-components,b7a8f6b9,2026-01-12,Opus 4.5,no,src/components/foods/LobsterRollSVG.jsx,"<stop offset=""0%"" stopColor=""#D4A056"" />"
hex-in-components,b7a8f6b9,2026-01-12,Opus 4.5,no,src/components/foods/LobsterRollSVG.jsx,"<stop offset=""100%"" stopColor=""#C49346"" />"
hex-in-components,b7a8f6b9,2026-01-12,Opus 4.5,no,src/components/foods/LobsterRollSVG.jsx,"<stop offset=""0%"" stopColor=""#FFA07A"" />"
hex-in-components,b7a8f6b9,2026-01-12,Opus 4.5,no,src/components/foods/LobsterRollSVG.jsx,"<stop offset=""50%"" stopColor=""#FA8072"" />"
hex-in-components,b7a8f6b9,2026-01-12,Opus 4.5,no,src/components/foods/LobsterRollSVG.jsx,"<stop offset=""100%"" stopColor=""#E9967A"" />"
hex-in-components,b7a8f6b9,2026-01-12,Opus 4.5,no,src/components/foods/LobsterRollSVG.jsx,"fill=""#FFF8E7"""
hex-in-components,b7a8f6b9,2026-01-12,Opus 4.5,no,src/components/foods/LobsterRollSVG.jsx,"fill=""#F5E6D3"""
hex-in-components,b7a8f6b9,2026-01-12,Opus 4.5,no,src/components/foods/LobsterRollSVG.jsx,"<line x1=""15"" y1=""45"" x2=""15"" y2=""55"" stroke=""#B8862D"" strokeWidth=""2"" opacity=""0.3"" />"
hex-in-components,b7a8f6b9,2026-01-12,Opus 4.5,no,src/components/foods/LobsterRollSVG.jsx,"<line x1=""20"" y1=""43"" x2=""20"" y2=""58"" stroke=""#B8862D"" strokeWidth=""2"" opacity=""0.3"" />"
hex-in-components,b7a8f6b9,2026-01-12,Opus 4.5,no,src/components/foods/LobsterRollSVG.jsx,"<line x1=""80"" y1=""43"" x2=""80"" y2=""58"" stroke=""#B8862D"" strokeWidth=""2"" opacity=""0.3"" />"
hex-in-components,b7a8f6b9,2026-01-12,Opus 4.5,no,src/components/foods/LobsterRollSVG.jsx,"<line x1=""85"" y1=""45"" x2=""85"" y2=""55"" stroke=""#B8862D"" strokeWidth=""2"" opacity=""0.3"" />"
hex-in-components,b7a8f6b9,2026-01-12,Opus 4.5,no,src/components/foods/LobsterRollSVG.jsx,"<ellipse cx=""25"" cy=""48"" rx=""10"" ry=""5"" fill=""#FFA07A"" />"
hex-in-components,b7a8f6b9,2026-01-12,Opus 4.5,no,src/components/foods/LobsterRollSVG.jsx,"<ellipse cx=""42"" cy=""46"" rx=""12"" ry=""6"" fill=""#FFA07A"" />"
hex-in-components,b7a8f6b9,2026-01-12,Opus 4.5,no,src/components/foods/LobsterRollSVG.jsx,"<ellipse cx=""58"" cy=""45"" rx=""13"" ry=""6"" fill=""#FA8072"" />"
hex-in-components,b7a8f6b9,2026-01-12,Opus 4.5,no,src/components/foods/LobsterRollSVG.jsx,"<ellipse cx=""75"" cy=""48"" rx=""10"" ry=""5"" fill=""#FFA07A"" />"
hex-in-components,b7a8f6b9,2026-01-12,Opus 4.5,no,src/components/foods/LobsterRollSVG.jsx,"<ellipse cx=""35"" cy=""52"" rx=""11"" ry=""5"" fill=""#FFB6A3"" />"
hex-in-components,b7a8f6b9,2026-01-12,Opus 4.5,no,src/components/foods/LobsterRollSVG.jsx,"<ellipse cx=""52"" cy=""50"" rx=""12"" ry=""5"" fill=""#FFC4B5"" />"
hex-in-components,b7a8f6b9,2026-01-12,Opus 4.5,no,src/components/foods/LobsterRollSVG.jsx,"<ellipse cx=""68"" cy=""52"" rx=""10"" ry=""5"" fill=""#FFB6A3"" />"
hex-in-components,b7a8f6b9,2026-01-12,Opus 4.5,no,src/components/foods/LobsterRollSVG.jsx,"<ellipse cx=""30"" cy=""44"" rx=""4"" ry=""2"" fill=""#FFD4C9"" opacity=""0.6"" />"
hex-in-components,b7a8f6b9,2026-01-12,Opus 4.5,no,src/components/foods/LobsterRollSVG.jsx,"<ellipse cx=""50"" cy=""42"" rx=""5"" ry=""2"" fill=""#FFD4C9"" opacity=""0.6"" />"
hex-in-components,b7a8f6b9,2026-01-12,Opus 4.5,no,src/components/foods/LobsterRollSVG.jsx,"<ellipse cx=""70"" cy=""44"" rx=""4"" ry=""2"" fill=""#FFD4C9"" opacity=""0.6"" />"
hex-in-components,b7a8f6b9,2026-01-12,Opus 4.5,no,src/components/foods/LobsterRollSVG.jsx,"<ellipse cx=""40"" cy=""48"" rx=""3"" ry=""1.5"" fill=""#FFE4DD"" opacity=""0.5"" />"
hex-in-components,b7a8f6b9,2026-01-12,Opus 4.5,no,src/components/foods/LobsterRollSVG.jsx,"<ellipse cx=""60"" cy=""47"" rx=""4"" ry=""2"" fill=""#FFE4DD"" opacity=""0.5"" />"
hex-in-components,b7a8f6b9,2026-01-12,Opus 4.5,no,src/components/foods/LobsterRollSVG.jsx,"stroke=""#FFFACD"""
hex-in-components,b7a8f6b9,2026-01-12,Opus 4.5,no,src/components/foods/LobsterRollSVG.jsx,"<rect x=""28"" y=""38"" width=""8"" height=""1.5"" rx=""0.75"" fill=""#4CAF50"" transform=""rotate(-10 32 39)"" />"
hex-in-components,b7a8f6b9,2026-01-12,Opus 4.5,no,src/components/foods/LobsterRollSVG.jsx,"<rect x=""45"" y=""36"" width=""10"" height=""1.5"" rx=""0.75"" fill=""#66BB6A"" transform=""rotate(5 50 37)"" />"
hex-in-components,b7a8f6b9,2026-01-12,Opus 4.5,no,src/components/foods/LobsterRollSVG.jsx,"<rect x=""65"" y=""38"" width=""7"" height=""1.5"" rx=""0.75"" fill=""#4CAF50"" transform=""rotate(-8 68 39)"" />"
hex-in-components,b7a8f6b9,2026-01-12,Opus 4.5,no,src/components/foods/LobsterRollSVG.jsx,"<rect x=""38"" y=""42"" width=""6"" height=""1.2"" rx=""0.6"" fill=""#81C784"" transform=""rotate(12 41 43)"" />"
hex-in-components,b7a8f6b9,2026-01-12,Opus 4.5,no,src/components/foods/LobsterRollSVG.jsx,"<rect x=""58"" y=""41"" width=""5"" height=""1.2"" rx=""0.6"" fill=""#81C784"" transform=""rotate(-5 60 42)"" />"
hex-in-components,b7a8f6b9,2026-01-12,Opus 4.5,no,src/components/foods/LobsterRollSVG.jsx,"<circle cx=""32"" cy=""50"" r=""2"" fill=""#90EE90"" opacity=""0.7"" />"
hex-in-components,b7a8f6b9,2026-01-12,Opus 4.5,no,src/components/foods/LobsterRollSVG.jsx,"<circle cx=""55"" cy=""48"" r=""1.8"" fill=""#98FB98"" opacity=""0.7"" />"
hex-in-components,b7a8f6b9,2026-01-12,Opus 4.5,no,src/components/foods/LobsterRollSVG.jsx,"<circle cx=""72"" cy=""50"" r=""1.5"" fill=""#90EE90"" opacity=""0.7"" />"
hex-in-components,b7a8f6b9,2026-01-12,Opus 4.5,no,src/components/foods/LobsterRollSVG.jsx,"fill=""#FFF176"""
hex-in-components,b7a8f6b9,2026-01-12,Opus 4.5,no,src/components/foods/LobsterRollSVG.jsx,"fill=""#FFEE58"""
hex-in-components,b7a8f6b9,2026-01-12,Opus 4.5,no,src/components/foods/LobsterRollSVG.jsx,"<line x1=""2"" y1=""3"" x2=""6"" y2=""2"" stroke=""#FBC02D"" strokeWidth=""0.5"" />"
hex-in-components,b7a8f6b9,2026-01-12,Opus 4.5,no,src/components/foods/LobsterRollSVG.jsx,"<line x1=""2"" y1=""5"" x2=""7"" y2=""5"" stroke=""#FBC02D"" strokeWidth=""0.5"" />"
hex-in-components,b7a8f6b9,2026-01-12,Opus 4.5,no,src/components/foods/LobsterRollSVG.jsx,"<line x1=""2"" y1=""7"" x2=""6"" y2=""8"" stroke=""#FBC02D"" strokeWidth=""0.5"" />"
hex-in-components,b7a8f6b9,2026-01-12,Opus 4.5,no,src/components/foods/LobsterRollSVG.jsx,"fill=""#F5DEB3"""
hex-in-components,b7a8f6b9,2026-01-12,Opus 4.5,no,src/components/foods/LobsterRollSVG.jsx,"fill=""#FFF8F0"""
hex-in-components,b7a8f6b9,2026-01-12,Opus 4.5,no,src/components/foods/LobsterRollSVG.jsx,"stroke=""#F5DEB3"""
hex-in-components,b7a8f6b9,2026-01-12,Opus 4.5,no,src/components/foods/LobsterRollSVG.jsx,"<circle cx={biteX - 3} cy=""40"" r=""1.5"" fill=""#FFFAF5"" opacity=""0.7"" />"
hex-in-components,b7a8f6b9,2026-01-12,Opus 4.5,no,src/components/foods/LobsterRollSVG.jsx,"<circle cx={biteX - 4} cy=""48"" r=""1.2"" fill=""#FFFAF5"" opacity=""0.6"" />"
hex-in-components,b7a8f6b9,2026-01-12,Opus 4.5,no,src/components/foods/LobsterRollSVG.jsx,"<circle cx={biteX - 2} cy=""55"" r=""1"" fill=""#FFFAF5"" opacity=""0.7"" />"
hex-in-components,b7a8f6b9,2026-01-12,Opus 4.5,no,src/components/foods/LobsterRollSVG.jsx,"<ellipse cx={biteX - 4} cy=""44"" rx=""6"" ry=""4"" fill=""#FFA07A"" />"
hex-in-components,b7a8f6b9,2026-01-12,Opus 4.5,no,src/components/foods/LobsterRollSVG.jsx,"<ellipse cx={biteX - 3} cy=""48"" rx=""5"" ry=""3.5"" fill=""#FA8072"" />"
hex-in-components,b7a8f6b9,2026-01-12,Opus 4.5,no,src/components/foods/LobsterRollSVG.jsx,"<ellipse cx={biteX - 5} cy=""52"" rx=""4"" ry=""3"" fill=""#FFB6A3"" />"
hex-in-components,b7a8f6b9,2026-01-12,Opus 4.5,no,src/components/foods/LobsterRollSVG.jsx,"<ellipse cx={biteX - 3} cy=""43"" rx=""2"" ry=""1"" fill=""#FFD4C9"" opacity=""0.6"" />"
hex-in-components,b7a8f6b9,2026-01-12,Opus 4.5,no,src/components/foods/LobsterRollSVG.jsx,"<ellipse cx={biteX - 4} cy=""50"" rx=""1.5"" ry=""0.8"" fill=""#FFE4DD"" opacity=""0.5"" />"
hex-in-components,b7a8f6b9,2026-01-12,Opus 4.5,no,src/components/foods/LobsterRollSVG.jsx,"fill=""#FFA07A"""
hex-in-components,b7a8f6b9,2026-01-12,Opus 4.5,no,src/components/foods/LobsterRollSVG.jsx,"fill=""#4CAF50"""
hex-in-components,b7a8f6b9,2026-01-12,Opus 4.5,no,src/components/foods/LobsterRollSVG.jsx,"fill=""#66BB6A"""
hex-in-components,b7a8f6b9,2026-01-12,Opus 4.5,no,src/components/foods/LobsterRollSVG.jsx,"<circle cx={biteX - 4} cy=""53"" r=""1.5"" fill=""#90EE90"" opacity=""0.8"" />"
hex-in-components,b7a8f6b9,2026-01-12,Opus 4.5,no,src/components/foods/LobsterRollSVG.jsx,"stroke=""#FFFACD"""
hex-in-components,b7a8f6b9,2026-01-12,Opus 4.5,no,src/components/foods/LobsterRollSVG.jsx,"fill=""#FFFACD"""
hex-in-components,b7a8f6b9,2026-01-12,Opus 4.5,no,src/components/foods/LobsterRollSVG.jsx,"<ellipse rx={chunk.size} ry={chunk.size * 0.6} fill=""#FFA07A"" opacity=""0.85"" />"
hex-in-components,b7a8f6b9,2026-01-12,Opus 4.5,no,src/components/foods/LobsterRollSVG.jsx,"<ellipse rx={chunk.size * 0.6} ry={chunk.size * 0.4} fill=""#FFB6A3"" opacity=""0.6"" />"
hex-in-components,b7a8f6b9,2026-01-12,Opus 4.5,no,src/components/foods/LobsterRollSVG.jsx,"fill=""#E8D5A8"""
hex-in-components,b7a8f6b9,2026-01-12,Opus 4.5,no,src/components/foods/LobsterRollSVG.jsx,"<ellipse cx={40 - eatenPercent * 8} cy=""72"" rx=""5"" ry=""1.5"" fill=""#FFFACD"" opacity=""0.3"" />"
hex-in-components,b7a8f6b9,2026-01-12,Opus 4.5,no,src/components/foods/LobsterRollSVG.jsx,"<circle cx={50 - eatenPercent * 10} cy=""71"" r=""1"" fill=""#FFA07A"" opacity=""0.4"" />"
hex-in-components,b7a8f6b9,2026-01-12,Opus 4.5,no,src/components/foods/LobsterRollSVG.jsx,"<circle cx={60 - eatenPercent * 12} cy=""73"" r=""0.8"" fill=""#FA8072"" opacity=""0.35"" />"
hex-in-components,b7a8f6b9,2026-01-12,Opus 4.5,no,src/components/foods/LobsterRollSVG.jsx,"<ellipse cx=""5"" cy=""5"" rx=""6"" ry=""3"" fill=""#F4D03F"" transform=""rotate(-20 5 5)"" />"
hex-in-components,b7a8f6b9,2026-01-12,Opus 4.5,no,src/components/foods/LobsterRollSVG.jsx,"<ellipse cx=""0"" cy=""8"" rx=""5"" ry=""2.5"" fill=""#E9C52A"" transform=""rotate(10 0 8)"" />"
hex-in-components,b7a8f6b9,2026-01-12,Opus 4.5,no,src/components/foods/LobsterRollSVG.jsx,"<ellipse cx=""8"" cy=""10"" rx=""5"" ry=""2.5"" fill=""#F4D03F"" transform=""rotate(-5 8 10)"" />"
hex-in-components,b7a8f6b9,2026-01-12,Opus 4.5,no,src/components/foods/PastaSVG.jsx,"stroke=""#F5DEB3"""
hex-in-components,b7a8f6b9,2026-01-12,Opus 4.5,no,src/components/foods/PastaSVG.jsx,"<circle cx={pos.x} cy={pos.y} r=""7"" fill=""#5D4037"" />"
hex-in-components,b7a8f6b9,2026-01-12,Opus 4.5,no,src/components/foods/PastaSVG.jsx,"<circle cx={pos.x} cy={pos.y} r=""5.5"" fill=""#6D4C41"" />"
hex-in-components,b7a8f6b9,2026-01-12,Opus 4.5,no,src/components/foods/PastaSVG.jsx,"<circle cx={pos.x - 2} cy={pos.y - 2} r=""2"" fill=""#8D6E63"" opacity=""0.5"" />"
hex-in-components,b7a8f6b9,2026-01-12,Opus 4.5,no,src/components/foods/PastaSVG.jsx,"<stop offset=""0%"" stopColor=""#FAFAFA"" />"
hex-in-components,b7a8f6b9,2026-01-12,Opus 4.5,no,src/components/foods/PastaSVG.jsx,"<stop offset=""100%"" stopColor=""#E0E0E0"" />"
hex-in-components,b7a8f6b9,2026-01-12,Opus 4.5,no,src/components/foods/PastaSVG.jsx,"<stop offset=""0%"" stopColor=""#D32F2F"" />"
hex-in-components,b7a8f6b9,2026-01-12,Opus 4.5,no,src/components/foods/PastaSVG.jsx,"<stop offset=""100%"" stopColor=""#B71C1C"" />"
hex-in-components,b7a8f6b9,2026-01-12,Opus 4.5,no,src/components/foods/PastaSVG.jsx,"<ellipse cx=""50"" cy=""32"" rx=""38"" ry=""11"" fill=""#F5F5F5"" />"
hex-in-components,b7a8f6b9,2026-01-12,Opus 4.5,no,src/components/foods/PastaSVG.jsx,"<circle cx=""40"" cy=""48"" r=""1"" fill=""#FFF9C4"" />"
hex-in-components,b7a8f6b9,2026-01-12,Opus 4.5,no,src/components/foods/PastaSVG.jsx,"<circle cx=""52"" cy=""42"" r=""1.2"" fill=""#FFF9C4"" />"
hex-in-components,b7a8f6b9,2026-01-12,Opus 4.5,no,src/components/foods/PastaSVG.jsx,"<circle cx=""58"" cy=""52"" r=""1"" fill=""#FFF9C4"" />"
hex-in-components,b7a8f6b9,2026-01-12,Opus 4.5,no,src/components/foods/PastaSVG.jsx,"<circle cx=""45"" cy=""55"" r=""0.8"" fill=""#FFF9C4"" />"
hex-in-components,b7a8f6b9,2026-01-12,Opus 4.5,no,src/components/foods/PastaSVG.jsx,"<circle cx=""62"" cy=""48"" r=""1"" fill=""#FFF9C4"" />"
hex-in-components,b7a8f6b9,2026-01-12,Opus 4.5,no,src/components/foods/PastaSVG.jsx,"<circle cx=""38"" cy=""58"" r=""0.8"" fill=""#FFF9C4"" />"
hex-in-components,b7a8f6b9,2026-01-12,Opus 4.5,no,src/components/foods/PastaSVG.jsx,"<ellipse cx=""48"" cy=""40"" rx=""4"" ry=""2.5"" fill=""#4CAF50"" transform=""rotate(-20 48 40)"" />"
hex-in-components,b7a8f6b9,2026-01-12,Opus 4.5,no,src/components/foods/PastaSVG.jsx,"<ellipse cx=""56"" cy=""58"" rx=""3"" ry=""2"" fill=""#4CAF50"" transform=""rotate(15 56 58)"" />"
hex-in-components,b7a8f6b9,2026-01-12,Opus 4.5,no,src/components/foods/PastaSVG.jsx,"<rect x=""-2"" y=""-35"" width=""4"" height=""30"" rx=""2"" fill=""#9E9E9E"" />"
hex-in-components,b7a8f6b9,2026-01-12,Opus 4.5,no,src/components/foods/PastaSVG.jsx,"<rect x=""-6"" y=""-8"" width=""2"" height=""12"" rx=""1"" fill=""#BDBDBD"" />"
hex-in-components,b7a8f6b9,2026-01-12,Opus 4.5,no,src/components/foods/PastaSVG.jsx,"<rect x=""-2"" y=""-8"" width=""2"" height=""14"" rx=""1"" fill=""#BDBDBD"" />"
hex-in-components,b7a8f6b9,2026-01-12,Opus 4.5,no,src/components/foods/PastaSVG.jsx,"<rect x=""2"" y=""-8"" width=""2"" height=""12"" rx=""1"" fill=""#BDBDBD"" />"
hex-in-components,b7a8f6b9,2026-01-12,Opus 4.5,no,src/components/foods/PastaSVG.jsx,"<ellipse cx=""0"" cy=""8"" rx=""8"" ry=""5"" fill=""#F5DEB3"" />"
hex-in-components,b7a8f6b9,2026-01-12,Opus 4.5,no,src/components/foods/PastaSVG.jsx,"<path d=""M -6 6 Q 0 12 6 6"" fill=""none"" stroke=""#E8D5B7"" strokeWidth=""2"" />"
hex-in-components,b7a8f6b9,2026-01-12,Opus 4.5,no,src/components/foods/PastaSVG.jsx,"<ellipse cx=""0"" cy=""10"" rx=""5"" ry=""3"" fill=""#D32F2F"" opacity=""0.6"" />"
hex-in-components,b7a8f6b9,2026-01-12,Opus 4.5,no,src/components/foods/PastaSVG.jsx,"<circle cx={splat.x} cy={splat.y} r={splat.size} fill=""#D32F2F"" opacity=""0.5"" />"
hex-in-components,b7a8f6b9,2026-01-12,Opus 4.5,no,src/components/foods/PastaSVG.jsx,"<circle cx={splat.x + splat.size * 0.3} cy={splat.y - splat.size * 0.2} r={splat.size * 0.4} fill=""#B71C1C"" opacity=""0.4"" />"
hex-in-components,b7a8f6b9,2026-01-12,Opus 4.5,no,src/components/foods/PastaSVG.jsx,"stroke=""#D32F2F"""
hex-in-components,b7a8f6b9,2026-01-12,Opus 4.5,no,src/components/foods/PastaSVG.jsx,"stroke=""#F5DEB3"""
hex-in-components,b7a8f6b9,2026-01-12,Opus 4.5,no,src/components/foods/PastaSVG.jsx,"stroke=""#E8D5B7"""
hex-in-components,b7a8f6b9,2026-01-12,Opus 4.5,no,src/components/foods/PastaSVG.jsx,"fill=""#D32F2F"""
hex-in-components,b7a8f6b9,2026-01-12,Opus 4.5,no,src/components/foods/PizzaSVG.jsx,"<stop offset=""0%"" stopColor=""#FCD34D"" />"
hex-in-components,b7a8f6b9,2026-01-12,Opus 4.5,no,src/components/foods/PizzaSVG.jsx,"<stop offset=""100%"" stopColor=""#F59E0B"" />"
hex-in-components,b7a8f6b9,2026-01-12,Opus 4.5,no,src/components/foods/PizzaSVG.jsx,"<stop offset=""0%"" stopColor=""#D97706"" />"
hex-in-components,b7a8f6b9,2026-01-12,Opus 4.5,no,src/components/foods/PizzaSVG.jsx,"<stop offset=""100%"" stopColor=""#92400E"" />"
hex-in-components,b7a8f6b9,2026-01-12,Opus 4.5,no,src/components/foods/PizzaSVG.jsx,"<stop offset=""0%"" stopColor=""#DC2626"" />"
hex-in-components,b7a8f6b9,2026-01-12,Opus 4.5,no,src/components/foods/PizzaSVG.jsx,"<stop offset=""100%"" stopColor=""#B91C1C"" />"
hex-in-components,b7a8f6b9,2026-01-12,Opus 4.5,no,src/components/foods/PizzaSVG.jsx,"stroke=""#D97706"""
hex-in-components,b7a8f6b9,2026-01-12,Opus 4.5,no,src/components/foods/PizzaSVG.jsx,"<ellipse cx=""45"" cy=""40"" rx=""10"" ry=""4"" fill=""#FDE68A"" opacity=""0.5"" />"
hex-in-components,b7a8f6b9,2026-01-12,Opus 4.5,no,src/components/foods/PizzaSVG.jsx,"<ellipse cx=""55"" cy=""55"" rx=""12"" ry=""4"" fill=""#FDE68A"" opacity=""0.5"" />"
hex-in-components,b7a8f6b9,2026-01-12,Opus 4.5,no,src/components/foods/PizzaSVG.jsx,"<ellipse cx=""40"" cy=""70"" rx=""8"" ry=""3"" fill=""#FDE68A"" opacity=""0.5"" />"
hex-in-components,b7a8f6b9,2026-01-12,Opus 4.5,no,src/components/foods/PizzaSVG.jsx,"<circle cx=""42"" cy=""35"" r=""7"" fill=""#DC2626"" />"
hex-in-components,b7a8f6b9,2026-01-12,Opus 4.5,no,src/components/foods/PizzaSVG.jsx,"<circle cx=""42"" cy=""35"" r=""5"" fill=""#B91C1C"" />"
hex-in-components,b7a8f6b9,2026-01-12,Opus 4.5,no,src/components/foods/PizzaSVG.jsx,"<circle cx=""42"" cy=""35"" r=""2"" fill=""#991B1B"" opacity=""0.5"" />"
hex-in-components,b7a8f6b9,2026-01-12,Opus 4.5,no,src/components/foods/PizzaSVG.jsx,"<circle cx=""58"" cy=""45"" r=""6"" fill=""#DC2626"" />"
hex-in-components,b7a8f6b9,2026-01-12,Opus 4.5,no,src/components/foods/PizzaSVG.jsx,"<circle cx=""58"" cy=""45"" r=""4"" fill=""#B91C1C"" />"
hex-in-components,b7a8f6b9,2026-01-12,Opus 4.5,no,src/components/foods/PizzaSVG.jsx,"<circle cx=""58"" cy=""45"" r=""1.5"" fill=""#991B1B"" opacity=""0.5"" />"
hex-in-components,b7a8f6b9,2026-01-12,Opus 4.5,no,src/components/foods/PizzaSVG.jsx,"<circle cx=""38"" cy=""55"" r=""6"" fill=""#DC2626"" />"
hex-in-components,b7a8f6b9,2026-01-12,Opus 4.5,no,src/components/foods/PizzaSVG.jsx,"<circle cx=""38"" cy=""55"" r=""4"" fill=""#B91C1C"" />"
hex-in-components,b7a8f6b9,2026-01-12,Opus 4.5,no,src/components/foods/PizzaSVG.jsx,"<circle cx=""38"" cy=""55"" r=""1.5"" fill=""#991B1B"" opacity=""0.5"" />"
hex-in-components,b7a8f6b9,2026-01-12,Opus 4.5,no,src/components/foods/PizzaSVG.jsx,"<circle cx=""55"" cy=""65"" r=""7"" fill=""#DC2626"" />"
hex-in-components,b7a8f6b9,2026-01-12,Opus 4.5,no,src/components/foods/PizzaSVG.jsx,"<circle cx=""55"" cy=""65"" r=""5"" fill=""#B91C1C"" />"
hex-in-components,b7a8f6b9,2026-01-12,Opus 4.5,no,src/components/foods/PizzaSVG.jsx,"<circle cx=""55"" cy=""65"" r=""2"" fill=""#991B1B"" opacity=""0.5"" />"
hex-in-components,b7a8f6b9,2026-01-12,Opus 4.5,no,src/components/foods/PizzaSVG.jsx,"<circle cx=""35"" cy=""72"" r=""5"" fill=""#DC2626"" />"
hex-in-components,b7a8f6b9,2026-01-12,Opus 4.5,no,src/components/foods/PizzaSVG.jsx,"<circle cx=""35"" cy=""72"" r=""3.5"" fill=""#B91C1C"" />"
hex-in-components,b7a8f6b9,2026-01-12,Opus 4.5,no,src/components/foods/PizzaSVG.jsx,"<circle cx=""35"" cy=""72"" r=""1.5"" fill=""#991B1B"" opacity=""0.5"" />"
hex-in-components,b7a8f6b9,2026-01-12,Opus 4.5,no,src/components/foods/PizzaSVG.jsx,"<circle cx=""62"" cy=""75"" r=""5"" fill=""#DC2626"" />"
hex-in-components,b7a8f6b9,2026-01-12,Opus 4.5,no,src/components/foods/PizzaSVG.jsx,"<circle cx=""62"" cy=""75"" r=""3.5"" fill=""#B91C1C"" />"
hex-in-components,b7a8f6b9,2026-01-12,Opus 4.5,no,src/components/foods/PizzaSVG.jsx,"<circle cx=""62"" cy=""75"" r=""1.5"" fill=""#991B1B"" opacity=""0.5"" />"
hex-in-components,b7a8f6b9,2026-01-12,Opus 4.5,no,src/components/foods/PizzaSVG.jsx,"<circle cx=""48"" cy=""50"" r=""2"" fill=""#FEF3C7"" opacity=""0.7"" />"
hex-in-components,b7a8f6b9,2026-01-12,Opus 4.5,no,src/components/foods/PizzaSVG.jsx,"<circle cx=""52"" cy=""38"" r=""1.5"" fill=""#FEF3C7"" opacity=""0.7"" />"
hex-in-components,b7a8f6b9,2026-01-12,Opus 4.5,no,src/components/foods/PizzaSVG.jsx,"<circle cx=""60"" cy=""58"" r=""1.5"" fill=""#FEF3C7"" opacity=""0.7"" />"
hex-in-components,b7a8f6b9,2026-01-12,Opus 4.5,no,src/components/foods/PizzaSVG.jsx,"<circle cx=""45"" cy=""68"" r=""2"" fill=""#FEF3C7"" opacity=""0.7"" />"
hex-in-components,b7a8f6b9,2026-01-12,Opus 4.5,no,src/components/foods/PizzaSVG.jsx,"stroke=""#B45309"""
hex-in-components,b7a8f6b9,2026-01-12,Opus 4.5,no,src/components/foods/PizzaSVG.jsx,"stroke=""#FCD34D"""
hex-in-components,b7a8f6b9,2026-01-12,Opus 4.5,no,src/components/foods/PizzaSVG.jsx,"stroke=""#FEF3C7"""
hex-in-components,b7a8f6b9,2026-01-12,Opus 4.5,no,src/components/foods/PizzaSVG.jsx,"fill=""#FCD34D"""
hex-in-components,b7a8f6b9,2026-01-12,Opus 4.5,no,src/components/foods/PizzaSVG.jsx,"fill=""#DC2626"""
hex-in-components,b7a8f6b9,2026-01-12,Opus 4.5,no,src/components/foods/PizzaSVG.jsx,"<ellipse cx=""46"" cy={biteY + 3} rx=""4"" ry=""2"" fill=""#FDE68A"" opacity=""0.8"" />"
hex-in-components,b7a8f6b9,2026-01-12,Opus 4.5,no,src/components/foods/PizzaSVG.jsx,"<ellipse cx=""54"" cy={biteY + 4} rx=""3"" ry=""1.5"" fill=""#FDE68A"" opacity=""0.7"" />"
hex-in-components,b7a8f6b9,2026-01-12,Opus 4.5,no,src/components/foods/PizzaSVG.jsx,"<circle cx=""45"" cy={biteY + 15} r=""2"" fill=""#F97316"" opacity=""0.15"" />"
hex-in-components,b7a8f6b9,2026-01-12,Opus 4.5,no,src/components/foods/PizzaSVG.jsx,"<circle cx=""55"" cy={biteY + 20} r=""2.5"" fill=""#F97316"" opacity=""0.12"" />"
hex-in-components,b7a8f6b9,2026-01-12,Opus 4.5,no,src/components/foods/PizzaSVG.jsx,"<circle cx=""40"" cy={biteY + 30} r=""1.8"" fill=""#F97316"" opacity=""0.1"" />"
hex-in-components,b7a8f6b9,2026-01-12,Opus 4.5,no,src/components/foods/PizzaSVG.jsx,"stroke=""#F97316"""
hex-in-components,b7a8f6b9,2026-01-12,Opus 4.5,no,src/components/foods/PizzaSVG.jsx,"<ellipse cx=""35"" cy={87 - eatenPercent * 10} rx=""2"" ry=""1"" fill=""#F97316"" />"
hex-in-components,b7a8f6b9,2026-01-12,Opus 4.5,no,src/components/foods/PokeBowlSVG.jsx,"<stop offset=""0%"" stopColor=""#5D4037"" />"
hex-in-components,b7a8f6b9,2026-01-12,Opus 4.5,no,src/components/foods/PokeBowlSVG.jsx,"<stop offset=""100%"" stopColor=""#3E2723"" />"
hex-in-components,b7a8f6b9,2026-01-12,Opus 4.5,no,src/components/foods/PokeBowlSVG.jsx,"<stop offset=""0%"" stopColor=""#FEFEFE"" />"
hex-in-components,b7a8f6b9,2026-01-12,Opus 4.5,no,src/components/foods/PokeBowlSVG.jsx,"<stop offset=""100%"" stopColor=""#F5F5F5"" />"
hex-in-components,b7a8f6b9,2026-01-12,Opus 4.5,no,src/components/foods/PokeBowlSVG.jsx,"<stop offset=""0%"" stopColor=""#FFA07A"" />"
hex-in-components,b7a8f6b9,2026-01-12,Opus 4.5,no,src/components/foods/PokeBowlSVG.jsx,"<stop offset=""100%"" stopColor=""#FA8072"" />"
hex-in-components,b7a8f6b9,2026-01-12,Opus 4.5,no,src/components/foods/PokeBowlSVG.jsx,"<stop offset=""0%"" stopColor=""#CD5C5C"" />"
hex-in-components,b7a8f6b9,2026-01-12,Opus 4.5,no,src/components/foods/PokeBowlSVG.jsx,"<stop offset=""100%"" stopColor=""#B22222"" />"
hex-in-components,b7a8f6b9,2026-01-12,Opus 4.5,no,src/components/foods/PokeBowlSVG.jsx,"<ellipse cx=""50"" cy=""30"" rx=""38"" ry=""11"" fill=""#4E342E"" />"
hex-in-components,b7a8f6b9,2026-01-12,Opus 4.5,no,src/components/foods/PokeBowlSVG.jsx,"<ellipse cx=""50"" cy=""32"" rx=""36"" ry=""10"" fill=""#3E2723"" />"
hex-in-components,b7a8f6b9,2026-01-12,Opus 4.5,no,src/components/foods/PokeBowlSVG.jsx,"<rect x=""22"" y=""45"" width=""6"" height=""6"" rx=""1"" fill=""#FFA07A"" transform=""rotate(-5 25 48)"" />"
hex-in-components,b7a8f6b9,2026-01-12,Opus 4.5,no,src/components/foods/PokeBowlSVG.jsx,"<rect x=""58"" y=""46"" width=""6"" height=""6"" rx=""1"" fill=""#CD5C5C"" transform=""rotate(8 61 49)"" />"
hex-in-components,b7a8f6b9,2026-01-12,Opus 4.5,no,src/components/foods/PokeBowlSVG.jsx,"<ellipse cx=""45"" cy=""36"" rx=""8"" ry=""4"" fill=""#9ACD32"" transform=""rotate(-15 45 36)"" />"
hex-in-components,b7a8f6b9,2026-01-12,Opus 4.5,no,src/components/foods/PokeBowlSVG.jsx,"<ellipse cx=""45"" cy=""36"" rx=""6"" ry=""3"" fill=""#ADFF2F"" transform=""rotate(-15 45 36)"" opacity=""0.7"" />"
hex-in-components,b7a8f6b9,2026-01-12,Opus 4.5,no,src/components/foods/PokeBowlSVG.jsx,"<ellipse cx=""55"" cy=""35"" rx=""7"" ry=""3.5"" fill=""#9ACD32"" transform=""rotate(10 55 35)"" />"
hex-in-components,b7a8f6b9,2026-01-12,Opus 4.5,no,src/components/foods/PokeBowlSVG.jsx,"<ellipse cx=""55"" cy=""35"" rx=""5"" ry=""2.5"" fill=""#ADFF2F"" transform=""rotate(10 55 35)"" opacity=""0.7"" />"
hex-in-components,b7a8f6b9,2026-01-12,Opus 4.5,no,src/components/foods/PokeBowlSVG.jsx,"<ellipse cx=""40"" cy=""50"" rx=""4"" ry=""2.5"" fill=""#8FBC8F"" />"
hex-in-components,b7a8f6b9,2026-01-12,Opus 4.5,no,src/components/foods/PokeBowlSVG.jsx,"<ellipse cx=""46"" cy=""52"" rx=""3.5"" ry=""2"" fill=""#8FBC8F"" />"
hex-in-components,b7a8f6b9,2026-01-12,Opus 4.5,no,src/components/foods/PokeBowlSVG.jsx,"<ellipse cx=""38"" cy=""54"" rx=""3"" ry=""2"" fill=""#90EE90"" />"
hex-in-components,b7a8f6b9,2026-01-12,Opus 4.5,no,src/components/foods/PokeBowlSVG.jsx,"<circle cx=""60"" cy=""52"" r=""4"" fill=""#98FB98"" />"
hex-in-components,b7a8f6b9,2026-01-12,Opus 4.5,no,src/components/foods/PokeBowlSVG.jsx,"<circle cx=""60"" cy=""52"" r=""3"" fill=""#90EE90"" />"
hex-in-components,b7a8f6b9,2026-01-12,Opus 4.5,no,src/components/foods/PokeBowlSVG.jsx,"<circle cx=""60"" cy=""52"" r=""1"" fill=""#F0FFF0"" />"
hex-in-components,b7a8f6b9,2026-01-12,Opus 4.5,no,src/components/foods/PokeBowlSVG.jsx,"<circle cx=""65"" cy=""55"" r=""3.5"" fill=""#98FB98"" />"
hex-in-components,b7a8f6b9,2026-01-12,Opus 4.5,no,src/components/foods/PokeBowlSVG.jsx,"<circle cx=""65"" cy=""55"" r=""2.5"" fill=""#90EE90"" />"
hex-in-components,b7a8f6b9,2026-01-12,Opus 4.5,no,src/components/foods/PokeBowlSVG.jsx,"<ellipse cx=""50"" cy=""42"" rx=""6"" ry=""3"" fill=""#2E7D32"" />"
hex-in-components,b7a8f6b9,2026-01-12,Opus 4.5,no,src/components/foods/PokeBowlSVG.jsx,"<path d=""M 46 41 Q 50 38 54 41"" fill=""none"" stroke=""#388E3C"" strokeWidth=""2"" />"
hex-in-components,b7a8f6b9,2026-01-12,Opus 4.5,no,src/components/foods/PokeBowlSVG.jsx,"<path d=""M 47 43 Q 50 46 53 43"" fill=""none"" stroke=""#1B5E20"" strokeWidth=""1.5"" />"
hex-in-components,b7a8f6b9,2026-01-12,Opus 4.5,no,src/components/foods/PokeBowlSVG.jsx,"<ellipse cx=""30"" cy=""40"" rx=""1.5"" ry=""0.8"" fill=""#FFF8E1"" />"
hex-in-components,b7a8f6b9,2026-01-12,Opus 4.5,no,src/components/foods/PokeBowlSVG.jsx,"<ellipse cx=""48"" cy=""38"" rx=""1.5"" ry=""0.8"" fill=""#FFF8E1"" />"
hex-in-components,b7a8f6b9,2026-01-12,Opus 4.5,no,src/components/foods/PokeBowlSVG.jsx,"<ellipse cx=""70"" cy=""41"" rx=""1.5"" ry=""0.8"" fill=""#FFF8E1"" />"
hex-in-components,b7a8f6b9,2026-01-12,Opus 4.5,no,src/components/foods/PokeBowlSVG.jsx,"<ellipse cx=""55"" cy=""50"" rx=""1.5"" ry=""0.8"" fill=""#1A1A1A"" />"
hex-in-components,b7a8f6b9,2026-01-12,Opus 4.5,no,src/components/foods/PokeBowlSVG.jsx,"<ellipse cx=""42"" cy=""48"" rx=""1.5"" ry=""0.8"" fill=""#1A1A1A"" />"
hex-in-components,b7a8f6b9,2026-01-12,Opus 4.5,no,src/components/foods/PokeBowlSVG.jsx,"<ellipse cx=""62"" cy=""45"" rx=""1.5"" ry=""0.8"" fill=""#FFF8E1"" />"
hex-in-components,b7a8f6b9,2026-01-12,Opus 4.5,no,src/components/foods/PokeBowlSVG.jsx,"<ellipse cx=""35"" cy=""38"" rx=""3"" ry=""1"" fill=""#4CAF50"" />"
hex-in-components,b7a8f6b9,2026-01-12,Opus 4.5,no,src/components/foods/PokeBowlSVG.jsx,"<ellipse cx=""52"" cy=""54"" rx=""2.5"" ry=""1"" fill=""#4CAF50"" />"
hex-in-components,b7a8f6b9,2026-01-12,Opus 4.5,no,src/components/foods/PokeBowlSVG.jsx,"<ellipse cx=""68"" cy=""50"" rx=""2"" ry=""0.8"" fill=""#66BB6A"" />"
hex-in-components,b7a8f6b9,2026-01-12,Opus 4.5,no,src/components/foods/PokeBowlSVG.jsx,"<rect x=""-1"" y=""-25"" width=""2"" height=""40"" rx=""1"" fill=""#8B4513"" />"
hex-in-components,b7a8f6b9,2026-01-12,Opus 4.5,no,src/components/foods/PokeBowlSVG.jsx,"<rect x=""3"" y=""-23"" width=""2"" height=""38"" rx=""1"" fill=""#A0522D"" />"
hex-in-components,b7a8f6b9,2026-01-12,Opus 4.5,no,src/components/foods/PokeBowlSVG.jsx,"<rect x=""-2"" y=""16"" width=""6"" height=""5"" rx=""1"" fill=""#FFA07A"" />"
hex-in-components,b7a8f6b9,2026-01-12,Opus 4.5,no,src/components/foods/PokeBowlSVG.jsx,"stroke=""#5D4037"""
hex-in-components,b7a8f6b9,2026-01-12,Opus 4.5,no,src/components/foods/PokeBowlSVG.jsx,"<ellipse cx=""45"" cy=""50"" rx=""12"" ry=""6"" fill=""#5D4037"" opacity=""0.3"" />"
hex-in-components,b7a8f6b9,2026-01-12,Opus 4.5,no,src/components/foods/SaladSVG.jsx,"<stop offset=""0%"" stopColor=""#8B4513"" />"
hex-in-components,b7a8f6b9,2026-01-12,Opus 4.5,no,src/components/foods/SaladSVG.jsx,"<stop offset=""100%"" stopColor=""#654321"" />"
hex-in-components,b7a8f6b9,2026-01-12,Opus 4.5,no,src/components/foods/SaladSVG.jsx,"<ellipse cx=""50"" cy=""72"" rx=""38"" ry=""10"" fill=""#5D3A1A"" />"
hex-in-components,b7a8f6b9,2026-01-12,Opus 4.5,no,src/components/foods/SaladSVG.jsx,"<ellipse cx=""50"" cy=""52"" rx=""36"" ry=""19"" fill=""#6B4423"" />"
hex-in-components,b7a8f6b9,2026-01-12,Opus 4.5,no,src/components/foods/SaladSVG.jsx,"<ellipse cx=""50"" cy=""52"" rx=""34"" ry=""17"" fill=""#7D5030"" />"
hex-in-components,b7a8f6b9,2026-01-12,Opus 4.5,no,src/components/foods/SaladSVG.jsx,"<ellipse cx=""50"" cy={50 + (1 - saladLevel) * 8} rx=""32"" ry={14 * saladLevel} fill=""#228B22"" />"
hex-in-components,b7a8f6b9,2026-01-12,Opus 4.5,no,src/components/foods/SaladSVG.jsx,"<ellipse cx=""40"" cy={48 + (1 - saladLevel) * 8} rx=""14"" ry={8 * saladLevel} fill=""#32CD32"" opacity=""0.8"" />"
hex-in-components,b7a8f6b9,2026-01-12,Opus 4.5,no,src/components/foods/SaladSVG.jsx,"<ellipse cx=""60"" cy={48 + (1 - saladLevel) * 8} rx=""12"" ry={7 * saladLevel} fill=""#90EE90"" opacity=""0.7"" />"
hex-in-components,b7a8f6b9,2026-01-12,Opus 4.5,no,src/components/foods/SaladSVG.jsx,"<ellipse cx=""50"" cy={52 + (1 - saladLevel) * 8} rx=""16"" ry={6 * saladLevel} fill=""#3CB371"" opacity=""0.8"" />"
hex-in-components,b7a8f6b9,2026-01-12,Opus 4.5,no,src/components/foods/SaladSVG.jsx,"stroke=""#2E8B2E"""
hex-in-components,b7a8f6b9,2026-01-12,Opus 4.5,no,src/components/foods/SaladSVG.jsx,"stroke=""#228B22"""
hex-in-components,b7a8f6b9,2026-01-12,Opus 4.5,no,src/components/foods/SaladSVG.jsx,"<circle cx=""35"" cy={46 + (1 - saladLevel) * 6} r=""4"" fill=""#FF6347"" />"
hex-in-components,b7a8f6b9,2026-01-12,Opus 4.5,no,src/components/foods/SaladSVG.jsx,"<circle cx=""34"" cy={44 + (1 - saladLevel) * 6} r=""1.5"" fill=""#FF7F7F"" opacity=""0.6"" />"
hex-in-components,b7a8f6b9,2026-01-12,Opus 4.5,no,src/components/foods/SaladSVG.jsx,"<circle cx=""62"" cy={48 + (1 - saladLevel) * 6} r=""3.5"" fill=""#FF6347"" />"
hex-in-components,b7a8f6b9,2026-01-12,Opus 4.5,no,src/components/foods/SaladSVG.jsx,"<circle cx=""61"" cy={46 + (1 - saladLevel) * 6} r=""1"" fill=""#FF7F7F"" opacity=""0.6"" />"
hex-in-components,b7a8f6b9,2026-01-12,Opus 4.5,no,src/components/foods/SaladSVG.jsx,"<ellipse cx=""45"" cy={44 + (1 - saladLevel) * 6} rx=""4"" ry=""3"" fill=""#90EE90"" />"
hex-in-components,b7a8f6b9,2026-01-12,Opus 4.5,no,src/components/foods/SaladSVG.jsx,"<ellipse cx=""45"" cy={44 + (1 - saladLevel) * 6} rx=""3"" ry=""2"" fill=""#98FB98"" />"
hex-in-components,b7a8f6b9,2026-01-12,Opus 4.5,no,src/components/foods/SaladSVG.jsx,"<ellipse cx=""70"" cy={50 + (1 - saladLevel) * 6} rx=""3.5"" ry=""2.5"" fill=""#90EE90"" />"
hex-in-components,b7a8f6b9,2026-01-12,Opus 4.5,no,src/components/foods/SaladSVG.jsx,"<ellipse cx=""70"" cy={50 + (1 - saladLevel) * 6} rx=""2.5"" ry=""1.5"" fill=""#98FB98"" />"
hex-in-components,b7a8f6b9,2026-01-12,Opus 4.5,no,src/components/foods/SaladSVG.jsx,"<ellipse cx=""55"" cy={45 + (1 - saladLevel) * 6} rx=""5"" ry=""2"" fill=""none"" stroke=""#8B008B"" strokeWidth=""1.5"" opacity=""0.7"" />"
hex-in-components,b7a8f6b9,2026-01-12,Opus 4.5,no,src/components/foods/SaladSVG.jsx,"<ellipse cx=""30"" cy={50 + (1 - saladLevel) * 6} rx=""4"" ry=""1.5"" fill=""none"" stroke=""#8B008B"" strokeWidth=""1.5"" opacity=""0.7"" />"
hex-in-components,b7a8f6b9,2026-01-12,Opus 4.5,no,src/components/foods/SaladSVG.jsx,"<rect x=""40"" y={48 + (1 - saladLevel) * 6} width=""8"" height=""1.5"" rx=""0.75"" fill=""#FF8C00"" transform={`rotate(-15 44 ${49 + (1 - saladLevel) * 6})`} />"
hex-in-components,b7a8f6b9,2026-01-12,Opus 4.5,no,src/components/foods/SaladSVG.jsx,"<rect x=""58"" y={52 + (1 - saladLevel) * 6} width=""6"" height=""1.5"" rx=""0.75"" fill=""#FFA500"" transform={`rotate(10 61 ${53 + (1 - saladLevel) * 6})`} />"
hex-in-components,b7a8f6b9,2026-01-12,Opus 4.5,no,src/components/foods/SaladSVG.jsx,"<rect x=""48"" y={42 + (1 - saladLevel) * 6} width=""3"" height=""3"" rx=""0.5"" fill=""#FFFAF0"" />"
hex-in-components,b7a8f6b9,2026-01-12,Opus 4.5,no,src/components/foods/SaladSVG.jsx,"<rect x=""38"" y={52 + (1 - saladLevel) * 6} width=""2.5"" height=""2.5"" rx=""0.5"" fill=""#FFFAF0"" />"
hex-in-components,b7a8f6b9,2026-01-12,Opus 4.5,no,src/components/foods/SaladSVG.jsx,"<rect x=""65"" cy={46 + (1 - saladLevel) * 6} width=""2"" height=""2"" rx=""0.5"" fill=""#FFFAF0"" />"
hex-in-components,b7a8f6b9,2026-01-12,Opus 4.5,no,src/components/foods/SaladSVG.jsx,"<rect x=""32"" y={40 + (1 - saladLevel) * 6} width=""5"" height=""5"" rx=""1"" fill=""#D4A04A"" transform={`rotate(15 35 ${43 + (1 - saladLevel) * 6})`} />"
hex-in-components,b7a8f6b9,2026-01-12,Opus 4.5,no,src/components/foods/SaladSVG.jsx,"<rect x=""52"" y={38 + (1 - saladLevel) * 6} width=""5"" height=""5"" rx=""1"" fill=""#C49A3A"" transform={`rotate(-10 55 ${41 + (1 - saladLevel) * 6})`} />"
hex-in-components,b7a8f6b9,2026-01-12,Opus 4.5,no,src/components/foods/SaladSVG.jsx,"<rect x=""68"" y={44 + (1 - saladLevel) * 6} width=""4"" height=""4"" rx=""1"" fill=""#D4A04A"" transform={`rotate(20 70 ${46 + (1 - saladLevel) * 6})`} />"
hex-in-components,b7a8f6b9,2026-01-12,Opus 4.5,no,src/components/foods/SaladSVG.jsx,"stroke=""#F5DEB3"""
hex-in-components,b7a8f6b9,2026-01-12,Opus 4.5,no,src/components/foods/SaladSVG.jsx,"<rect x=""-1"" y=""0"" width=""2"" height=""22"" rx=""1"" fill=""#C0C0C0"" />"
hex-in-components,b7a8f6b9,2026-01-12,Opus 4.5,no,src/components/foods/SaladSVG.jsx,"<rect x=""-4"" y=""-8"" width=""2"" height=""8"" rx=""0.5"" fill=""#C0C0C0"" />"
hex-in-components,b7a8f6b9,2026-01-12,Opus 4.5,no,src/components/foods/SaladSVG.jsx,"<rect x=""-1"" y=""-8"" width=""2"" height=""8"" rx=""0.5"" fill=""#C0C0C0"" />"
hex-in-components,b7a8f6b9,2026-01-12,Opus 4.5,no,src/components/foods/SaladSVG.jsx,"<rect x=""2"" y=""-8"" width=""2"" height=""8"" rx=""0.5"" fill=""#C0C0C0"" />"
hex-in-components,b7a8f6b9,2026-01-12,Opus 4.5,no,src/components/foods/SandwichSVG.jsx,"<stop offset=""0%"" stopColor=""#E8C78E"" />"
hex-in-components,b7a8f6b9,2026-01-12,Opus 4.5,no,src/components/foods/SandwichSVG.jsx,"<stop offset=""50%"" stopColor=""#D4A76A"" />"
hex-in-components,b7a8f6b9,2026-01-12,Opus 4.5,no,src/components/foods/SandwichSVG.jsx,"<stop offset=""100%"" stopColor=""#C49A5C"" />"
hex-in-components,b7a8f6b9,2026-01-12,Opus 4.5,no,src/components/foods/SandwichSVG.jsx,"<stop offset=""0%"" stopColor=""#D4A76A"" />"
hex-in-components,b7a8f6b9,2026-01-12,Opus 4.5,no,src/components/foods/SandwichSVG.jsx,"<stop offset=""100%"" stopColor=""#B8864A"" />"
hex-in-components,b7a8f6b9,2026-01-12,Opus 4.5,no,src/components/foods/SandwichSVG.jsx,"<stop offset=""0%"" stopColor=""#D4A5A5"" />"
hex-in-components,b7a8f6b9,2026-01-12,Opus 4.5,no,src/components/foods/SandwichSVG.jsx,"<stop offset=""100%"" stopColor=""#C48B8B"" />"
hex-in-components,b7a8f6b9,2026-01-12,Opus 4.5,no,src/components/foods/SandwichSVG.jsx,"stroke=""#C49A5C"""
hex-in-components,b7a8f6b9,2026-01-12,Opus 4.5,no,src/components/foods/SandwichSVG.jsx,"fill=""#E8B8B8"""
hex-in-components,b7a8f6b9,2026-01-12,Opus 4.5,no,src/components/foods/SandwichSVG.jsx,"fill=""#FFD54F"""
hex-in-components,b7a8f6b9,2026-01-12,Opus 4.5,no,src/components/foods/SandwichSVG.jsx,"fill=""#FFCA28"""
hex-in-components,b7a8f6b9,2026-01-12,Opus 4.5,no,src/components/foods/SandwichSVG.jsx,"fill=""#66BB6A"""
hex-in-components,b7a8f6b9,2026-01-12,Opus 4.5,no,src/components/foods/SandwichSVG.jsx,"stroke=""#81C784"""
hex-in-components,b7a8f6b9,2026-01-12,Opus 4.5,no,src/components/foods/SandwichSVG.jsx,"<ellipse cx=""25"" cy=""36"" rx=""12"" ry=""4"" fill=""#E53935"" />"
hex-in-components,b7a8f6b9,2026-01-12,Opus 4.5,no,src/components/foods/SandwichSVG.jsx,"<ellipse cx=""25"" cy=""36"" rx=""8"" ry=""2.5"" fill=""#EF5350"" />"
hex-in-components,b7a8f6b9,2026-01-12,Opus 4.5,no,src/components/foods/SandwichSVG.jsx,"<ellipse cx=""55"" cy=""37"" rx=""14"" ry=""4"" fill=""#E53935"" />"
hex-in-components,b7a8f6b9,2026-01-12,Opus 4.5,no,src/components/foods/SandwichSVG.jsx,"<ellipse cx=""55"" cy=""37"" rx=""10"" ry=""2.5"" fill=""#EF5350"" />"
hex-in-components,b7a8f6b9,2026-01-12,Opus 4.5,no,src/components/foods/SandwichSVG.jsx,"<ellipse cx=""82"" cy=""36"" rx=""10"" ry=""3.5"" fill=""#E53935"" />"
hex-in-components,b7a8f6b9,2026-01-12,Opus 4.5,no,src/components/foods/SandwichSVG.jsx,"<ellipse cx=""82"" cy=""36"" rx=""7"" ry=""2"" fill=""#EF5350"" />"
hex-in-components,b7a8f6b9,2026-01-12,Opus 4.5,no,src/components/foods/SandwichSVG.jsx,"stroke=""#B8864A"""
hex-in-components,b7a8f6b9,2026-01-12,Opus 4.5,no,src/components/foods/SandwichSVG.jsx,"<ellipse cx=""45"" cy=""26"" rx=""20"" ry=""6"" fill=""#F5DEB3"" opacity=""0.3"" />"
hex-in-components,b7a8f6b9,2026-01-12,Opus 4.5,no,src/components/foods/SandwichSVG.jsx,"<circle cx=""30"" cy=""24"" r=""1.5"" fill=""#8B7355"" opacity=""0.6"" />"
hex-in-components,b7a8f6b9,2026-01-12,Opus 4.5,no,src/components/foods/SandwichSVG.jsx,"<circle cx=""50"" cy=""22"" r=""1.5"" fill=""#8B7355"" opacity=""0.6"" />"
hex-in-components,b7a8f6b9,2026-01-12,Opus 4.5,no,src/components/foods/SandwichSVG.jsx,"<circle cx=""70"" cy=""24"" r=""1.5"" fill=""#8B7355"" opacity=""0.6"" />"
hex-in-components,b7a8f6b9,2026-01-12,Opus 4.5,no,src/components/foods/SandwichSVG.jsx,"<circle cx=""40"" cy=""30"" r=""1"" fill=""#8B7355"" opacity=""0.6"" />"
hex-in-components,b7a8f6b9,2026-01-12,Opus 4.5,no,src/components/foods/SandwichSVG.jsx,"<circle cx=""60"" cy=""29"" r=""1"" fill=""#8B7355"" opacity=""0.6"" />"
hex-in-components,b7a8f6b9,2026-01-12,Opus 4.5,no,src/components/foods/SandwichSVG.jsx,"fill=""#FFF8F0"""
hex-in-components,b7a8f6b9,2026-01-12,Opus 4.5,no,src/components/foods/SandwichSVG.jsx,"stroke=""#F5DEB3"""
hex-in-components,b7a8f6b9,2026-01-12,Opus 4.5,no,src/components/foods/SandwichSVG.jsx,"<circle cx={biteX - 3} cy=""24"" r=""1.2"" fill=""#FFFAF5"" opacity=""0.6"" />"
hex-in-components,b7a8f6b9,2026-01-12,Opus 4.5,no,src/components/foods/SandwichSVG.jsx,"<circle cx={biteX - 4} cy=""32"" r=""1"" fill=""#FFFAF5"" opacity=""0.5"" />"
hex-in-components,b7a8f6b9,2026-01-12,Opus 4.5,no,src/components/foods/SandwichSVG.jsx,"<circle cx={biteX - 2} cy=""36"" r=""0.8"" fill=""#FFFAF5"" opacity=""0.6"" />"
hex-in-components,b7a8f6b9,2026-01-12,Opus 4.5,no,src/components/foods/SandwichSVG.jsx,"stroke=""#81C784"""
hex-in-components,b7a8f6b9,2026-01-12,Opus 4.5,no,src/components/foods/SandwichSVG.jsx,"stroke=""#66BB6A"""
hex-in-components,b7a8f6b9,2026-01-12,Opus 4.5,no,src/components/foods/SandwichSVG.jsx,"stroke=""#4CAF50"""
hex-in-components,b7a8f6b9,2026-01-12,Opus 4.5,no,src/components/foods/SandwichSVG.jsx,"<ellipse cx={biteX - 3} cy=""56"" rx=""5"" ry=""3"" fill=""#E8B8B8"" />"
hex-in-components,b7a8f6b9,2026-01-12,Opus 4.5,no,src/components/foods/SandwichSVG.jsx,"<ellipse cx={biteX - 4} cy=""58"" rx=""4"" ry=""2.5"" fill=""#D4A5A5"" />"
hex-in-components,b7a8f6b9,2026-01-12,Opus 4.5,no,src/components/foods/SandwichSVG.jsx,"stroke=""#C48B8B"""
hex-in-components,b7a8f6b9,2026-01-12,Opus 4.5,no,src/components/foods/SandwichSVG.jsx,"stroke=""#FFD54F"""
hex-in-components,b7a8f6b9,2026-01-12,Opus 4.5,no,src/components/foods/SandwichSVG.jsx,"stroke=""#FFCA28"""
hex-in-components,b7a8f6b9,2026-01-12,Opus 4.5,no,src/components/foods/SandwichSVG.jsx,"<ellipse cx={biteX - 4} cy=""37"" rx=""5"" ry=""2.5"" fill=""#E53935"" />"
hex-in-components,b7a8f6b9,2026-01-12,Opus 4.5,no,src/components/foods/SandwichSVG.jsx,"<ellipse cx={biteX - 4} cy=""36"" rx=""3"" ry=""1.5"" fill=""#EF5350"" opacity=""0.8"" />"
hex-in-components,b7a8f6b9,2026-01-12,Opus 4.5,no,src/components/foods/SandwichSVG.jsx,"<ellipse cx={biteX - 5} cy=""42"" rx=""3"" ry=""1.5"" fill=""#FFFDE7"" opacity=""0.7"" />"
hex-in-components,b7a8f6b9,2026-01-12,Opus 4.5,no,src/components/foods/SandwichSVG.jsx,"<ellipse cx={biteX - 3} cy=""64"" rx=""2.5"" ry=""1"" fill=""#FFFDE7"" opacity=""0.6"" />"
hex-in-components,b7a8f6b9,2026-01-12,Opus 4.5,no,src/components/foods/SandwichSVG.jsx,"fill=""#FFF8F0"""
hex-in-components,b7a8f6b9,2026-01-12,Opus 4.5,no,src/components/foods/SandwichSVG.jsx,"stroke=""#DEB887"""
hex-in-components,b7a8f6b9,2026-01-12,Opus 4.5,no,src/components/foods/SandwichSVG.jsx,fill={crumb.type === 'bread' ? '#D4A76A' : '#66BB6A'}
hex-in-components,b7a8f6b9,2026-01-12,Opus 4.5,no,src/components/foods/SandwichSVG.jsx,"<circle cx={40 - eatenPercent * 5} cy=""88"" r=""1"" fill=""#D4A76A"" />"
hex-in-components,b7a8f6b9,2026-01-12,Opus 4.5,no,src/components/foods/SandwichSVG.jsx,"<circle cx={50 - eatenPercent * 8} cy=""87"" r=""0.8"" fill=""#C49A5C"" />"
hex-in-components,b7a8f6b9,2026-01-12,Opus 4.5,no,src/components/foods/SandwichSVG.jsx,"<circle cx={45 - eatenPercent * 3} cy=""89"" r=""1.2"" fill=""#D4A76A"" />"
hex-in-components,b7a8f6b9,2026-01-12,Opus 4.5,no,src/components/foods/SandwichSVG.jsx,"<ellipse cx={55 - eatenPercent * 10} cy=""88"" rx=""1.5"" ry=""0.8"" fill=""#66BB6A"" opacity=""0.5"" />"
hex-in-components,b7a8f6b9,2026-01-12,Opus 4.5,no,src/components/foods/SeafoodSVG.jsx,"<stop offset=""0%"" stopColor=""#FAFAFA"" />"
hex-in-components,b7a8f6b9,2026-01-12,Opus 4.5,no,src/components/foods/SeafoodSVG.jsx,"<stop offset=""100%"" stopColor=""#E8E8E8"" />"
hex-in-components,b7a8f6b9,2026-01-12,Opus 4.5,no,src/components/foods/SeafoodSVG.jsx,"<stop offset=""0%"" stopColor=""#4A90B8"" />"
hex-in-components,b7a8f6b9,2026-01-12,Opus 4.5,no,src/components/foods/SeafoodSVG.jsx,"<stop offset=""30%"" stopColor=""#3A80A8"" />"
hex-in-components,b7a8f6b9,2026-01-12,Opus 4.5,no,src/components/foods/SeafoodSVG.jsx,"<stop offset=""100%"" stopColor=""#2A6088"" />"
hex-in-components,b7a8f6b9,2026-01-12,Opus 4.5,no,src/components/foods/SeafoodSVG.jsx,"<stop offset=""0%"" stopColor=""#B8D8E8"" />"
hex-in-components,b7a8f6b9,2026-01-12,Opus 4.5,no,src/components/foods/SeafoodSVG.jsx,"<stop offset=""100%"" stopColor=""#90C0D8"" />"
hex-in-components,b7a8f6b9,2026-01-12,Opus 4.5,no,src/components/foods/SeafoodSVG.jsx,"<ellipse cx=""50"" cy=""50"" rx=""42"" ry=""24"" fill=""#F8F8F8"" />"
hex-in-components,b7a8f6b9,2026-01-12,Opus 4.5,no,src/components/foods/SeafoodSVG.jsx,"<ellipse cx=""50"" cy=""50"" rx=""46"" ry=""28"" fill=""none"" stroke=""#E0E0E0"" strokeWidth=""2"" />"
hex-in-components,b7a8f6b9,2026-01-12,Opus 4.5,no,src/components/foods/SeafoodSVG.jsx,"<rect x=""15"" y=""48"" width=""65"" height=""4"" rx=""2"" fill=""#F0EBE5"" />"
hex-in-components,b7a8f6b9,2026-01-12,Opus 4.5,no,src/components/foods/SeafoodSVG.jsx,"<rect x=""16"" y=""49"" width=""63"" height=""2"" rx=""1"" fill=""#FAF8F5"" opacity=""0.7"" />"
hex-in-components,b7a8f6b9,2026-01-12,Opus 4.5,no,src/components/foods/SeafoodSVG.jsx,"<g fill=""#EBE6E0"">"
hex-in-components,b7a8f6b9,2026-01-12,Opus 4.5,no,src/components/foods/SeafoodSVG.jsx,"<g fill=""#EBE6E0"">"
hex-in-components,b7a8f6b9,2026-01-12,Opus 4.5,no,src/components/foods/SeafoodSVG.jsx,"fill=""#F0EBE5"""
hex-in-components,b7a8f6b9,2026-01-12,Opus 4.5,no,src/components/foods/SeafoodSVG.jsx,"<path d=""M 3 48 Q 1 46 3 44 L 6 42"" stroke=""#E5E0DA"" strokeWidth=""2"" fill=""none"" />"
hex-in-components,b7a8f6b9,2026-01-12,Opus 4.5,no,src/components/foods/SeafoodSVG.jsx,"<path d=""M 3 48 Q 1 50 3 52 L 6 54"" stroke=""#E5E0DA"" strokeWidth=""2"" fill=""none"" />"
hex-in-components,b7a8f6b9,2026-01-12,Opus 4.5,no,src/components/foods/SeafoodSVG.jsx,"<circle cx=""12"" cy=""44"" r=""4"" fill=""#E5E0DA"" />"
hex-in-components,b7a8f6b9,2026-01-12,Opus 4.5,no,src/components/foods/SeafoodSVG.jsx,"<circle cx=""12"" cy=""44"" r=""2.5"" fill=""#D5D0CA"" />"
hex-in-components,b7a8f6b9,2026-01-12,Opus 4.5,no,src/components/foods/SeafoodSVG.jsx,"<path d=""M 18 42 Q 20 48 18 54"" stroke=""#EBE6E0"" strokeWidth=""2"" fill=""none"" />"
hex-in-components,b7a8f6b9,2026-01-12,Opus 4.5,no,src/components/foods/SeafoodSVG.jsx,"<g fill=""#EBE6E0"">"
hex-in-components,b7a8f6b9,2026-01-12,Opus 4.5,no,src/components/foods/SeafoodSVG.jsx,"fill=""#3A7898"""
hex-in-components,b7a8f6b9,2026-01-12,Opus 4.5,no,src/components/foods/SeafoodSVG.jsx,"stroke=""#2A5070"""
hex-in-components,b7a8f6b9,2026-01-12,Opus 4.5,no,src/components/foods/SeafoodSVG.jsx,"stroke=""#2A5070"""
hex-in-components,b7a8f6b9,2026-01-12,Opus 4.5,no,src/components/foods/SeafoodSVG.jsx,"stroke=""#1A3050"""
hex-in-components,b7a8f6b9,2026-01-12,Opus 4.5,no,src/components/foods/SeafoodSVG.jsx,"fill=""#3A7090"""
hex-in-components,b7a8f6b9,2026-01-12,Opus 4.5,no,src/components/foods/SeafoodSVG.jsx,"stroke=""#2A5070"""
hex-in-components,b7a8f6b9,2026-01-12,Opus 4.5,no,src/components/foods/SeafoodSVG.jsx,"<g opacity=""0.35"" fill=""#2A5878"">"
hex-in-components,b7a8f6b9,2026-01-12,Opus 4.5,no,src/components/foods/SeafoodSVG.jsx,"<g opacity=""0.3"" fill=""#3A6888"">"
hex-in-components,b7a8f6b9,2026-01-12,Opus 4.5,no,src/components/foods/SeafoodSVG.jsx,"<g opacity=""0.25"" fill=""#4A7898"">"
hex-in-components,b7a8f6b9,2026-01-12,Opus 4.5,no,src/components/foods/SeafoodSVG.jsx,"stroke=""#6AB0D0"""
hex-in-components,b7a8f6b9,2026-01-12,Opus 4.5,no,src/components/foods/SeafoodSVG.jsx,"<path d=""M 24 36 Q 28 50 24 64"" stroke=""#1A3040"" strokeWidth=""3"" fill=""none"" strokeLinecap=""round"" />"
hex-in-components,b7a8f6b9,2026-01-12,Opus 4.5,no,src/components/foods/SeafoodSVG.jsx,"<path d=""M 34 32 Q 38 50 34 68"" stroke=""#1A3040"" strokeWidth=""3"" fill=""none"" strokeLinecap=""round"" />"
hex-in-components,b7a8f6b9,2026-01-12,Opus 4.5,no,src/components/foods/SeafoodSVG.jsx,"<path d=""M 44 30 Q 48 50 44 70"" stroke=""#1A3040"" strokeWidth=""3"" fill=""none"" strokeLinecap=""round"" />"
hex-in-components,b7a8f6b9,2026-01-12,Opus 4.5,no,src/components/foods/SeafoodSVG.jsx,"<path d=""M 54 30 Q 58 50 54 70"" stroke=""#1A3040"" strokeWidth=""3"" fill=""none"" strokeLinecap=""round"" />"
hex-in-components,b7a8f6b9,2026-01-12,Opus 4.5,no,src/components/foods/SeafoodSVG.jsx,"<path d=""M 64 32 Q 68 50 64 68"" stroke=""#1A3040"" strokeWidth=""3"" fill=""none"" strokeLinecap=""round"" />"
hex-in-components,b7a8f6b9,2026-01-12,Opus 4.5,no,src/components/foods/SeafoodSVG.jsx,"<path d=""M 74 36 Q 78 50 74 64"" stroke=""#1A3040"" strokeWidth=""3"" fill=""none"" strokeLinecap=""round"" />"
hex-in-components,b7a8f6b9,2026-01-12,Opus 4.5,no,src/components/foods/SeafoodSVG.jsx,"<path d=""M 82 40 Q 84 50 82 58"" stroke=""#1A3040"" strokeWidth=""2.5"" fill=""none"" strokeLinecap=""round"" />"
hex-in-components,b7a8f6b9,2026-01-12,Opus 4.5,no,src/components/foods/SeafoodSVG.jsx,"<circle cx=""14"" cy=""42"" r=""5"" fill=""#1A2A3A"" />"
hex-in-components,b7a8f6b9,2026-01-12,Opus 4.5,no,src/components/foods/SeafoodSVG.jsx,"<circle cx=""14"" cy=""42"" r=""3.5"" fill=""#2A3A4A"" />"
hex-in-components,b7a8f6b9,2026-01-12,Opus 4.5,no,src/components/foods/SeafoodSVG.jsx,"<circle cx=""12.5"" cy=""40.5"" r=""1.5"" fill=""#FFF"" opacity=""0.8"" />"
hex-in-components,b7a8f6b9,2026-01-12,Opus 4.5,no,src/components/foods/SeafoodSVG.jsx,"<circle cx=""14"" cy=""42"" r=""5"" fill=""none"" stroke=""#4A6878"" strokeWidth=""0.5"" opacity=""0.5"" />"
hex-in-components,b7a8f6b9,2026-01-12,Opus 4.5,no,src/components/foods/SeafoodSVG.jsx,"stroke=""#3A80A8"""
hex-in-components,b7a8f6b9,2026-01-12,Opus 4.5,no,src/components/foods/SeafoodSVG.jsx,"fill=""#4A90B8"""
hex-in-components,b7a8f6b9,2026-01-12,Opus 4.5,no,src/components/foods/SeafoodSVG.jsx,"fill=""#3A80A8"""
hex-in-components,b7a8f6b9,2026-01-12,Opus 4.5,no,src/components/foods/SeafoodSVG.jsx,"fill=""#3A80A8"""
hex-in-components,b7a8f6b9,2026-01-12,Opus 4.5,no,src/components/foods/SeafoodSVG.jsx,"<path d=""M 86 44 Q 90 48 86 52"" stroke=""#2A6080"" strokeWidth=""1"" fill=""none"" opacity=""0.5"" />"
hex-in-components,b7a8f6b9,2026-01-12,Opus 4.5,no,src/components/foods/SeafoodSVG.jsx,"<ellipse cx=""30"" cy=""56"" rx=""8"" ry=""4"" fill=""#4A90B8"" transform=""rotate(-20 30 56)"" />"
hex-in-components,b7a8f6b9,2026-01-12,Opus 4.5,no,src/components/foods/SeafoodSVG.jsx,"<ellipse cx=""38"" cy=""64"" rx=""6"" ry=""3"" fill=""#4A90B8"" transform=""rotate(-10 38 64)"" />"
hex-in-components,b7a8f6b9,2026-01-12,Opus 4.5,no,src/components/foods/SeafoodSVG.jsx,"fill=""#3A80A8"""
hex-in-components,b7a8f6b9,2026-01-12,Opus 4.5,no,src/components/foods/SeafoodSVG.jsx,"<path d=""M 28 48 Q 55 46 82 50"" stroke=""#2A5878"" strokeWidth=""1.5"" fill=""none"" opacity=""0.5"" />"
hex-in-components,b7a8f6b9,2026-01-12,Opus 4.5,no,src/components/foods/SeafoodSVG.jsx,"<path d=""M 26 50 Q 55 48 82 52"" stroke=""#1A4060"" strokeWidth=""3"" fill=""none"" opacity=""0.25"" />"
hex-in-components,b7a8f6b9,2026-01-12,Opus 4.5,no,src/components/foods/SeafoodSVG.jsx,"stroke=""#C49464"""
hex-in-components,b7a8f6b9,2026-01-12,Opus 4.5,no,src/components/foods/SeafoodSVG.jsx,"<path d=""M 0 0 Q 7 -4 10 2 Q 9 9 2 9 Q -1 5 0 0"" fill=""#FFF59D"" />"
hex-in-components,b7a8f6b9,2026-01-12,Opus 4.5,no,src/components/foods/SeafoodSVG.jsx,"<path d=""M 1 1 Q 6 -2 8 2 Q 7 7 2 7 Q 0 4 1 1"" fill=""#FFEE58"" />"
hex-in-components,b7a8f6b9,2026-01-12,Opus 4.5,no,src/components/foods/SeafoodSVG.jsx,"<line x1=""2"" y1=""2"" x2=""6"" y2=""1"" stroke=""#FBC02D"" strokeWidth=""0.5"" />"
hex-in-components,b7a8f6b9,2026-01-12,Opus 4.5,no,src/components/foods/SeafoodSVG.jsx,"<line x1=""2"" y1=""4"" x2=""6"" y2=""4"" stroke=""#FBC02D"" strokeWidth=""0.5"" />"
hex-in-components,b7a8f6b9,2026-01-12,Opus 4.5,no,src/components/foods/SeafoodSVG.jsx,"<circle cx=""16"" cy=""68"" r=""2.5"" fill=""#4CAF50"" opacity=""0.8"" />"
hex-in-components,b7a8f6b9,2026-01-12,Opus 4.5,no,src/components/foods/SeafoodSVG.jsx,"<circle cx=""20"" cy=""66"" r=""2"" fill=""#66BB6A"" opacity=""0.7"" />"
hex-in-components,b7a8f6b9,2026-01-12,Opus 4.5,no,src/components/foods/SoupSVG.jsx,"<stop offset=""0%"" stopColor=""#FAFAFA"" />"
hex-in-components,b7a8f6b9,2026-01-12,Opus 4.5,no,src/components/foods/SoupSVG.jsx,"<stop offset=""100%"" stopColor=""#E0E0E0"" />"
hex-in-components,b7a8f6b9,2026-01-12,Opus 4.5,no,src/components/foods/SoupSVG.jsx,"<stop offset=""0%"" stopColor=""#E07020"" />"
hex-in-components,b7a8f6b9,2026-01-12,Opus 4.5,no,src/components/foods/SoupSVG.jsx,"<stop offset=""50%"" stopColor=""#D06018"" />"
hex-in-components,b7a8f6b9,2026-01-12,Opus 4.5,no,src/components/foods/SoupSVG.jsx,"<stop offset=""100%"" stopColor=""#C05010"" />"
hex-in-components,b7a8f6b9,2026-01-12,Opus 4.5,no,src/components/foods/SoupSVG.jsx,"<ellipse cx=""50"" cy=""72"" rx=""38"" ry=""10"" fill=""#D0D0D0"" />"
hex-in-components,b7a8f6b9,2026-01-12,Opus 4.5,no,src/components/foods/SoupSVG.jsx,"<ellipse cx=""50"" cy=""52"" rx=""40"" ry=""20"" fill=""none"" stroke=""#C8C8C8"" strokeWidth=""2"" />"
hex-in-components,b7a8f6b9,2026-01-12,Opus 4.5,no,src/components/foods/SoupSVG.jsx,"<ellipse cx=""50"" cy=""52"" rx=""34"" ry=""17"" fill=""#E8E8E8"" />"
hex-in-components,b7a8f6b9,2026-01-12,Opus 4.5,no,src/components/foods/SoupSVG.jsx,"<ellipse cx=""50"" cy=""52"" rx=""32"" ry=""15"" fill=""#F0F0F0"" />"
hex-in-components,b7a8f6b9,2026-01-12,Opus 4.5,no,src/components/foods/SoupSVG.jsx,"<rect x=""35"" y={50 + (1 - soupLevel) * 10} width=""4"" height=""4"" rx=""1"" fill=""#FF6347"" opacity=""0.8"" />"
hex-in-components,b7a8f6b9,2026-01-12,Opus 4.5,no,src/components/foods/SoupSVG.jsx,"<rect x=""55"" y={48 + (1 - soupLevel) * 10} width=""5"" height=""4"" rx=""1"" fill=""#228B22"" opacity=""0.7"" />"
hex-in-components,b7a8f6b9,2026-01-12,Opus 4.5,no,src/components/foods/SoupSVG.jsx,"<rect x=""42"" y={52 + (1 - soupLevel) * 10} width=""4"" height=""3"" rx=""1"" fill=""#FFA500"" opacity=""0.8"" />"
hex-in-components,b7a8f6b9,2026-01-12,Opus 4.5,no,src/components/foods/SoupSVG.jsx,"<rect x=""60"" y={51 + (1 - soupLevel) * 10} width=""3"" height=""4"" rx=""1"" fill=""#32CD32"" opacity=""0.7"" />"
hex-in-components,b7a8f6b9,2026-01-12,Opus 4.5,no,src/components/foods/SoupSVG.jsx,"<ellipse cx=""38"" cy={49 + (1 - soupLevel) * 10} rx=""3"" ry=""2"" fill=""#F5DEB3"" opacity=""0.8"" />"
hex-in-components,b7a8f6b9,2026-01-12,Opus 4.5,no,src/components/foods/SoupSVG.jsx,"<ellipse cx=""52"" cy={50 + (1 - soupLevel) * 10} rx=""3"" ry=""2"" fill=""#F5DEB3"" opacity=""0.7"" />"
hex-in-components,b7a8f6b9,2026-01-12,Opus 4.5,no,src/components/foods/SoupSVG.jsx,"<ellipse cx=""65"" cy={52 + (1 - soupLevel) * 10} rx=""2.5"" ry=""1.5"" fill=""#F5DEB3"" opacity=""0.8"" />"
hex-in-components,b7a8f6b9,2026-01-12,Opus 4.5,no,src/components/foods/SoupSVG.jsx,"<ellipse cx=""45"" cy={54 + (1 - soupLevel) * 10} rx=""3"" ry=""2"" fill=""#F0E0C8"" opacity=""0.8"" />"
hex-in-components,b7a8f6b9,2026-01-12,Opus 4.5,no,src/components/foods/SoupSVG.jsx,"<ellipse cx=""58"" cy={53 + (1 - soupLevel) * 10} rx=""2.5"" ry=""1.5"" fill=""#E8D0B8"" opacity=""0.7"" />"
hex-in-components,b7a8f6b9,2026-01-12,Opus 4.5,no,src/components/foods/SoupSVG.jsx,"<circle cx=""40"" cy={48 + (1 - soupLevel) * 10} r=""1"" fill=""#228B22"" opacity=""0.6"" />"
hex-in-components,b7a8f6b9,2026-01-12,Opus 4.5,no,src/components/foods/SoupSVG.jsx,"<circle cx=""55"" cy={49 + (1 - soupLevel) * 10} r=""0.8"" fill=""#2E8B2E"" opacity=""0.5"" />"
hex-in-components,b7a8f6b9,2026-01-12,Opus 4.5,no,src/components/foods/SoupSVG.jsx,"<circle cx=""48"" cy={51 + (1 - soupLevel) * 10} r=""1"" fill=""#228B22"" opacity=""0.5"" />"
hex-in-components,b7a8f6b9,2026-01-12,Opus 4.5,no,src/components/foods/SoupSVG.jsx,"stroke=""#FF8040"""
hex-in-components,b7a8f6b9,2026-01-12,Opus 4.5,no,src/components/foods/SoupSVG.jsx,"<ellipse cx=""0"" cy=""0"" rx=""7"" ry=""4.5"" fill=""#C0C0C0"" />"
hex-in-components,b7a8f6b9,2026-01-12,Opus 4.5,no,src/components/foods/SoupSVG.jsx,"<ellipse cx=""0"" cy=""-1"" rx=""5"" ry=""3"" fill=""#D8D8D8"" />"
hex-in-components,b7a8f6b9,2026-01-12,Opus 4.5,no,src/components/foods/SoupSVG.jsx,"<rect x=""-1.5"" y=""4"" width=""3"" height=""18"" rx=""1.5"" fill=""#B0B0B0"" />"
hex-in-components,b7a8f6b9,2026-01-12,Opus 4.5,no,src/components/foods/SoupSVG.jsx,"fill=""#D4A04A"""
hex-in-components,b7a8f6b9,2026-01-12,Opus 4.5,no,src/components/foods/SoupSVG.jsx,"fill=""#F5DEB3"""
hex-in-components,b7a8f6b9,2026-01-12,Opus 4.5,no,src/components/foods/SoupSVG.jsx,"stroke=""#FFF"""
hex-in-components,b7a8f6b9,2026-01-12,Opus 4.5,no,src/components/foods/SoupSVG.jsx,"stroke=""#FFF"""
hex-in-components,b7a8f6b9,2026-01-12,Opus 4.5,no,src/components/foods/SoupSVG.jsx,"stroke=""#FFF"""
hex-in-components,b7a8f6b9,2026-01-12,Opus 4.5,no,src/components/foods/SushiSVG.jsx,"{ x: sushiPieces[0].x + 5, y: sushiPieces[0].y + 12, color: '#FFA07A', show: piecesEaten >= 1 },"
hex-in-components,b7a8f6b9,2026-01-12,Opus 4.5,no,src/components/foods/SushiSVG.jsx,"{ x: sushiPieces[1].x - 3, y: sushiPieces[1].y + 10, color: '#CD5C5C', show: piecesEaten >= 2 },"
hex-in-components,b7a8f6b9,2026-01-12,Opus 4.5,no,src/components/foods/SushiSVG.jsx,"{ x: sushiPieces[2].x + 2, y: sushiPieces[2].y + 11, color: '#FFA07A', show: piecesEaten >= 3 },"
hex-in-components,b7a8f6b9,2026-01-12,Opus 4.5,no,src/components/foods/SushiSVG.jsx,"<ellipse cx=""0"" cy=""4"" rx=""12"" ry=""6"" fill=""#FEFEFE"" />"
hex-in-components,b7a8f6b9,2026-01-12,Opus 4.5,no,src/components/foods/SushiSVG.jsx,"<ellipse cx=""0"" cy=""3"" rx=""11"" ry=""5"" fill=""#F5F5F5"" />"
hex-in-components,b7a8f6b9,2026-01-12,Opus 4.5,no,src/components/foods/SushiSVG.jsx,"<ellipse cx=""-5"" cy=""4"" rx=""2"" ry=""1"" fill=""#EEEEEE"" />"
hex-in-components,b7a8f6b9,2026-01-12,Opus 4.5,no,src/components/foods/SushiSVG.jsx,"<ellipse cx=""-2"" cy=""5"" rx=""1.5"" ry=""0.8"" fill=""#E8E8E8"" />"
hex-in-components,b7a8f6b9,2026-01-12,Opus 4.5,no,src/components/foods/SushiSVG.jsx,"<ellipse cx=""3"" cy=""5"" rx=""2"" ry=""1"" fill=""#EEEEEE"" />"
hex-in-components,b7a8f6b9,2026-01-12,Opus 4.5,no,src/components/foods/SushiSVG.jsx,"<ellipse cx=""6"" cy=""4"" rx=""1.5"" ry=""0.8"" fill=""#E8E8E8"" />"
hex-in-components,b7a8f6b9,2026-01-12,Opus 4.5,no,src/components/foods/SushiSVG.jsx,"<ellipse cx=""0"" cy=""2"" rx=""1.5"" ry=""0.8"" fill=""#EEEEEE"" />"
hex-in-components,b7a8f6b9,2026-01-12,Opus 4.5,no,src/components/foods/SushiSVG.jsx,"<ellipse cx=""-3"" cy=""6"" rx=""1.2"" ry=""0.6"" fill=""#E5E5E5"" />"
hex-in-components,b7a8f6b9,2026-01-12,Opus 4.5,no,src/components/foods/SushiSVG.jsx,"<ellipse cx=""4"" cy=""6"" rx=""1.2"" ry=""0.6"" fill=""#E5E5E5"" />"
hex-in-components,b7a8f6b9,2026-01-12,Opus 4.5,no,src/components/foods/SushiSVG.jsx,fill={isSalmon ? '#FA8072' : '#CD5C5C'}
hex-in-components,b7a8f6b9,2026-01-12,Opus 4.5,no,src/components/foods/SushiSVG.jsx,fill={isSalmon ? '#FFA07A' : '#E57373'}
hex-in-components,b7a8f6b9,2026-01-12,Opus 4.5,no,src/components/foods/SushiSVG.jsx,fill={isSalmon ? '#FFB89A' : '#EF9A9A'}
hex-in-components,b7a8f6b9,2026-01-12,Opus 4.5,no,src/components/foods/SushiSVG.jsx,stroke={isSalmon ? '#FF6347' : '#B71C1C'}
hex-in-components,b7a8f6b9,2026-01-12,Opus 4.5,no,src/components/foods/SushiSVG.jsx,"<path d=""M -6 -3 Q -4 -2 -2 -3"" fill=""none"" stroke=""#FFE4DD"" strokeWidth=""1"" />"
hex-in-components,b7a8f6b9,2026-01-12,Opus 4.5,no,src/components/foods/SushiSVG.jsx,"<path d=""M 2 -2 Q 4 -3 6 -2"" fill=""none"" stroke=""#FFE4DD"" strokeWidth=""1"" />"
hex-in-components,b7a8f6b9,2026-01-12,Opus 4.5,no,src/components/foods/SushiSVG.jsx,"<rect x=""-2"" y=""-6"" width=""4"" height=""13"" rx=""1"" fill=""#1B5E20"" opacity=""0.9"" />"
hex-in-components,b7a8f6b9,2026-01-12,Opus 4.5,no,src/components/foods/SushiSVG.jsx,"<rect x=""-1.5"" y=""-4"" width=""0.5"" height=""2"" fill=""#2E7D32"" opacity=""0.3"" />"
hex-in-components,b7a8f6b9,2026-01-12,Opus 4.5,no,src/components/foods/SushiSVG.jsx,"<rect x=""0.5"" y=""-2"" width=""0.5"" height=""2"" fill=""#2E7D32"" opacity=""0.3"" />"
hex-in-components,b7a8f6b9,2026-01-12,Opus 4.5,no,src/components/foods/SushiSVG.jsx,"<ellipse cx=""0"" cy=""-1"" rx=""2"" ry=""1"" fill=""#9ACD32"" opacity=""0.6"" />"
hex-in-components,b7a8f6b9,2026-01-12,Opus 4.5,no,src/components/foods/SushiSVG.jsx,"<stop offset=""0%"" stopColor=""#2C2C2C"" />"
hex-in-components,b7a8f6b9,2026-01-12,Opus 4.5,no,src/components/foods/SushiSVG.jsx,"<stop offset=""50%"" stopColor=""#1A1A1A"" />"
hex-in-components,b7a8f6b9,2026-01-12,Opus 4.5,no,src/components/foods/SushiSVG.jsx,"<stop offset=""100%"" stopColor=""#0D0D0D"" />"
hex-in-components,b7a8f6b9,2026-01-12,Opus 4.5,no,src/components/foods/SushiSVG.jsx,"<stop offset=""0%"" stopColor=""#9ACD32"" />"
hex-in-components,b7a8f6b9,2026-01-12,Opus 4.5,no,src/components/foods/SushiSVG.jsx,"<stop offset=""100%"" stopColor=""#6B8E23"" />"
hex-in-components,b7a8f6b9,2026-01-12,Opus 4.5,no,src/components/foods/SushiSVG.jsx,"<stop offset=""0%"" stopColor=""#FFB6C1"" />"
hex-in-components,b7a8f6b9,2026-01-12,Opus 4.5,no,src/components/foods/SushiSVG.jsx,"<stop offset=""100%"" stopColor=""#FFC0CB"" />"
hex-in-components,b7a8f6b9,2026-01-12,Opus 4.5,no,src/components/foods/SushiSVG.jsx,"<rect x=""10"" y=""22"" width=""80"" height=""51"" rx=""3"" fill=""none"" stroke=""#3A3A3A"" strokeWidth=""1"" />"
hex-in-components,b7a8f6b9,2026-01-12,Opus 4.5,no,src/components/foods/SushiSVG.jsx,"<rect x=""12"" y=""24"" width=""76"" height=""47"" rx=""2"" fill=""#1F1F1F"" />"
hex-in-components,b7a8f6b9,2026-01-12,Opus 4.5,no,src/components/foods/SushiSVG.jsx,"<line x1=""15"" y1=""70"" x2=""85"" y2=""70"" stroke=""#2A2A2A"" strokeWidth=""2"" />"
hex-in-components,b7a8f6b9,2026-01-12,Opus 4.5,no,src/components/foods/SushiSVG.jsx,"fill=""#F5F5F5"""
hex-in-components,b7a8f6b9,2026-01-12,Opus 4.5,no,src/components/foods/SushiSVG.jsx,"<ellipse cx=""-1"" cy=""-1"" rx=""2"" ry=""1"" fill=""#B8E07C"" opacity=""0.5"" />"
hex-in-components,b7a8f6b9,2026-01-12,Opus 4.5,no,src/components/foods/SushiSVG.jsx,"<ellipse cx=""18"" cy=""70"" rx=""3"" ry=""1"" fill=""#9ACD32"" opacity=""0.3"" />"
hex-in-components,b7a8f6b9,2026-01-12,Opus 4.5,no,src/components/foods/SushiSVG.jsx,"<ellipse cx=""-2"" cy=""-1"" rx=""6"" ry=""2"" fill=""#FFB6C1"" opacity=""0.8"" />"
hex-in-components,b7a8f6b9,2026-01-12,Opus 4.5,no,src/components/foods/SushiSVG.jsx,"<ellipse cx=""2"" cy=""0"" rx=""5"" ry=""2"" fill=""#FFC0CB"" opacity=""0.7"" />"
hex-in-components,b7a8f6b9,2026-01-12,Opus 4.5,no,src/components/foods/SushiSVG.jsx,"<path d=""M -5 0 Q -3 -2 -1 0"" fill=""none"" stroke=""#FF9AA2"" strokeWidth=""0.5"" opacity=""0.5"" />"
hex-in-components,b7a8f6b9,2026-01-12,Opus 4.5,no,src/components/foods/SushiSVG.jsx,"<path d=""M 1 1 Q 3 -1 5 1"" fill=""none"" stroke=""#FF9AA2"" strokeWidth=""0.5"" opacity=""0.5"" />"
hex-in-components,b7a8f6b9,2026-01-12,Opus 4.5,no,src/components/foods/SushiSVG.jsx,"<ellipse cx=""75"" cy=""70"" rx=""2"" ry=""0.8"" fill=""#FFB6C1"" opacity=""0.5"" />"
hex-in-components,b7a8f6b9,2026-01-12,Opus 4.5,no,src/components/foods/SushiSVG.jsx,"<ellipse cx=""85"" cy=""69"" rx=""1.5"" ry=""0.6"" fill=""#FFC0CB"" opacity=""0.4"" />"
hex-in-components,b7a8f6b9,2026-01-12,Opus 4.5,no,src/components/foods/SushiSVG.jsx,"fill=""#3D1F00"""
hex-in-components,b7a8f6b9,2026-01-12,Opus 4.5,no,src/components/foods/SushiSVG.jsx,"<circle cx={splash.x + 2} cy={splash.y - 1} r=""0.5"" fill=""#3D1F00"" opacity=""0.3"" />"
hex-in-components,b7a8f6b9,2026-01-12,Opus 4.5,no,src/components/foods/SushiSVG.jsx,"<ellipse cx=""50"" cy=""82"" rx=""12"" ry=""4"" fill=""#2C2C2C"" />"
hex-in-components,b7a8f6b9,2026-01-12,Opus 4.5,no,src/components/foods/SushiSVG.jsx,"<ellipse cx=""50"" cy=""81"" rx=""10"" ry=""3"" fill=""#1A0A00"" />"
hex-in-components,b7a8f6b9,2026-01-12,Opus 4.5,no,src/components/foods/SushiSVG.jsx,"<ellipse cx=""50"" cy=""81"" rx={8 - eatenPercent * 1.5} ry={2 - eatenPercent * 0.3} fill=""#3D1F00"" />"
hex-in-components,b7a8f6b9,2026-01-12,Opus 4.5,no,src/components/foods/SushiSVG.jsx,"<ellipse cx=""48"" cy=""80"" rx=""2"" ry=""1"" fill=""#5D2F00"" opacity=""0.5"" />"
hex-in-components,b7a8f6b9,2026-01-12,Opus 4.5,no,src/components/foods/SushiSVG.jsx,"stroke=""#3D1F00"""
hex-in-components,b7a8f6b9,2026-01-12,Opus 4.5,no,src/components/foods/SushiSVG.jsx,"<rect x=""-1"" y=""-30"" width=""2"" height=""45"" rx=""1"" fill=""#8B4513"" />"
hex-in-components,b7a8f6b9,2026-01-12,Opus 4.5,no,src/components/foods/SushiSVG.jsx,"<rect x=""-0.5"" y=""-28"" width=""1"" height=""40"" fill=""#9B5523"" opacity=""0.5"" />"
hex-in-components,b7a8f6b9,2026-01-12,Opus 4.5,no,src/components/foods/SushiSVG.jsx,"<rect x=""3"" y=""-28"" width=""2"" height=""43"" rx=""1"" fill=""#A0522D"" />"
hex-in-components,b7a8f6b9,2026-01-12,Opus 4.5,no,src/components/foods/SushiSVG.jsx,"<rect x=""3.5"" y=""-26"" width=""1"" height=""38"" fill=""#B0623D"" opacity=""0.5"" />"
hex-in-components,b7a8f6b9,2026-01-12,Opus 4.5,no,src/components/foods/SushiSVG.jsx,"<ellipse cx=""-3"" cy=""8"" rx=""1"" ry=""0.5"" fill=""#F5F5F5"" opacity=""0.7"" />"
hex-in-components,b7a8f6b9,2026-01-12,Opus 4.5,no,src/components/foods/SushiSVG.jsx,"<ellipse cx=""2"" cy=""10"" rx=""0.8"" ry=""0.4"" fill=""#F5F5F5"" opacity=""0.6"" />"
hex-in-components,b7a8f6b9,2026-01-12,Opus 4.5,no,src/components/foods/SushiSVG.jsx,"<ellipse cx=""0"" cy=""3"" rx=""6"" ry=""3"" fill=""#F5F5F5"" />"
hex-in-components,b7a8f6b9,2026-01-12,Opus 4.5,no,src/components/foods/SushiSVG.jsx,"<ellipse cx=""0"" cy=""1"" rx=""5.5"" ry=""2.5"" fill={piecesEaten % 2 === 0 ? '#FFA07A' : '#CD5C5C'} />"
hex-in-components,b7a8f6b9,2026-01-12,Opus 4.5,no,src/components/foods/SushiSVG.jsx,"<ellipse cx=""1"" cy=""2"" rx=""3"" ry=""1.5"" fill=""#3D1F00"" opacity=""0.25"" />"
hex-in-components,b7a8f6b9,2026-01-12,Opus 4.5,no,src/components/foods/SushiSVG.jsx,"<ellipse cx=""2"" cy=""6"" rx=""0.8"" ry=""1.2"" fill=""#3D1F00"" opacity=""0.4"" />"
hex-in-components,b7a8f6b9,2026-01-12,Opus 4.5,no,src/components/foods/SushiSVG.jsx,"<ellipse cx=""0"" cy=""12"" rx=""1"" ry=""0.5"" fill=""#F5F5F5"" opacity=""0.6"" />"
hex-in-components,b7a8f6b9,2026-01-12,Opus 4.5,no,src/components/foods/SushiSVG.jsx,"<ellipse cx=""4"" cy=""10"" rx=""0.8"" ry=""0.4"" fill=""#F5F5F5"" opacity=""0.5"" />"
hex-in-components,b7a8f6b9,2026-01-12,Opus 4.5,no,src/components/foods/SushiSVG.jsx,"<text x=""50"" y=""48"" textAnchor=""middle"" fill=""#3A3A3A"" fontSize=""8"" fontFamily=""sans-serif"">"
hex-in-components,b7a8f6b9,2026-01-12,Opus 4.5,no,src/components/foods/SushiSVG.jsx,"<ellipse cx=""25"" cy=""72"" rx=""3"" ry=""1"" fill=""#3D1F00"" opacity=""0.2"" />"
hex-in-components,b7a8f6b9,2026-01-12,Opus 4.5,no,src/components/foods/SushiSVG.jsx,"<ellipse cx=""30"" cy=""68"" rx=""2"" ry=""0.8"" fill=""#9ACD32"" opacity=""0.2"" />"
hex-in-components,b7a8f6b9,2026-01-12,Opus 4.5,no,src/components/foods/TacoSVG.jsx,"<stop offset=""0%"" stopColor=""#F4D03F"" />"
hex-in-components,b7a8f6b9,2026-01-12,Opus 4.5,no,src/components/foods/TacoSVG.jsx,"<stop offset=""50%"" stopColor=""#E9B824"" />"
hex-in-components,b7a8f6b9,2026-01-12,Opus 4.5,no,src/components/foods/TacoSVG.jsx,"<stop offset=""100%"" stopColor=""#D4A012"" />"
hex-in-components,b7a8f6b9,2026-01-12,Opus 4.5,no,src/components/foods/TacoSVG.jsx,"<stop offset=""0%"" stopColor=""#8B4513"" />"
hex-in-components,b7a8f6b9,2026-01-12,Opus 4.5,no,src/components/foods/TacoSVG.jsx,"<stop offset=""100%"" stopColor=""#654321"" />"
hex-in-components,b7a8f6b9,2026-01-12,Opus 4.5,no,src/components/foods/TacoSVG.jsx,"fill=""#4CAF50"""
hex-in-components,b7a8f6b9,2026-01-12,Opus 4.5,no,src/components/foods/TacoSVG.jsx,"<circle cx=""30"" cy=""55"" r=""5"" fill=""#E53935"" />"
hex-in-components,b7a8f6b9,2026-01-12,Opus 4.5,no,src/components/foods/TacoSVG.jsx,"<circle cx=""30"" cy=""55"" r=""3.5"" fill=""#EF5350"" />"
hex-in-components,b7a8f6b9,2026-01-12,Opus 4.5,no,src/components/foods/TacoSVG.jsx,"<circle cx=""50"" cy=""52"" r=""6"" fill=""#E53935"" />"
hex-in-components,b7a8f6b9,2026-01-12,Opus 4.5,no,src/components/foods/TacoSVG.jsx,"<circle cx=""50"" cy=""52"" r=""4"" fill=""#EF5350"" />"
hex-in-components,b7a8f6b9,2026-01-12,Opus 4.5,no,src/components/foods/TacoSVG.jsx,"<circle cx=""70"" cy=""55"" r=""5"" fill=""#E53935"" />"
hex-in-components,b7a8f6b9,2026-01-12,Opus 4.5,no,src/components/foods/TacoSVG.jsx,"<circle cx=""70"" cy=""55"" r=""3.5"" fill=""#EF5350"" />"
hex-in-components,b7a8f6b9,2026-01-12,Opus 4.5,no,src/components/foods/TacoSVG.jsx,"<circle cx=""32"" cy=""56"" r=""3"" fill=""#6B3E26"" />"
hex-in-components,b7a8f6b9,2026-01-12,Opus 4.5,no,src/components/foods/TacoSVG.jsx,"<circle cx=""45"" cy=""54"" r=""4"" fill=""#7A4A32"" />"
hex-in-components,b7a8f6b9,2026-01-12,Opus 4.5,no,src/components/foods/TacoSVG.jsx,"<circle cx=""58"" cy=""55"" r=""3.5"" fill=""#6B3E26"" />"
hex-in-components,b7a8f6b9,2026-01-12,Opus 4.5,no,src/components/foods/TacoSVG.jsx,"<circle cx=""72"" cy=""57"" r=""3"" fill=""#7A4A32"" />"
hex-in-components,b7a8f6b9,2026-01-12,Opus 4.5,no,src/components/foods/TacoSVG.jsx,"<rect x=""25"" y=""48"" width=""8"" height=""2"" rx=""1"" fill=""#FFD54F"" transform=""rotate(-15 29 49)"" />"
hex-in-components,b7a8f6b9,2026-01-12,Opus 4.5,no,src/components/foods/TacoSVG.jsx,"<rect x=""38"" y=""46"" width=""10"" height=""2"" rx=""1"" fill=""#FFCA28"" transform=""rotate(10 43 47)"" />"
hex-in-components,b7a8f6b9,2026-01-12,Opus 4.5,no,src/components/foods/TacoSVG.jsx,"<rect x=""52"" y=""47"" width=""8"" height=""2"" rx=""1"" fill=""#FFD54F"" transform=""rotate(-8 56 48)"" />"
hex-in-components,b7a8f6b9,2026-01-12,Opus 4.5,no,src/components/foods/TacoSVG.jsx,"<rect x=""65"" y=""48"" width=""9"" height=""2"" rx=""1"" fill=""#FFCA28"" transform=""rotate(12 69 49)"" />"
hex-in-components,b7a8f6b9,2026-01-12,Opus 4.5,no,src/components/foods/TacoSVG.jsx,"<rect x=""30"" y=""52"" width=""6"" height=""1.5"" rx=""0.75"" fill=""#FFE082"" transform=""rotate(5 33 53)"" />"
hex-in-components,b7a8f6b9,2026-01-12,Opus 4.5,no,src/components/foods/TacoSVG.jsx,"<rect x=""55"" y=""51"" width=""7"" height=""1.5"" rx=""0.75"" fill=""#FFE082"" transform=""rotate(-10 58 52)"" />"
hex-in-components,b7a8f6b9,2026-01-12,Opus 4.5,no,src/components/foods/TacoSVG.jsx,"<ellipse cx=""35"" cy=""45"" rx=""5"" ry=""2.5"" fill=""#FAFAFA"" />"
hex-in-components,b7a8f6b9,2026-01-12,Opus 4.5,no,src/components/foods/TacoSVG.jsx,"<ellipse cx=""55"" cy=""44"" rx=""6"" ry=""3"" fill=""#FAFAFA"" />"
hex-in-components,b7a8f6b9,2026-01-12,Opus 4.5,no,src/components/foods/TacoSVG.jsx,"<ellipse cx=""73"" cy=""46"" rx=""4"" ry=""2"" fill=""#F5F5F5"" />"
hex-in-components,b7a8f6b9,2026-01-12,Opus 4.5,no,src/components/foods/TacoSVG.jsx,"stroke=""#66BB6A"""
hex-in-components,b7a8f6b9,2026-01-12,Opus 4.5,no,src/components/foods/TacoSVG.jsx,"stroke=""#D4A012"""
hex-in-components,b7a8f6b9,2026-01-12,Opus 4.5,no,src/components/foods/TacoSVG.jsx,"stroke=""#C99A00"""
hex-in-components,b7a8f6b9,2026-01-12,Opus 4.5,no,src/components/foods/TacoSVG.jsx,"<ellipse cx=""40"" cy=""42"" rx=""3"" ry=""1.5"" fill=""#4CAF50"" transform=""rotate(-20 40 42)"" />"
hex-in-components,b7a8f6b9,2026-01-12,Opus 4.5,no,src/components/foods/TacoSVG.jsx,"<ellipse cx=""60"" cy=""43"" rx=""2.5"" ry=""1.2"" fill=""#66BB6A"" transform=""rotate(15 60 43)"" />"
hex-in-components,b7a8f6b9,2026-01-12,Opus 4.5,no,src/components/foods/TacoSVG.jsx,"<ellipse cx=""48"" cy=""40"" rx=""2"" ry=""1"" fill=""#4CAF50"" transform=""rotate(-5 48 40)"" />"
hex-in-components,b7a8f6b9,2026-01-12,Opus 4.5,no,src/components/foods/TacoSVG.jsx,"<circle cx=""42"" cy=""50"" r=""2"" fill=""#FAFAFA"" opacity=""0.8"" />"
hex-in-components,b7a8f6b9,2026-01-12,Opus 4.5,no,src/components/foods/TacoSVG.jsx,"<circle cx=""62"" cy=""49"" r=""1.8"" fill=""#FAFAFA"" opacity=""0.8"" />"
hex-in-components,b7a8f6b9,2026-01-12,Opus 4.5,no,src/components/foods/TacoSVG.jsx,"<circle cx=""52"" cy=""48"" r=""1.5"" fill=""#F5F5F5"" opacity=""0.7"" />"
hex-in-components,b7a8f6b9,2026-01-12,Opus 4.5,no,src/components/foods/TacoSVG.jsx,"stroke=""#C99A00"""
hex-in-components,b7a8f6b9,2026-01-12,Opus 4.5,no,src/components/foods/TacoSVG.jsx,"stroke=""#E9B824"""
hex-in-components,b7a8f6b9,2026-01-12,Opus 4.5,no,src/components/foods/TacoSVG.jsx,"<circle cx={biteX - 3} cy=""75"" r=""1.5"" fill=""#F4D03F"" opacity=""0.7"" />"
hex-in-components,b7a8f6b9,2026-01-12,Opus 4.5,no,src/components/foods/TacoSVG.jsx,"<circle cx={biteX - 7} cy=""78"" r=""1"" fill=""#E9B824"" opacity=""0.6"" />"
hex-in-components,b7a8f6b9,2026-01-12,Opus 4.5,no,src/components/foods/TacoSVG.jsx,"<circle cx={biteX + 2} cy=""76"" r=""1.2"" fill=""#D4A012"" opacity=""0.5"" />"
hex-in-components,b7a8f6b9,2026-01-12,Opus 4.5,no,src/components/foods/TacoSVG.jsx,"<ellipse cx={biteX - 3} cy=""55"" rx=""5"" ry=""3"" fill=""#8B4513"" />"
hex-in-components,b7a8f6b9,2026-01-12,Opus 4.5,no,src/components/foods/TacoSVG.jsx,"<ellipse cx={biteX - 5} cy=""58"" rx=""3"" ry=""2"" fill=""#6B3E26"" />"
hex-in-components,b7a8f6b9,2026-01-12,Opus 4.5,no,src/components/foods/TacoSVG.jsx,"stroke=""#66BB6A"""
hex-in-components,b7a8f6b9,2026-01-12,Opus 4.5,no,src/components/foods/TacoSVG.jsx,"stroke=""#4CAF50"""
hex-in-components,b7a8f6b9,2026-01-12,Opus 4.5,no,src/components/foods/TacoSVG.jsx,"stroke=""#FFD54F"""
hex-in-components,b7a8f6b9,2026-01-12,Opus 4.5,no,src/components/foods/TacoSVG.jsx,"stroke=""#FFCA28"""
hex-in-components,b7a8f6b9,2026-01-12,Opus 4.5,no,src/components/foods/TacoSVG.jsx,"stroke=""#FAFAFA"""
hex-in-components,b7a8f6b9,2026-01-12,Opus 4.5,no,src/components/foods/TacoSVG.jsx,"<circle cx={biteX - 4} cy=""52"" r=""3"" fill=""#E53935"" />"
hex-in-components,b7a8f6b9,2026-01-12,Opus 4.5,no,src/components/foods/TacoSVG.jsx,"<circle cx={biteX - 4} cy=""51"" r=""1.5"" fill=""#EF5350"" opacity=""0.7"" />"
hex-in-components,b7a8f6b9,2026-01-12,Opus 4.5,no,src/components/foods/TacoSVG.jsx,"<ellipse rx={piece.size} ry={piece.size * 0.7} fill=""#8B4513"" opacity=""0.8"" />"
hex-in-components,b7a8f6b9,2026-01-12,Opus 4.5,no,src/components/foods/TacoSVG.jsx,"<rect x={-piece.size} y={-piece.size / 3} width={piece.size * 2} height={piece.size / 1.5} rx=""1"" fill=""#FFD54F"" opacity=""0.8"" />"
hex-in-components,b7a8f6b9,2026-01-12,Opus 4.5,no,src/components/foods/TacoSVG.jsx,"<ellipse rx={piece.size} ry={piece.size * 0.5} fill=""#66BB6A"" opacity=""0.7"" />"
hex-in-components,b7a8f6b9,2026-01-12,Opus 4.5,no,src/components/foods/TacoSVG.jsx,"<circle r={piece.size} fill=""#E53935"" opacity=""0.8"" />"
hex-in-components,b7a8f6b9,2026-01-12,Opus 4.5,no,src/components/foods/TacoSVG.jsx,"<ellipse cx={45 - eatenPercent * 10} cy=""88"" rx=""8"" ry=""2"" fill=""#8B4513"" opacity=""0.15"" />"
hex-in-components,b7a8f6b9,2026-01-12,Opus 4.5,no,src/components/foods/TacoSVG.jsx,"<circle cx={50 - eatenPercent * 8} cy=""87"" r=""1"" fill=""#FFD54F"" opacity=""0.3"" />"
hex-in-components,b7a8f6b9,2026-01-12,Opus 4.5,no,src/components/foods/TacoSVG.jsx,"<circle cx={55 - eatenPercent * 12} cy=""89"" r=""1.5"" fill=""#66BB6A"" opacity=""0.25"" />"
hex-in-components,b7a8f6b9,2026-01-12,Opus 4.5,no,src/components/foods/TendysSVG.jsx,"fill=""#A67C3D"""
hex-in-components,b7a8f6b9,2026-01-12,Opus 4.5,no,src/components/foods/TendysSVG.jsx,"fill=""#C4943D"""
hex-in-components,b7a8f6b9,2026-01-12,Opus 4.5,no,src/components/foods/TendysSVG.jsx,"fill=""#D4A44D"""
hex-in-components,b7a8f6b9,2026-01-12,Opus 4.5,no,src/components/foods/TendysSVG.jsx,"<ellipse cx=""-12"" cy=""-3"" rx=""4"" ry=""2.5"" fill=""#DEB060"" opacity=""0.8"" />"
hex-in-components,b7a8f6b9,2026-01-12,Opus 4.5,no,src/components/foods/TendysSVG.jsx,"<ellipse cx=""-5"" cy=""-4"" rx=""5"" ry=""2.5"" fill=""#D4A050"" opacity=""0.7"" />"
hex-in-components,b7a8f6b9,2026-01-12,Opus 4.5,no,src/components/foods/TendysSVG.jsx,"<ellipse cx=""5"" cy=""-3"" rx=""4"" ry=""2.5"" fill=""#DEB060"" opacity=""0.8"" />"
hex-in-components,b7a8f6b9,2026-01-12,Opus 4.5,no,src/components/foods/TendysSVG.jsx,"<ellipse cx=""12"" cy=""-2"" rx=""3.5"" ry=""2"" fill=""#D4A050"" opacity=""0.7"" />"
hex-in-components,b7a8f6b9,2026-01-12,Opus 4.5,no,src/components/foods/TendysSVG.jsx,"<ellipse cx=""-14"" cy=""1"" rx=""3"" ry=""2"" fill=""#C49040"" opacity=""0.6"" />"
hex-in-components,b7a8f6b9,2026-01-12,Opus 4.5,no,src/components/foods/TendysSVG.jsx,"<ellipse cx=""-8"" cy=""3"" rx=""4"" ry=""2"" fill=""#C49040"" opacity=""0.5"" />"
hex-in-components,b7a8f6b9,2026-01-12,Opus 4.5,no,src/components/foods/TendysSVG.jsx,"<ellipse cx=""2"" cy=""4"" rx=""5"" ry=""2"" fill=""#C49040"" opacity=""0.6"" />"
hex-in-components,b7a8f6b9,2026-01-12,Opus 4.5,no,src/components/foods/TendysSVG.jsx,"<ellipse cx=""10"" cy=""3"" rx=""4"" ry=""2"" fill=""#C49040"" opacity=""0.5"" />"
hex-in-components,b7a8f6b9,2026-01-12,Opus 4.5,no,src/components/foods/TendysSVG.jsx,"<ellipse cx=""15"" cy=""1"" rx=""3"" ry=""2"" fill=""#C49040"" opacity=""0.6"" />"
hex-in-components,b7a8f6b9,2026-01-12,Opus 4.5,no,src/components/foods/TendysSVG.jsx,"<circle cx=""-16"" cy=""-1"" r=""2"" fill=""#8B6914"" opacity=""0.6"" />"
hex-in-components,b7a8f6b9,2026-01-12,Opus 4.5,no,src/components/foods/TendysSVG.jsx,"<circle cx=""-10"" cy=""-5"" r=""1.5"" fill=""#8B6914"" opacity=""0.5"" />"
hex-in-components,b7a8f6b9,2026-01-12,Opus 4.5,no,src/components/foods/TendysSVG.jsx,"<circle cx=""0"" cy=""-5"" r=""2"" fill=""#8B6914"" opacity=""0.4"" />"
hex-in-components,b7a8f6b9,2026-01-12,Opus 4.5,no,src/components/foods/TendysSVG.jsx,"<circle cx=""8"" cy=""-4"" r=""1.5"" fill=""#8B6914"" opacity=""0.5"" />"
hex-in-components,b7a8f6b9,2026-01-12,Opus 4.5,no,src/components/foods/TendysSVG.jsx,"<circle cx=""16"" cy=""0"" r=""2"" fill=""#8B6914"" opacity=""0.6"" />"
hex-in-components,b7a8f6b9,2026-01-12,Opus 4.5,no,src/components/foods/TendysSVG.jsx,"<circle cx=""-6"" cy=""5"" r=""1.5"" fill=""#8B6914"" opacity=""0.5"" />"
hex-in-components,b7a8f6b9,2026-01-12,Opus 4.5,no,src/components/foods/TendysSVG.jsx,"<circle cx=""6"" cy=""5"" r=""1.5"" fill=""#8B6914"" opacity=""0.5"" />"
hex-in-components,b7a8f6b9,2026-01-12,Opus 4.5,no,src/components/foods/TendysSVG.jsx,"stroke=""#F0C870"""
hex-in-components,b7a8f6b9,2026-01-12,Opus 4.5,no,src/components/foods/TendysSVG.jsx,"<ellipse cx=""-2"" cy=""-3"" rx=""6"" ry=""2"" fill=""#F5D080"" opacity=""0.3"" />"
hex-in-components,b7a8f6b9,2026-01-12,Opus 4.5,no,src/components/foods/TendysSVG.jsx,"<circle cx=""-13"" cy=""-4"" r=""1"" fill=""#A07020"" opacity=""0.7"" />"
hex-in-components,b7a8f6b9,2026-01-12,Opus 4.5,no,src/components/foods/TendysSVG.jsx,"<circle cx=""3"" cy=""-5"" r=""1.2"" fill=""#A07020"" opacity=""0.6"" />"
hex-in-components,b7a8f6b9,2026-01-12,Opus 4.5,no,src/components/foods/TendysSVG.jsx,"<circle cx=""11"" cy=""-3"" r=""1"" fill=""#A07020"" opacity=""0.7"" />"
hex-in-components,b7a8f6b9,2026-01-12,Opus 4.5,no,src/components/foods/TendysSVG.jsx,"<circle cx=""-8"" cy=""4"" r=""1"" fill=""#E8C060"" opacity=""0.5"" />"
hex-in-components,b7a8f6b9,2026-01-12,Opus 4.5,no,src/components/foods/TendysSVG.jsx,"<circle cx=""8"" cy=""3"" r=""1.2"" fill=""#E8C060"" opacity=""0.5"" />"
hex-in-components,b7a8f6b9,2026-01-12,Opus 4.5,no,src/components/foods/TendysSVG.jsx,"<stop offset=""0%"" stopColor=""#D32F2F"" />"
hex-in-components,b7a8f6b9,2026-01-12,Opus 4.5,no,src/components/foods/TendysSVG.jsx,"<stop offset=""50%"" stopColor=""#C62828"" />"
hex-in-components,b7a8f6b9,2026-01-12,Opus 4.5,no,src/components/foods/TendysSVG.jsx,"<stop offset=""100%"" stopColor=""#B71C1C"" />"
hex-in-components,b7a8f6b9,2026-01-12,Opus 4.5,no,src/components/foods/TendysSVG.jsx,"<stop offset=""0%"" stopColor=""#FFFDF5"" />"
hex-in-components,b7a8f6b9,2026-01-12,Opus 4.5,no,src/components/foods/TendysSVG.jsx,"<stop offset=""100%"" stopColor=""#F5EDD8"" />"
hex-in-components,b7a8f6b9,2026-01-12,Opus 4.5,no,src/components/foods/TendysSVG.jsx,"<stop offset=""0%"" stopColor=""#FFE066"" />"
hex-in-components,b7a8f6b9,2026-01-12,Opus 4.5,no,src/components/foods/TendysSVG.jsx,"<stop offset=""50%"" stopColor=""#FFD54F"" />"
hex-in-components,b7a8f6b9,2026-01-12,Opus 4.5,no,src/components/foods/TendysSVG.jsx,"<stop offset=""100%"" stopColor=""#E6B800"" />"
hex-in-components,b7a8f6b9,2026-01-12,Opus 4.5,no,src/components/foods/TendysSVG.jsx,"<stop offset=""0%"" stopColor=""#6B2D00"" />"
hex-in-components,b7a8f6b9,2026-01-12,Opus 4.5,no,src/components/foods/TendysSVG.jsx,"<stop offset=""100%"" stopColor=""#3D1A00"" />"
hex-in-components,b7a8f6b9,2026-01-12,Opus 4.5,no,src/components/foods/TendysSVG.jsx,"<path d=""M 10 26 L 90 26"" stroke=""#E53935"" strokeWidth=""3"" />"
hex-in-components,b7a8f6b9,2026-01-12,Opus 4.5,no,src/components/foods/TendysSVG.jsx,"<g opacity=""0.2"" stroke=""#7B1818"" strokeWidth=""1.5"">"
hex-in-components,b7a8f6b9,2026-01-12,Opus 4.5,no,src/components/foods/TendysSVG.jsx,"<rect key={`ch-${i}`} x={18 + i * 7.5} y=""32"" width=""4"" height=""50"" fill=""#D32F2F"" />"
hex-in-components,b7a8f6b9,2026-01-12,Opus 4.5,no,src/components/foods/TendysSVG.jsx,"<path d=""M 20 35 Q 50 32 80 35"" stroke=""#E8DCC8"" strokeWidth=""0.5"" fill=""none"" opacity=""0.5"" />"
hex-in-components,b7a8f6b9,2026-01-12,Opus 4.5,no,src/components/foods/TendysSVG.jsx,"<path d=""M 18 50 Q 50 47 82 50"" stroke=""#E8DCC8"" strokeWidth=""0.5"" fill=""none"" opacity=""0.4"" />"
hex-in-components,b7a8f6b9,2026-01-12,Opus 4.5,no,src/components/foods/TendysSVG.jsx,"<rect x=""72"" y=""40"" width=""5"" height=""24"" rx=""1"" fill=""#E8C030"" transform=""rotate(18 74 52)"" />"
hex-in-components,b7a8f6b9,2026-01-12,Opus 4.5,no,src/components/foods/TendysSVG.jsx,"stroke=""#D4A820"" strokeWidth=""1"" transform=""rotate(18 74 52)"" opacity=""0.5"" />"
hex-in-components,b7a8f6b9,2026-01-12,Opus 4.5,no,src/components/foods/TendysSVG.jsx,"<rect x=""76"" y=""36"" width=""4.5"" height=""22"" rx=""1"" fill=""#F4D840"" transform=""rotate(10 78 47)"" />"
hex-in-components,b7a8f6b9,2026-01-12,Opus 4.5,no,src/components/foods/TendysSVG.jsx,"stroke=""#E0C030"" strokeWidth=""1"" transform=""rotate(10 78 47)"" opacity=""0.5"" />"
hex-in-components,b7a8f6b9,2026-01-12,Opus 4.5,no,src/components/foods/TendysSVG.jsx,"<rect x=""80"" y=""42"" width=""4.5"" height=""20"" rx=""1"" fill=""#E8C830"" transform=""rotate(22 82 52)"" />"
hex-in-components,b7a8f6b9,2026-01-12,Opus 4.5,no,src/components/foods/TendysSVG.jsx,"<rect x=""68"" y=""46"" width=""4"" height=""18"" rx=""1"" fill=""#F0D040"" transform=""rotate(-8 70 55)"" />"
hex-in-components,b7a8f6b9,2026-01-12,Opus 4.5,no,src/components/foods/TendysSVG.jsx,"<ellipse cx=""0"" cy=""6"" rx=""10"" ry=""4"" fill=""#C8C8C8"" />"
hex-in-components,b7a8f6b9,2026-01-12,Opus 4.5,no,src/components/foods/TendysSVG.jsx,"<rect x=""-10"" y=""0"" width=""20"" height=""7"" fill=""#D8D8D8"" />"
hex-in-components,b7a8f6b9,2026-01-12,Opus 4.5,no,src/components/foods/TendysSVG.jsx,"<ellipse cx=""0"" cy=""0"" rx=""10"" ry=""4"" fill=""#E0E0E0"" />"
hex-in-components,b7a8f6b9,2026-01-12,Opus 4.5,no,src/components/foods/TendysSVG.jsx,"<ellipse cx=""-2"" cy=""-1"" rx=""3"" ry=""1.5"" fill=""#FFF080"" opacity=""0.4"" />"
hex-in-components,b7a8f6b9,2026-01-12,Opus 4.5,no,src/components/foods/TendysSVG.jsx,"<ellipse cx=""0"" cy=""5"" rx=""9"" ry=""3.5"" fill=""#C8C8C8"" />"
hex-in-components,b7a8f6b9,2026-01-12,Opus 4.5,no,src/components/foods/TendysSVG.jsx,"<rect x=""-9"" y=""0"" width=""18"" height=""6"" fill=""#D8D8D8"" />"
hex-in-components,b7a8f6b9,2026-01-12,Opus 4.5,no,src/components/foods/TendysSVG.jsx,"<ellipse cx=""0"" cy=""0"" rx=""9"" ry=""3.5"" fill=""#E0E0E0"" />"
hex-in-components,b7a8f6b9,2026-01-12,Opus 4.5,no,src/components/foods/TendysSVG.jsx,"<ellipse cx=""-2"" cy=""-1"" rx=""2"" ry=""1"" fill=""#8B4000"" opacity=""0.4"" />"
hex-in-components,b7a8f6b9,2026-01-12,Opus 4.5,no,src/components/foods/TendysSVG.jsx,"<circle cx={28 + eatenPercent * 30} cy={82} r=""1.5"" fill=""#D4A04A"" opacity=""0.7"" />"
hex-in-components,b7a8f6b9,2026-01-12,Opus 4.5,no,src/components/foods/TendysSVG.jsx,"<circle cx={52 + eatenPercent * 15} cy={84} r=""1"" fill=""#C4893D"" opacity=""0.6"" />"
hex-in-components,b7a8f6b9,2026-01-12,Opus 4.5,no,src/components/foods/TendysSVG.jsx,"<circle cx={40 + eatenPercent * 20} cy={83} r=""1.2"" fill=""#B08030"" opacity=""0.5"" />"
hex-in-components,b7a8f6b9,2026-01-12,Opus 4.5,no,src/components/foods/WingsSVG.jsx,"<ellipse cx=""-12"" cy=""0"" rx=""5"" ry=""4"" fill=""#F5F0E0"" />"
hex-in-components,b7a8f6b9,2026-01-12,Opus 4.5,no,src/components/foods/WingsSVG.jsx,"<ellipse cx=""-12"" cy=""-1"" rx=""3"" ry=""2"" fill=""#FFFAF5"" opacity=""0.6"" />"
hex-in-components,b7a8f6b9,2026-01-12,Opus 4.5,no,src/components/foods/WingsSVG.jsx,"<rect x=""-9"" y=""-2"" width=""18"" height=""4"" rx=""2"" fill=""#FAF5E8"" />"
hex-in-components,b7a8f6b9,2026-01-12,Opus 4.5,no,src/components/foods/WingsSVG.jsx,"<rect x=""-8"" y=""-1"" width=""16"" height=""2"" fill=""#FFFBF0"" opacity=""0.5"" />"
hex-in-components,b7a8f6b9,2026-01-12,Opus 4.5,no,src/components/foods/WingsSVG.jsx,"<ellipse cx=""12"" cy=""0"" rx=""4"" ry=""3"" fill=""#F5F0E0"" />"
hex-in-components,b7a8f6b9,2026-01-12,Opus 4.5,no,src/components/foods/WingsSVG.jsx,"<ellipse cx=""12"" cy=""-1"" rx=""2"" ry=""1.5"" fill=""#FFFAF5"" opacity=""0.6"" />"
hex-in-components,b7a8f6b9,2026-01-12,Opus 4.5,no,src/components/foods/WingsSVG.jsx,"<circle cx=""-10"" cy=""1"" r=""1"" fill=""#E8E0D0"" opacity=""0.7"" />"
hex-in-components,b7a8f6b9,2026-01-12,Opus 4.5,no,src/components/foods/WingsSVG.jsx,"<circle cx=""10"" cy=""1"" r=""1"" fill=""#E8E0D0"" opacity=""0.7"" />"
hex-in-components,b7a8f6b9,2026-01-12,Opus 4.5,no,src/components/foods/WingsSVG.jsx,"<ellipse cx=""-4"" cy=""0"" rx=""13"" ry=""10"" fill=""#8B2500"" />"
hex-in-components,b7a8f6b9,2026-01-12,Opus 4.5,no,src/components/foods/WingsSVG.jsx,"<ellipse cx=""-4"" cy=""-1"" rx=""12"" ry=""9"" fill=""#C43E00"" />"
hex-in-components,b7a8f6b9,2026-01-12,Opus 4.5,no,src/components/foods/WingsSVG.jsx,"<ellipse cx=""-10"" cy=""-3"" rx=""5"" ry=""4"" fill=""#D45000"" />"
hex-in-components,b7a8f6b9,2026-01-12,Opus 4.5,no,src/components/foods/WingsSVG.jsx,"<ellipse cx=""-2"" cy=""-5"" rx=""6"" ry=""4"" fill=""#D85500"" />"
hex-in-components,b7a8f6b9,2026-01-12,Opus 4.5,no,src/components/foods/WingsSVG.jsx,"<ellipse cx=""4"" cy=""-2"" rx=""4"" ry=""3"" fill=""#D45000"" />"
hex-in-components,b7a8f6b9,2026-01-12,Opus 4.5,no,src/components/foods/WingsSVG.jsx,"<ellipse cx=""-8"" cy=""3"" rx=""4"" ry=""3"" fill=""#A03000"" opacity=""0.7"" />"
hex-in-components,b7a8f6b9,2026-01-12,Opus 4.5,no,src/components/foods/WingsSVG.jsx,"<ellipse cx=""0"" cy=""4"" rx=""5"" ry=""3"" fill=""#982800"" opacity=""0.6"" />"
hex-in-components,b7a8f6b9,2026-01-12,Opus 4.5,no,src/components/foods/WingsSVG.jsx,"<path d=""M -12 0 Q -8 2 -4 0"" stroke=""#8B2000"" strokeWidth=""2"" fill=""none"" opacity=""0.5"" />"
hex-in-components,b7a8f6b9,2026-01-12,Opus 4.5,no,src/components/foods/WingsSVG.jsx,"<path d=""M -6 4 Q -2 6 2 4"" stroke=""#8B2000"" strokeWidth=""1.5"" fill=""none"" opacity=""0.4"" />"
hex-in-components,b7a8f6b9,2026-01-12,Opus 4.5,no,src/components/foods/WingsSVG.jsx,"<ellipse cx=""-6"" cy=""-6"" rx=""5"" ry=""2.5"" fill=""#E86830"" opacity=""0.7"" />"
hex-in-components,b7a8f6b9,2026-01-12,Opus 4.5,no,src/components/foods/WingsSVG.jsx,"<ellipse cx=""2"" cy=""-4"" rx=""3"" ry=""1.5"" fill=""#FF7040"" opacity=""0.5"" />"
hex-in-components,b7a8f6b9,2026-01-12,Opus 4.5,no,src/components/foods/WingsSVG.jsx,"<ellipse cx=""-10"" cy=""-4"" rx=""2"" ry=""1"" fill=""#FF8050"" opacity=""0.4"" />"
hex-in-components,b7a8f6b9,2026-01-12,Opus 4.5,no,src/components/foods/WingsSVG.jsx,"<path d=""M 6 -5 Q 12 -3 14 0 Q 12 3 6 5"" fill=""#B03500"" />"
hex-in-components,b7a8f6b9,2026-01-12,Opus 4.5,no,src/components/foods/WingsSVG.jsx,"<path d=""M 7 -4 Q 11 -2 12 0 Q 11 2 7 4"" fill=""#C44000"" />"
hex-in-components,b7a8f6b9,2026-01-12,Opus 4.5,no,src/components/foods/WingsSVG.jsx,"<ellipse cx=""15"" cy=""0"" rx=""4"" ry=""3"" fill=""#F5F0E0"" />"
hex-in-components,b7a8f6b9,2026-01-12,Opus 4.5,no,src/components/foods/WingsSVG.jsx,"<ellipse cx=""16"" cy=""-1"" rx=""2"" ry=""1.5"" fill=""#FFFAF5"" opacity=""0.7"" />"
hex-in-components,b7a8f6b9,2026-01-12,Opus 4.5,no,src/components/foods/WingsSVG.jsx,"<ellipse cx=""12"" cy=""0"" rx=""2.5"" ry=""3.5"" fill=""#E8D8C8"" opacity=""0.8"" />"
hex-in-components,b7a8f6b9,2026-01-12,Opus 4.5,no,src/components/foods/WingsSVG.jsx,"<circle cx=""-12"" cy=""-1"" r=""1.5"" fill=""#7B2000"" opacity=""0.6"" />"
hex-in-components,b7a8f6b9,2026-01-12,Opus 4.5,no,src/components/foods/WingsSVG.jsx,"<circle cx=""-8"" cy=""5"" r=""1"" fill=""#7B2000"" opacity=""0.5"" />"
hex-in-components,b7a8f6b9,2026-01-12,Opus 4.5,no,src/components/foods/WingsSVG.jsx,"<ellipse cx=""0"" cy=""0"" rx=""17"" ry=""7"" fill=""#8B2500"" />"
hex-in-components,b7a8f6b9,2026-01-12,Opus 4.5,no,src/components/foods/WingsSVG.jsx,"<ellipse cx=""0"" cy=""-1"" rx=""16"" ry=""6"" fill=""#C43E00"" />"
hex-in-components,b7a8f6b9,2026-01-12,Opus 4.5,no,src/components/foods/WingsSVG.jsx,"<path d=""M -13 -2 Q 0 -3 13 -2"" stroke=""#6B1800"" strokeWidth=""2.5"" fill=""none"" opacity=""0.3"" />"
hex-in-components,b7a8f6b9,2026-01-12,Opus 4.5,no,src/components/foods/WingsSVG.jsx,"<path d=""M -13 2 Q 0 3 13 2"" stroke=""#6B1800"" strokeWidth=""2.5"" fill=""none"" opacity=""0.3"" />"
hex-in-components,b7a8f6b9,2026-01-12,Opus 4.5,no,src/components/foods/WingsSVG.jsx,"<ellipse cx=""-9"" cy=""-3"" rx=""5"" ry=""3"" fill=""#D45000"" />"
hex-in-components,b7a8f6b9,2026-01-12,Opus 4.5,no,src/components/foods/WingsSVG.jsx,"<ellipse cx=""0"" cy=""-3"" rx=""6"" ry=""3"" fill=""#D85500"" />"
hex-in-components,b7a8f6b9,2026-01-12,Opus 4.5,no,src/components/foods/WingsSVG.jsx,"<ellipse cx=""9"" cy=""-2"" rx=""5"" ry=""3"" fill=""#D45000"" />"
hex-in-components,b7a8f6b9,2026-01-12,Opus 4.5,no,src/components/foods/WingsSVG.jsx,"<ellipse cx=""-6"" cy=""3"" rx=""4"" ry=""2"" fill=""#A03000"" opacity=""0.6"" />"
hex-in-components,b7a8f6b9,2026-01-12,Opus 4.5,no,src/components/foods/WingsSVG.jsx,"<ellipse cx=""6"" cy=""3"" rx=""5"" ry=""2"" fill=""#982800"" opacity=""0.5"" />"
hex-in-components,b7a8f6b9,2026-01-12,Opus 4.5,no,src/components/foods/WingsSVG.jsx,"<ellipse cx=""-5"" cy=""-4"" rx=""6"" ry=""2"" fill=""#E86830"" opacity=""0.6"" />"
hex-in-components,b7a8f6b9,2026-01-12,Opus 4.5,no,src/components/foods/WingsSVG.jsx,"<ellipse cx=""7"" cy=""-3"" rx=""4"" ry=""1.5"" fill=""#FF7040"" opacity=""0.5"" />"
hex-in-components,b7a8f6b9,2026-01-12,Opus 4.5,no,src/components/foods/WingsSVG.jsx,"<ellipse cx=""-16"" cy=""-2"" rx=""3.5"" ry=""2.5"" fill=""#F5F0E0"" />"
hex-in-components,b7a8f6b9,2026-01-12,Opus 4.5,no,src/components/foods/WingsSVG.jsx,"<ellipse cx=""-16"" cy=""-2.5"" rx=""2"" ry=""1.5"" fill=""#FFFAF5"" opacity=""0.6"" />"
hex-in-components,b7a8f6b9,2026-01-12,Opus 4.5,no,src/components/foods/WingsSVG.jsx,"<ellipse cx=""-16"" cy=""2"" rx=""3.5"" ry=""2.5"" fill=""#F5F0E0"" />"
hex-in-components,b7a8f6b9,2026-01-12,Opus 4.5,no,src/components/foods/WingsSVG.jsx,"<ellipse cx=""-16"" cy=""1.5"" rx=""2"" ry=""1.5"" fill=""#FFFAF5"" opacity=""0.6"" />"
hex-in-components,b7a8f6b9,2026-01-12,Opus 4.5,no,src/components/foods/WingsSVG.jsx,"<ellipse cx=""15"" cy=""0"" rx=""3"" ry=""2"" fill=""#7B2000"" opacity=""0.6"" />"
hex-in-components,b7a8f6b9,2026-01-12,Opus 4.5,no,src/components/foods/WingsSVG.jsx,"<path d=""M 10 3 Q 12 5 11 7"" stroke=""#C43E00"" strokeWidth=""1.5"" fill=""none"" opacity=""0.6"" />"
hex-in-components,b7a8f6b9,2026-01-12,Opus 4.5,no,src/components/foods/WingsSVG.jsx,"<stop offset=""0%"" stopColor=""#FAFAFA"" />"
hex-in-components,b7a8f6b9,2026-01-12,Opus 4.5,no,src/components/foods/WingsSVG.jsx,"<stop offset=""100%"" stopColor=""#E0E0E0"" />"
hex-in-components,b7a8f6b9,2026-01-12,Opus 4.5,no,src/components/foods/WingsSVG.jsx,"<stop offset=""0%"" stopColor=""#C43E00"" />"
hex-in-components,b7a8f6b9,2026-01-12,Opus 4.5,no,src/components/foods/WingsSVG.jsx,"<stop offset=""100%"" stopColor=""#8B2500"" />"
hex-in-components,b7a8f6b9,2026-01-12,Opus 4.5,no,src/components/foods/WingsSVG.jsx,"<stop offset=""0%"" stopColor=""#FFFFFF"" />"
hex-in-components,b7a8f6b9,2026-01-12,Opus 4.5,no,src/components/foods/WingsSVG.jsx,"<stop offset=""100%"" stopColor=""#F0EBE5"" />"
hex-in-components,b7a8f6b9,2026-01-12,Opus 4.5,no,src/components/foods/WingsSVG.jsx,"<stop offset=""0%"" stopColor=""#F8F8F0"" />"
hex-in-components,b7a8f6b9,2026-01-12,Opus 4.5,no,src/components/foods/WingsSVG.jsx,"<stop offset=""100%"" stopColor=""#E8E8E0"" />"
hex-in-components,b7a8f6b9,2026-01-12,Opus 4.5,no,src/components/foods/WingsSVG.jsx,"<ellipse cx=""50"" cy=""54"" rx=""42"" ry=""28"" fill=""#F8F8F8"" />"
hex-in-components,b7a8f6b9,2026-01-12,Opus 4.5,no,src/components/foods/WingsSVG.jsx,"<ellipse cx=""50"" cy=""54"" rx=""46"" ry=""32"" fill=""none"" stroke=""#D8D8D8"" strokeWidth=""2"" />"
hex-in-components,b7a8f6b9,2026-01-12,Opus 4.5,no,src/components/foods/WingsSVG.jsx,"<rect x=""8"" y=""66"" width=""22"" height=""4"" rx=""2"" fill=""#90EE90"" transform=""rotate(-5 19 68)"" />"
hex-in-components,b7a8f6b9,2026-01-12,Opus 4.5,no,src/components/foods/WingsSVG.jsx,"<line x1=""10"" y1=""68"" x2=""28"" y2=""67"" stroke=""#7CCD7C"" strokeWidth=""0.8"" />"
hex-in-components,b7a8f6b9,2026-01-12,Opus 4.5,no,src/components/foods/WingsSVG.jsx,"<rect x=""6"" y=""71"" width=""20"" height=""3.5"" rx=""1.75"" fill=""#98FB98"" transform=""rotate(3 16 72.75)"" />"
hex-in-components,b7a8f6b9,2026-01-12,Opus 4.5,no,src/components/foods/WingsSVG.jsx,"<line x1=""8"" y1=""72.75"" x2=""24"" y2=""73.5"" stroke=""#7CCD7C"" strokeWidth=""0.6"" />"
hex-in-components,b7a8f6b9,2026-01-12,Opus 4.5,no,src/components/foods/WingsSVG.jsx,"<rect x=""70"" y=""64"" width=""20"" height=""4"" rx=""2"" fill=""#90EE90"" transform=""rotate(8 80 66)"" />"
hex-in-components,b7a8f6b9,2026-01-12,Opus 4.5,no,src/components/foods/WingsSVG.jsx,"<line x1=""72"" y1=""66"" x2=""88"" y2=""67"" stroke=""#7CCD7C"" strokeWidth=""0.8"" />"
hex-in-components,b7a8f6b9,2026-01-12,Opus 4.5,no,src/components/foods/WingsSVG.jsx,"<rect x=""32"" y=""72"" width=""18"" height=""3"" rx=""1.5"" fill=""#FF8C00"" transform=""rotate(-3 41 73.5)"" />"
hex-in-components,b7a8f6b9,2026-01-12,Opus 4.5,no,src/components/foods/WingsSVG.jsx,"<rect x=""52"" y=""73"" width=""16"" height=""2.5"" rx=""1.25"" fill=""#FFA500"" transform=""rotate(5 60 74.25)"" />"
hex-in-components,b7a8f6b9,2026-01-12,Opus 4.5,no,src/components/foods/WingsSVG.jsx,"<ellipse cx=""0"" cy=""5"" rx=""11"" ry=""4.5"" fill=""#C8C8C8"" />"
hex-in-components,b7a8f6b9,2026-01-12,Opus 4.5,no,src/components/foods/WingsSVG.jsx,"<rect x=""-11"" y=""-1"" width=""22"" height=""7"" fill=""#D8D8D8"" />"
hex-in-components,b7a8f6b9,2026-01-12,Opus 4.5,no,src/components/foods/WingsSVG.jsx,"<ellipse cx=""0"" cy=""-1"" rx=""11"" ry=""4.5"" fill=""#E0E0E0"" />"
hex-in-components,b7a8f6b9,2026-01-12,Opus 4.5,no,src/components/foods/WingsSVG.jsx,"<circle cx=""-3"" cy=""-1"" r=""0.6"" fill=""#228B22"" opacity=""0.5"" />"
hex-in-components,b7a8f6b9,2026-01-12,Opus 4.5,no,src/components/foods/WingsSVG.jsx,"<circle cx=""2"" cy=""-2"" r=""0.5"" fill=""#228B22"" opacity=""0.4"" />"
hex-in-components,b7a8f6b9,2026-01-12,Opus 4.5,no,src/components/foods/WingsSVG.jsx,"<circle cx=""0"" cy=""0"" r=""0.4"" fill=""#228B22"" opacity=""0.4"" />"
hex-in-components,b7a8f6b9,2026-01-12,Opus 4.5,no,src/components/foods/WingsSVG.jsx,"<ellipse cx=""-3"" cy=""-2"" rx=""3"" ry=""1.5"" fill=""#FFF"" opacity=""0.3"" />"
hex-in-components,b7a8f6b9,2026-01-12,Opus 4.5,no,src/components/foods/WingsSVG.jsx,"stroke=""#C43E00"""
hex-in-components,b7a8f6b9,2026-01-12,Opus 4.5,no,src/components/foods/WingsSVG.jsx,"fill=""#C43E00"""
hex-in-components,b7a8f6b9,2026-01-12,Opus 4.5,no,src/components/foods/WingsSVG.jsx,"<ellipse rx={scrap.size} ry={scrap.size * 0.6} fill=""#B03500"" opacity=""0.7"" />"
hex-in-components,b7a8f6b9,2026-01-12,Opus 4.5,no,src/components/foods/WingsSVG.jsx,"<ellipse rx={scrap.size * 0.6} ry={scrap.size * 0.4} fill=""#C44000"" opacity=""0.5"" />"
hex-in-components,b7a8f6b9,2026-01-12,Opus 4.5,no,src/components/foods/WingsSVG.jsx,"<ellipse cx=""15"" cy=""75"" rx=""4"" ry=""2"" fill=""#C43E00"" opacity=""0.3"" />"
hex-in-components,b7a8f6b9,2026-01-12,Opus 4.5,no,src/components/foods/WingsSVG.jsx,"<ellipse cx=""85"" cy=""74"" rx=""3"" ry=""1.5"" fill=""#C43E00"" opacity=""0.25"" />"
hex-in-components,a141aae2,2026-01-12,Opus 4.5,no,src/components/FoodRatingSlider.jsx,"{ type: 'chunk', colors: ['#8B4513', '#A0522D', '#D2691E'], weight: 3 }, // Bun chunks"
hex-in-components,a141aae2,2026-01-12,Opus 4.5,no,src/components/FoodRatingSlider.jsx,"{ type: 'shred', colors: ['#228B22', '#32CD32'], weight: 2 }, // Lettuce"
hex-in-components,a141aae2,2026-01-12,Opus 4.5,no,src/components/FoodRatingSlider.jsx,"{ type: 'splat', colors: ['#FF6347', '#DC143C'], weight: 1 }, // Ketchup/tomato"
hex-in-components,a141aae2,2026-01-12,Opus 4.5,no,src/components/FoodRatingSlider.jsx,"{ type: 'crumb', colors: ['#F5DEB3', '#DEB887'], weight: 2 }, // Sesame seeds"
hex-in-components,a141aae2,2026-01-12,Opus 4.5,no,src/components/FoodRatingSlider.jsx,"{ type: 'chunk', colors: ['#D97706', '#B8860B'], weight: 3 }, // Crust"
hex-in-components,a141aae2,2026-01-12,Opus 4.5,no,src/components/FoodRatingSlider.jsx,"{ type: 'drip', colors: ['#FFA500', '#FFD700'], weight: 2 }, // Cheese stretching"
hex-in-components,a141aae2,2026-01-12,Opus 4.5,no,src/components/FoodRatingSlider.jsx,"{ type: 'splat', colors: ['#DC143C', '#B22222'], weight: 1 }, // Sauce"
hex-in-components,a141aae2,2026-01-12,Opus 4.5,no,src/components/FoodRatingSlider.jsx,"{ type: 'crumb', colors: ['#8B0000', '#A52A2A'], weight: 1 }, // Pepperoni bits"
hex-in-components,a141aae2,2026-01-12,Opus 4.5,no,src/components/FoodRatingSlider.jsx,"{ type: 'shard', colors: ['#E8C060', '#DAA520', '#F4A460'], weight: 3 }, // Shell shards"
hex-in-components,a141aae2,2026-01-12,Opus 4.5,no,src/components/FoodRatingSlider.jsx,"{ type: 'shred', colors: ['#228B22', '#90EE90'], weight: 2 }, // Lettuce"
hex-in-components,a141aae2,2026-01-12,Opus 4.5,no,src/components/FoodRatingSlider.jsx,"{ type: 'chunk', colors: ['#8B4513', '#A0522D'], weight: 2 }, // Meat"
hex-in-components,a141aae2,2026-01-12,Opus 4.5,no,src/components/FoodRatingSlider.jsx,"{ type: 'splat', colors: ['#FF6347', '#FF4500'], weight: 1 }, // Salsa"
hex-in-components,a141aae2,2026-01-12,Opus 4.5,no,src/components/FoodRatingSlider.jsx,"{ type: 'chunk', colors: ['#D4A574', '#C4A060', '#B8956E'], weight: 3 }, // Bread"
hex-in-components,a141aae2,2026-01-12,Opus 4.5,no,src/components/FoodRatingSlider.jsx,"{ type: 'shred', colors: ['#228B22', '#32CD32'], weight: 2 }, // Lettuce"
hex-in-components,a141aae2,2026-01-12,Opus 4.5,no,src/components/FoodRatingSlider.jsx,"{ type: 'crumb', colors: ['#F5DEB3', '#FAEBD7'], weight: 2 }, // Bread crumbs"
hex-in-components,a141aae2,2026-01-12,Opus 4.5,no,src/components/FoodRatingSlider.jsx,"{ type: 'chunk', colors: ['#D4A056', '#C49040'], weight: 2 }, // Bagel/bread"
hex-in-components,a141aae2,2026-01-12,Opus 4.5,no,src/components/FoodRatingSlider.jsx,"{ type: 'drip', colors: ['#FFD700', '#FFA500'], weight: 2 }, // Egg yolk"
hex-in-components,a141aae2,2026-01-12,Opus 4.5,no,src/components/FoodRatingSlider.jsx,"{ type: 'crumb', colors: ['#F5DEB3', '#FFE4B5'], weight: 2 }, // Crumbs"
hex-in-components,a141aae2,2026-01-12,Opus 4.5,no,src/components/FoodRatingSlider.jsx,"{ type: 'strand', colors: ['#F5DEB3', '#FAEBD7', '#FFE4C4'], weight: 3 }, // Noodles"
hex-in-components,a141aae2,2026-01-12,Opus 4.5,no,src/components/FoodRatingSlider.jsx,"{ type: 'splat', colors: ['#DC143C', '#B22222', '#8B0000'], weight: 2 }, // Sauce"
hex-in-components,a141aae2,2026-01-12,Opus 4.5,no,src/components/FoodRatingSlider.jsx,"{ type: 'crumb', colors: ['#FFF8DC', '#FFFACD'], weight: 1 }, // Parmesan"
hex-in-components,a141aae2,2026-01-12,Opus 4.5,no,src/components/FoodRatingSlider.jsx,"{ type: 'grain', colors: ['#FFFAFA', '#F5F5F5', '#FFFAF0'], weight: 3 }, // Rice"
hex-in-components,a141aae2,2026-01-12,Opus 4.5,no,src/components/FoodRatingSlider.jsx,"{ type: 'chunk', colors: ['#FA8072', '#E9967A'], weight: 2 }, // Fish"
hex-in-components,a141aae2,2026-01-12,Opus 4.5,no,src/components/FoodRatingSlider.jsx,"{ type: 'shred', colors: ['#1B4D3E', '#2F4F4F'], weight: 1 }, // Nori"
hex-in-components,a141aae2,2026-01-12,Opus 4.5,no,src/components/FoodRatingSlider.jsx,"{ type: 'chunk', colors: ['#8B4513', '#A0522D', '#D2691E'], weight: 2 }, // Crispy skin"
hex-in-components,a141aae2,2026-01-12,Opus 4.5,no,src/components/FoodRatingSlider.jsx,"{ type: 'splat', colors: ['#FF4500', '#DC143C', '#B22222'], weight: 3 }, // Buffalo sauce"
hex-in-components,a141aae2,2026-01-12,Opus 4.5,no,src/components/FoodRatingSlider.jsx,"{ type: 'crumb', colors: ['#DEB887', '#D2B48C'], weight: 1 }, // Breading"
hex-in-components,a141aae2,2026-01-12,Opus 4.5,no,src/components/FoodRatingSlider.jsx,"{ type: 'chunk', colors: ['#FFD700', '#FFC107', '#F4D03F'], weight: 3 }, // Fry pieces"
hex-in-components,a141aae2,2026-01-12,Opus 4.5,no,src/components/FoodRatingSlider.jsx,"{ type: 'crumb', colors: ['#DAA520', '#B8860B'], weight: 2 }, // Crispy bits"
hex-in-components,a141aae2,2026-01-12,Opus 4.5,no,src/components/FoodRatingSlider.jsx,"{ type: 'grain', colors: ['#FFFFFF', '#F5F5F5'], weight: 1 }, // Salt"
hex-in-components,a141aae2,2026-01-12,Opus 4.5,no,src/components/FoodRatingSlider.jsx,"{ type: 'shred', colors: ['#228B22', '#32CD32', '#90EE90', '#98FB98'], weight: 4 }, // Lettuce"
hex-in-components,a141aae2,2026-01-12,Opus 4.5,no,src/components/FoodRatingSlider.jsx,"{ type: 'chunk', colors: ['#FF6347', '#FF4500'], weight: 1 }, // Tomato"
hex-in-components,a141aae2,2026-01-12,Opus 4.5,no,src/components/FoodRatingSlider.jsx,"{ type: 'drip', colors: ['#F5DEB3', '#FFE4B5'], weight: 1 }, // Dressing"
hex-in-components,a141aae2,2026-01-12,Opus 4.5,no,src/components/FoodRatingSlider.jsx,"{ type: 'splat', colors: ['#FFFDD0', '#FFF8DC', '#FAEBD7'], weight: 3 }, // Cream"
hex-in-components,a141aae2,2026-01-12,Opus 4.5,no,src/components/FoodRatingSlider.jsx,"{ type: 'chunk', colors: ['#DEB887', '#F4A460'], weight: 2 }, // Potato/clam"
hex-in-components,a141aae2,2026-01-12,Opus 4.5,no,src/components/FoodRatingSlider.jsx,"{ type: 'drip', colors: ['#FFFACD', '#FFF8E7'], weight: 1 }, // Broth drip"
hex-in-components,a141aae2,2026-01-12,Opus 4.5,no,src/components/FoodRatingSlider.jsx,"{ type: 'splat', colors: ['#FF6347', '#E07020', '#DC143C'], weight: 3 }, // Tomato soup"
hex-in-components,a141aae2,2026-01-12,Opus 4.5,no,src/components/FoodRatingSlider.jsx,"{ type: 'drip', colors: ['#FF7F50', '#FF6347'], weight: 2 }, // Drips"
hex-in-components,a141aae2,2026-01-12,Opus 4.5,no,src/components/FoodRatingSlider.jsx,"{ type: 'chunk', colors: ['#FFA07A', '#FA8072', '#E9967A'], weight: 3 }, // Lobster"
hex-in-components,a141aae2,2026-01-12,Opus 4.5,no,src/components/FoodRatingSlider.jsx,"{ type: 'chunk', colors: ['#D4A574', '#C4A060'], weight: 2 }, // Bun"
hex-in-components,a141aae2,2026-01-12,Opus 4.5,no,src/components/FoodRatingSlider.jsx,"{ type: 'drip', colors: ['#FFFACD', '#FFF8DC'], weight: 1 }, // Mayo/butter"
hex-in-components,a141aae2,2026-01-12,Opus 4.5,no,src/components/FoodRatingSlider.jsx,"{ type: 'drip', colors: ['#FFD700', '#FFA500'], weight: 3 }, // Egg yolk"
hex-in-components,a141aae2,2026-01-12,Opus 4.5,no,src/components/FoodRatingSlider.jsx,"{ type: 'shard', colors: ['#8B0000', '#A52A2A'], weight: 2 }, // Bacon"
hex-in-components,a141aae2,2026-01-12,Opus 4.5,no,src/components/FoodRatingSlider.jsx,"{ type: 'crumb', colors: ['#F5DEB3', '#DEB887'], weight: 1 }, // Toast"
hex-in-components,a141aae2,2026-01-12,Opus 4.5,no,src/components/FoodRatingSlider.jsx,"{ type: 'chunk', colors: ['#8B4513', '#A0522D', '#654321'], weight: 3 }, // Meat"
hex-in-components,a141aae2,2026-01-12,Opus 4.5,no,src/components/FoodRatingSlider.jsx,"{ type: 'drip', colors: ['#8B0000', '#A52A2A'], weight: 2 }, // Juice/sauce"
hex-in-components,a141aae2,2026-01-12,Opus 4.5,no,src/components/FoodRatingSlider.jsx,"return { type: 'crumb', color: '#D97706' }"
tailwind-color-classes,836a9e12,2026-01-12,Opus 4.5,no,src/components/CategoryFilter.jsx,bg-neutral-100 text-neutral-600 border border-neutral-200
tailwind-color-classes,836a9e12,2026-01-12,Opus 4.5,no,src/components/CategoryFilter.jsx,hover:bg-neutral-200 hover:border-neutral-300
supabase-in-ui,13f59c24,2026-01-12,Opus 4.5,no,src/pages/Profile.jsx,supabase.auth.getUser().then(({ data: { user } }) => {
supabase-in-ui,13f59c24,2026-01-12,Opus 4.5,no,src/pages/Profile.jsx,"const { data: { subscription } } = supabase.auth.onAuthStateChange((_event, session) => {"
supabase-in-ui,13f59c24,2026-01-12,Opus 4.5,no,src/pages/Profile.jsx,await supabase.auth.signOut()
supabase-in-ui,13f59c24,2026-01-12,Opus 4.5,no,src/pages/Profile.jsx,const { error } = await supabase.auth.signInWithOAuth({
supabase-in-ui,13f59c24,2026-01-12,Opus 4.5,no,src/pages/Profile.jsx,const { error } = await supabase.auth.signInWithOtp({
tailwind-color-classes,13f59c24,2026-01-12,Opus 4.5,no,src/components/BottomNav.jsx,"<nav className=""fixed bottom-0 left-0 right-0 z-50 bg-white border-t border-neutral-200 shadow-lg"">"
tailwind-color-classes,13f59c24,2026-01-12,Opus 4.5,no,src/components/BottomNav.jsx,? 'text-orange-500'
tailwind-color-classes,13f59c24,2026-01-12,Opus 4.5,no,src/components/BottomNav.jsx,: 'text-neutral-400 hover:text-neutral-600'
tailwind-color-classes,13f59c24,2026-01-12,Opus 4.5,no,src/components/Layout.jsx,"<div className=""min-h-screen bg-stone-50 pb-20"">"
tailwind-color-classes,13f59c24,2026-01-12,Opus 4.5,no,src/pages/Browse.jsx,"<div className=""min-h-screen bg-stone-50"">"
tailwind-color-classes,13f59c24,2026-01-12,Opus 4.5,no,src/pages/Browse.jsx,"<header className=""bg-white border-b border-neutral-200 px-4 py-4"">"
tailwind-color-classes,13f59c24,2026-01-12,Opus 4.5,no,src/pages/Browse.jsx,"<h1 className=""text-2xl font-bold text-neutral-900 font-serif mb-4"">Browse</h1>"
tailwind-color-classes,13f59c24,2026-01-12,Opus 4.5,no,src/pages/Browse.jsx,"className=""w-5 h-5 absolute left-3 top-1/2 -translate-y-1/2 text-neutral-400"""
tailwind-color-classes,13f59c24,2026-01-12,Opus 4.5,no,src/pages/Browse.jsx,"className=""w-full pl-10 pr-4 py-3 bg-neutral-100 rounded-xl border-0 focus:ring-2 focus:ring-orange-500 focus:bg-white transition-all"""
tailwind-color-classes,13f59c24,2026-01-12,Opus 4.5,no,src/pages/Browse.jsx,"className=""relative overflow-hidden rounded-2xl bg-white border border-neutral-200 shadow-sm hover:shadow-md hover:border-orange-200 transition-all aspect-[4/3]"
tailwind-color-classes,13f59c24,2026-01-12,Opus 4.5,no,src/pages/Browse.jsx,"<div className=""absolute inset-0 bg-gradient-to-t from-black/60 via-black/20 to-transparent"" />"
tailwind-color-classes,13f59c24,2026-01-12,Opus 4.5,no,src/pages/Browse.jsx,"<span className=""text-white font-semibold text-lg drop-shadow-lg"">"
tailwind-color-classes,13f59c24,2026-01-12,Opus 4.5,no,src/pages/Browse.jsx,"<div className=""sticky top-0 z-20 bg-white border-b border-neutral-200 px-4 py-3 flex items-center gap-3"">"
tailwind-color-classes,13f59c24,2026-01-12,Opus 4.5,no,src/pages/Browse.jsx,"className=""w-10 h-10 rounded-full bg-neutral-100 flex items-center justify-center hover:bg-neutral-200 transition-colors"""
tailwind-color-classes,13f59c24,2026-01-12,Opus 4.5,no,src/pages/Browse.jsx,"<h2 className=""text-xl font-bold text-neutral-900"">"
tailwind-color-classes,13f59c24,2026-01-12,Opus 4.5,no,src/pages/Home.jsx,"<div className=""bg-stone-50"">"
tailwind-color-classes,13f59c24,2026-01-12,Opus 4.5,no,src/pages/Profile.jsx,"<div className=""min-h-screen bg-stone-50 flex items-center justify-center"">"
tailwind-color-classes,13f59c24,2026-01-12,Opus 4.5,no,src/pages/Profile.jsx,"<div className=""w-8 h-8 border-4 border-orange-500 border-t-transparent rounded-full animate-spin"" />"
tailwind-color-classes,13f59c24,2026-01-12,Opus 4.5,no,src/pages/Profile.jsx,"<div className=""min-h-screen bg-stone-50"">"
tailwind-color-classes,13f59c24,2026-01-12,Opus 4.5,no,src/pages/Profile.jsx,"<header className=""bg-white border-b border-neutral-200 px-4 py-4"">"
tailwind-color-classes,13f59c24,2026-01-12,Opus 4.5,no,src/pages/Profile.jsx,"<h1 className=""text-2xl font-bold text-neutral-900 font-serif"">You</h1>"
tailwind-color-classes,13f59c24,2026-01-12,Opus 4.5,no,src/pages/Profile.jsx,"<div className=""bg-white rounded-2xl border border-neutral-200 p-4"">"
tailwind-color-classes,13f59c24,2026-01-12,Opus 4.5,no,src/pages/Profile.jsx,"<div className=""w-14 h-14 rounded-full bg-gradient-to-br from-orange-400 to-amber-500 flex items-center justify-center text-white text-xl font-bold"">"
tailwind-color-classes,13f59c24,2026-01-12,Opus 4.5,no,src/pages/Profile.jsx,"<p className=""font-semibold text-neutral-900 truncate"">"
tailwind-color-classes,13f59c24,2026-01-12,Opus 4.5,no,src/pages/Profile.jsx,"<p className=""text-sm text-neutral-500"">"
tailwind-color-classes,13f59c24,2026-01-12,Opus 4.5,no,src/pages/Profile.jsx,"<div className=""bg-white rounded-2xl border border-neutral-200 overflow-hidden"">"
tailwind-color-classes,13f59c24,2026-01-12,Opus 4.5,no,src/pages/Profile.jsx,"<div className=""px-4 py-3 border-b border-neutral-100"">"
tailwind-color-classes,13f59c24,2026-01-12,Opus 4.5,no,src/pages/Profile.jsx,"<h2 className=""font-semibold text-neutral-900"">My Votes</h2>"
tailwind-color-classes,13f59c24,2026-01-12,Opus 4.5,no,src/pages/Profile.jsx,"<div key={i} className=""h-16 bg-neutral-100 rounded-lg animate-pulse"" />"
tailwind-color-classes,13f59c24,2026-01-12,Opus 4.5,no,src/pages/Profile.jsx,"<div className=""divide-y divide-neutral-100"">"
tailwind-color-classes,13f59c24,2026-01-12,Opus 4.5,no,src/pages/Profile.jsx,? 'bg-emerald-100 text-emerald-600'
tailwind-color-classes,13f59c24,2026-01-12,Opus 4.5,no,src/pages/Profile.jsx,: 'bg-red-100 text-red-600'
tailwind-color-classes,13f59c24,2026-01-12,Opus 4.5,no,src/pages/Profile.jsx,"<p className=""font-medium text-neutral-900 truncate"">"
tailwind-color-classes,13f59c24,2026-01-12,Opus 4.5,no,src/pages/Profile.jsx,"<p className=""text-sm text-neutral-500 truncate"">"
tailwind-color-classes,13f59c24,2026-01-12,Opus 4.5,no,src/pages/Profile.jsx,"<div className=""text-sm font-semibold text-orange-500"">"
tailwind-color-classes,13f59c24,2026-01-12,Opus 4.5,no,src/pages/Profile.jsx,"<div className=""p-8 text-center text-neutral-500"">"
tailwind-color-classes,13f59c24,2026-01-12,Opus 4.5,no,src/pages/Profile.jsx,"<div className=""bg-white rounded-2xl border border-neutral-200 p-6"">"
tailwind-color-classes,13f59c24,2026-01-12,Opus 4.5,no,src/pages/Profile.jsx,"<div className=""w-16 h-16 rounded-full bg-gradient-to-br from-orange-400 to-amber-500 flex items-center justify-center mx-auto mb-4"">"
tailwind-color-classes,13f59c24,2026-01-12,Opus 4.5,no,src/pages/Profile.jsx,"<svg xmlns=""http://www.w3.org/2000/svg"" fill=""none"" viewBox=""0 0 24 24"" strokeWidth={1.5} stroke=""currentColor"" className=""w-8 h-8 text-white"">"
tailwind-color-classes,13f59c24,2026-01-12,Opus 4.5,no,src/pages/Profile.jsx,"<h2 className=""text-xl font-bold text-neutral-900"">Sign in to vote</h2>"
tailwind-color-classes,13f59c24,2026-01-12,Opus 4.5,no,src/pages/Profile.jsx,"<p className=""text-sm text-neutral-500 mt-1"">"
tailwind-color-classes,13f59c24,2026-01-12,Opus 4.5,no,src/pages/Profile.jsx,? 'bg-red-50 text-red-600'
tailwind-color-classes,13f59c24,2026-01-12,Opus 4.5,no,src/pages/Profile.jsx,: 'bg-emerald-50 text-emerald-600'
tailwind-color-classes,13f59c24,2026-01-12,Opus 4.5,no,src/pages/Profile.jsx,"className=""w-full flex items-center justify-center gap-3 px-4 py-3 bg-white border-2 border-neutral-200 rounded-xl font-medium hover:bg-neutral-50 transition-co"
tailwind-color-classes,13f59c24,2026-01-12,Opus 4.5,no,src/pages/Profile.jsx,"<div className=""w-full border-t border-neutral-200"" />"
tailwind-color-classes,13f59c24,2026-01-12,Opus 4.5,no,src/pages/Profile.jsx,"<span className=""px-2 bg-white text-neutral-500"">or</span>"
tailwind-color-classes,13f59c24,2026-01-12,Opus 4.5,no,src/pages/Profile.jsx,"className=""w-full px-4 py-3 bg-neutral-50 border-2 border-neutral-200 rounded-xl focus:border-orange-400 focus:bg-white focus:outline-none transition-all mb-3"""
tailwind-color-classes,13f59c24,2026-01-12,Opus 4.5,no,src/pages/Profile.jsx,"className=""w-full px-4 py-3 bg-gradient-to-r from-orange-500 to-amber-500 text-white font-semibold rounded-xl hover:from-orange-600 hover:to-amber-600 transitio"
tailwind-color-classes,13f59c24,2026-01-12,Opus 4.5,no,src/pages/Profile.jsx,"<div className=""bg-white rounded-2xl border border-neutral-200 overflow-hidden"">"
tailwind-color-classes,13f59c24,2026-01-12,Opus 4.5,no,src/pages/Profile.jsx,"<div className=""px-4 py-3 border-b border-neutral-100"">"
tailwind-color-classes,13f59c24,2026-01-12,Opus 4.5,no,src/pages/Profile.jsx,"<h2 className=""font-semibold text-neutral-900"">Settings</h2>"
tailwind-color-classes,13f59c24,2026-01-12,Opus 4.5,no,src/pages/Profile.jsx,"className=""w-full px-4 py-3 flex items-center justify-between hover:bg-neutral-50 transition-colors"""
tailwind-color-classes,13f59c24,2026-01-12,Opus 4.5,no,src/pages/Profile.jsx,"<div className=""w-10 h-10 rounded-full bg-neutral-100 flex items-center justify-center"">"
tailwind-color-classes,13f59c24,2026-01-12,Opus 4.5,no,src/pages/Profile.jsx,"<svg xmlns=""http://www.w3.org/2000/svg"" fill=""none"" viewBox=""0 0 24 24"" strokeWidth={1.5} stroke=""currentColor"" className=""w-5 h-5 text-neutral-400"">"
tailwind-color-classes,13f59c24,2026-01-12,Opus 4.5,no,src/pages/Profile.jsx,"<svg xmlns=""http://www.w3.org/2000/svg"" fill=""none"" viewBox=""0 0 24 24"" strokeWidth={1.5} stroke=""currentColor"" className=""w-5 h-5 text-orange-500"">"
tailwind-color-classes,13f59c24,2026-01-12,Opus 4.5,no,src/pages/Profile.jsx,"<span className=""font-medium text-neutral-900"">Bite Sounds</span>"
tailwind-color-classes,13f59c24,2026-01-12,Opus 4.5,no,src/pages/Profile.jsx,<div className={`w-12 h-7 rounded-full transition-colors ${soundMuted ? 'bg-neutral-200' : 'bg-orange-500'}`}>
tailwind-color-classes,13f59c24,2026-01-12,Opus 4.5,no,src/pages/Profile.jsx,<div className={`w-5 h-5 rounded-full bg-white shadow-sm transform transition-transform mt-1 ${soundMuted ? 'ml-1' : 'ml-6'}`} />
tailwind-color-classes,13f59c24,2026-01-12,Opus 4.5,no,src/pages/Profile.jsx,"className=""w-full px-4 py-3 flex items-center gap-3 hover:bg-neutral-50 transition-colors border-t border-neutral-100"""
tailwind-color-classes,13f59c24,2026-01-12,Opus 4.5,no,src/pages/Profile.jsx,"<div className=""w-10 h-10 rounded-full bg-red-50 flex items-center justify-center"">"
tailwind-color-classes,13f59c24,2026-01-12,Opus 4.5,no,src/pages/Profile.jsx,"<svg xmlns=""http://www.w3.org/2000/svg"" fill=""none"" viewBox=""0 0 24 24"" strokeWidth={1.5} stroke=""currentColor"" className=""w-5 h-5 text-red-500"">"
tailwind-color-classes,13f59c24,2026-01-12,Opus 4.5,no,src/pages/Profile.jsx,"<span className=""font-medium text-red-600"">Sign Out</span>"
tailwind-color-classes,13f59c24,2026-01-12,Opus 4.5,no,src/pages/Restaurants.jsx,"<div className=""min-h-screen bg-stone-50"">"
tailwind-color-classes,13f59c24,2026-01-12,Opus 4.5,no,src/pages/Restaurants.jsx,"<header className=""bg-white border-b border-neutral-200 px-4 py-4"">"
tailwind-color-classes,13f59c24,2026-01-12,Opus 4.5,no,src/pages/Restaurants.jsx,"<h1 className=""text-2xl font-bold text-neutral-900 font-serif mb-4"">Spots</h1>"
tailwind-color-classes,13f59c24,2026-01-12,Opus 4.5,no,src/pages/Restaurants.jsx,"className=""w-5 h-5 absolute left-3 top-1/2 -translate-y-1/2 text-neutral-400"""
tailwind-color-classes,13f59c24,2026-01-12,Opus 4.5,no,src/pages/Restaurants.jsx,"className=""w-full pl-10 pr-4 py-3 bg-neutral-100 rounded-xl border-0 focus:ring-2 focus:ring-orange-500 focus:bg-white transition-all"""
tailwind-color-classes,13f59c24,2026-01-12,Opus 4.5,no,src/pages/Restaurants.jsx,"<div key={i} className=""h-20 bg-neutral-200 rounded-xl animate-pulse"" />"
tailwind-color-classes,13f59c24,2026-01-12,Opus 4.5,no,src/pages/Restaurants.jsx,"className=""w-full bg-white rounded-xl border border-neutral-200 p-4 text-left hover:border-orange-300 hover:shadow-md transition-all group"""
tailwind-color-classes,13f59c24,2026-01-12,Opus 4.5,no,src/pages/Restaurants.jsx,"<h3 className=""font-semibold text-neutral-900 group-hover:text-orange-600 transition-colors"">"
tailwind-color-classes,13f59c24,2026-01-12,Opus 4.5,no,src/pages/Restaurants.jsx,"<p className=""text-sm text-neutral-500 mt-0.5"">"
tailwind-color-classes,13f59c24,2026-01-12,Opus 4.5,no,src/pages/Restaurants.jsx,"<svg xmlns=""http://www.w3.org/2000/svg"" fill=""none"" viewBox=""0 0 24 24"" strokeWidth={2} stroke=""currentColor"" className=""w-5 h-5 text-neutral-400 group-hover:te"
tailwind-color-classes,13f59c24,2026-01-12,Opus 4.5,no,src/pages/Restaurants.jsx,"<div className=""text-center py-12 text-neutral-500"">"
tailwind-color-classes,13f59c24,2026-01-12,Opus 4.5,no,src/pages/Restaurants.jsx,"<div className=""sticky top-0 z-20 bg-white border-b border-neutral-200 px-4 py-3 flex items-center gap-3"">"
tailwind-color-classes,13f59c24,2026-01-12,Opus 4.5,no,src/pages/Restaurants.jsx,"className=""w-10 h-10 rounded-full bg-neutral-100 flex items-center justify-center hover:bg-neutral-200 transition-colors"""
tailwind-color-classes,13f59c24,2026-01-12,Opus 4.5,no,src/pages/Restaurants.jsx,"<h2 className=""text-xl font-bold text-neutral-900"">"
tailwind-color-classes,13f59c24,2026-01-12,Opus 4.5,no,src/pages/Restaurants.jsx,"<p className=""text-sm text-neutral-500"">"
hex-in-components,13f59c24,2026-01-12,Opus 4.5,no,src/pages/Profile.jsx,"<path fill=""#4285F4"" d=""M22.56 12.25c0-.78-.07-1.53-.2-2.25H12v4.26h5.92c-.26 1.37-1.04 2.53-2.21 3.31v2.77h3.57c2.08-1.92 3.28-4.74 3.28-8.09z""/>"
hex-in-components,13f59c24,2026-01-12,Opus 4.5,no,src/pages/Profile.jsx,"<path fill=""#34A853"" d=""M12 23c2.97 0 5.46-.98 7.28-2.66l-3.57-2.77c-.98.66-2.23 1.06-3.71 1.06-2.86 0-5.29-1.93-6.16-4.53H2.18v2.84C3.99 20.53 7.7 23 12 23z""/>"
hex-in-components,13f59c24,2026-01-12,Opus 4.5,no,src/pages/Profile.jsx,"<path fill=""#FBBC05"" d=""M5.84 14.09c-.22-.66-.35-1.36-.35-2.09s.13-1.43.35-2.09V7.07H2.18C1.43 8.55 1 10.22 1 12s.43 3.45 1.18 4.93l2.85-2.22.81-.62z""/>"
hex-in-components,13f59c24,2026-01-12,Opus 4.5,no,src/pages/Profile.jsx,"<path fill=""#EA4335"" d=""M12 5.38c1.62 0 3.06.56 4.21 1.64l3.15-3.15C17.45 2.09 14.97 1 12 1 7.7 1 3.99 3.47 2.18 7.07l3.66 2.84c.87-2.6 3.3-4.53 6.16-4.53z""/>"
tailwind-color-classes,c740a431,2026-01-12,Opus 4.5,no,src/pages/Home.jsx,"<div className=""min-h-screen bg-stone-50 flex flex-col"">"
tailwind-color-classes,c740a431,2026-01-12,Opus 4.5,no,src/pages/Home.jsx,"<div className=""w-20 h-20 rounded-2xl bg-gradient-to-br from-orange-500 to-amber-500 flex items-center justify-center shadow-xl shadow-orange-500/30 mb-6"">"
tailwind-color-classes,c740a431,2026-01-12,Opus 4.5,no,src/pages/Home.jsx,"<h1 className=""text-4xl font-bold text-neutral-900 font-serif text-center leading-tight"">"
tailwind-color-classes,c740a431,2026-01-12,Opus 4.5,no,src/pages/Home.jsx,"<p className=""text-lg text-neutral-600 mt-3 text-center max-w-xs"">"
tailwind-color-classes,c740a431,2026-01-12,Opus 4.5,no,src/pages/Home.jsx,"className=""w-full py-4 px-6 bg-gradient-to-r from-orange-500 to-amber-500 text-white font-semibold rounded-xl text-center shadow-lg shadow-orange-500/30 hover:s"
tailwind-color-classes,c740a431,2026-01-12,Opus 4.5,no,src/pages/Home.jsx,"className=""w-full py-4 px-6 bg-white text-neutral-900 font-semibold rounded-xl text-center border-2 border-neutral-200 hover:border-orange-300 hover:bg-orange-5"
tailwind-color-classes,c740a431,2026-01-12,Opus 4.5,no,src/pages/Home.jsx,"<p className=""text-sm text-neutral-400 mt-12"">"
tailwind-color-classes,b80cef95,2026-01-13,Opus 4.5,no,src/pages/Home.jsx,"<div className=""min-h-screen bg-stone-50"">"
tailwind-color-classes,b80cef95,2026-01-13,Opus 4.5,no,src/pages/Home.jsx,"<div className=""bg-gradient-to-br from-orange-500 via-amber-500 to-orange-600 px-6 pt-10 pb-8"">"
tailwind-color-classes,b80cef95,2026-01-13,Opus 4.5,no,src/pages/Home.jsx,"<h1 className=""text-3xl font-bold text-white font-serif leading-tight"">"
tailwind-color-classes,b80cef95,2026-01-13,Opus 4.5,no,src/pages/Home.jsx,"<p className=""text-orange-100 mt-2"">"
tailwind-color-classes,b80cef95,2026-01-13,Opus 4.5,no,src/pages/Home.jsx,"className=""bg-white/20 backdrop-blur-sm rounded-xl p-3 hover:bg-white/30 transition-all active:scale-95"""
tailwind-color-classes,b80cef95,2026-01-13,Opus 4.5,no,src/pages/Home.jsx,"<span className=""text-white text-sm font-medium mt-1 block"">"
tailwind-color-classes,b80cef95,2026-01-13,Opus 4.5,no,src/pages/Home.jsx,"className=""w-full mt-4 text-white/80 text-sm font-medium hover:text-white transition-colors"""
tailwind-color-classes,b80cef95,2026-01-13,Opus 4.5,no,src/pages/Home.jsx,"<h2 className=""text-xl font-bold text-neutral-900 font-serif"">"
tailwind-color-classes,b80cef95,2026-01-13,Opus 4.5,no,src/pages/Home.jsx,"className=""text-orange-500 text-sm font-semibold hover:text-orange-600"""
tailwind-color-classes,6c56c7c9,2026-01-13,Opus 4.5,no,src/pages/Home.jsx,"<header className=""bg-white border-b border-neutral-200 px-4 py-4"">"
tailwind-color-classes,6c56c7c9,2026-01-13,Opus 4.5,no,src/pages/Home.jsx,"<div className=""w-10 h-10 rounded-xl bg-gradient-to-br from-orange-500 to-amber-500 flex items-center justify-center shadow-lg shadow-orange-500/20"">"
tailwind-color-classes,6c56c7c9,2026-01-13,Opus 4.5,no,src/pages/Home.jsx,"<h1 className=""text-xl font-bold text-neutral-900 font-serif"">"
tailwind-color-classes,6c56c7c9,2026-01-13,Opus 4.5,no,src/pages/Home.jsx,"<p className=""text-xs text-neutral-500"">Martha's Vineyard</p>"
tailwind-color-classes,6c56c7c9,2026-01-13,Opus 4.5,no,src/pages/Home.jsx,"<h2 className=""text-lg font-bold text-neutral-900 font-serif flex items-center gap-2"">"
tailwind-color-classes,6c56c7c9,2026-01-13,Opus 4.5,no,src/pages/Home.jsx,"<div key={i} className=""flex-shrink-0 w-64 h-40 bg-neutral-200 rounded-xl animate-pulse"" />"
tailwind-color-classes,6c56c7c9,2026-01-13,Opus 4.5,no,src/pages/Home.jsx,"<section key={category.id} className=""py-5 border-t border-neutral-100"">"
tailwind-color-classes,6c56c7c9,2026-01-13,Opus 4.5,no,src/pages/Home.jsx,"<h2 className=""text-lg font-bold text-neutral-900 font-serif flex items-center gap-2"">"
tailwind-color-classes,6c56c7c9,2026-01-13,Opus 4.5,no,src/pages/Home.jsx,"className=""text-orange-500 text-sm font-semibold"""
tailwind-color-classes,6c56c7c9,2026-01-13,Opus 4.5,no,src/pages/Home.jsx,"<div key={i} className=""flex-shrink-0 w-64 h-40 bg-neutral-200 rounded-xl animate-pulse"" />"
tailwind-color-classes,6c56c7c9,2026-01-13,Opus 4.5,no,src/pages/Home.jsx,"className=""flex-shrink-0 w-32 h-40 bg-neutral-100 rounded-xl flex flex-col items-center justify-center gap-2 hover:bg-neutral-200 transition-colors"""
tailwind-color-classes,6c56c7c9,2026-01-13,Opus 4.5,no,src/pages/Home.jsx,"<span className=""text-sm font-medium text-neutral-600"">See all</span>"
tailwind-color-classes,6c56c7c9,2026-01-13,Opus 4.5,no,src/pages/Home.jsx,"<section className=""py-5 border-t border-neutral-100"">"
tailwind-color-classes,6c56c7c9,2026-01-13,Opus 4.5,no,src/pages/Home.jsx,"<h2 className=""text-lg font-bold text-neutral-900 font-serif flex items-center gap-2"">"
tailwind-color-classes,6c56c7c9,2026-01-13,Opus 4.5,no,src/pages/Home.jsx,"className=""text-orange-500 text-sm font-semibold"""
tailwind-color-classes,6c56c7c9,2026-01-13,Opus 4.5,no,src/pages/Home.jsx,"<div key={i} className=""flex-shrink-0 w-64 h-40 bg-neutral-200 rounded-xl animate-pulse"" />"
tailwind-color-classes,6c56c7c9,2026-01-13,Opus 4.5,no,src/pages/Home.jsx,"<div className=""flex-shrink-0 w-64 bg-white rounded-xl shadow-sm border border-neutral-200 overflow-hidden"">"
tailwind-color-classes,6c56c7c9,2026-01-13,Opus 4.5,no,src/pages/Home.jsx,"<div className=""relative h-28 bg-neutral-100"">"
tailwind-color-classes,6c56c7c9,2026-01-13,Opus 4.5,no,src/pages/Home.jsx,"<div className=""w-full h-full flex items-center justify-center bg-gradient-to-br from-orange-100 to-amber-100"">"
tailwind-color-classes,6c56c7c9,2026-01-13,Opus 4.5,no,src/pages/Home.jsx,"<div className=""absolute top-2 right-2 bg-white/90 backdrop-blur-sm px-2 py-1 rounded-full flex items-center gap-1 shadow-sm"">"
tailwind-color-classes,6c56c7c9,2026-01-13,Opus 4.5,no,src/pages/Home.jsx,"<span className=""text-emerald-500 text-xs"">👍</span>"
tailwind-color-classes,6c56c7c9,2026-01-13,Opus 4.5,no,src/pages/Home.jsx,"<span className=""text-xs font-bold text-neutral-900"">"
tailwind-color-classes,6c56c7c9,2026-01-13,Opus 4.5,no,src/pages/Home.jsx,"<h3 className=""font-semibold text-neutral-900 text-sm truncate"">"
tailwind-color-classes,6c56c7c9,2026-01-13,Opus 4.5,no,src/pages/Home.jsx,"<p className=""text-xs text-neutral-500 truncate mt-0.5"">"
tailwind-color-classes,6c56c7c9,2026-01-13,Opus 4.5,no,src/pages/Home.jsx,"<p className=""text-xs text-neutral-400 mt-1"">"
tailwind-color-classes,b4546425,2026-01-13,none,no,src/pages/Home.jsx,"<div className=""w-12 h-12 rounded-xl bg-gradient-to-br from-orange-500 to-amber-500 flex items-center justify-center shadow-lg shadow-orange-500/20"">"
tailwind-color-classes,9b8b2abe,2026-01-13,none,no,src/pages/Home.jsx,"className=""flex-shrink-0 w-64 bg-white rounded-xl shadow-sm border border-neutral-200 overflow-hidden text-left hover:shadow-md hover:border-orange-200 transiti"
tailwind-color-classes,4d1b6518,2026-01-13,none,no,src/pages/Home.jsx,"className=""absolute inset-0 bg-black/50 backdrop-blur-sm"""
tailwind-color-classes,4d1b6518,2026-01-13,none,no,src/pages/Home.jsx,"<div className=""relative w-full max-w-lg max-h-[90vh] overflow-y-auto bg-stone-50 rounded-t-3xl animate-slide-up"">"
tailwind-color-classes,4d1b6518,2026-01-13,none,no,src/pages/Home.jsx,"className=""absolute top-4 right-4 z-10 w-8 h-8 rounded-full bg-white/90 backdrop-blur-sm shadow-lg flex items-center justify-center"""
tailwind-color-classes,d5ba2b94,2026-01-13,none,no,src/pages/Home.jsx,"<p className=""text-xs text-neutral-500 mt-1"">Martha's Vineyard</p>"
tailwind-color-classes,655931fd,2026-01-14,Opus 4.5,no,src/pages/Browse.jsx,"<header className=""bg-white border-b border-neutral-200"">"
tailwind-color-classes,655931fd,2026-01-14,Opus 4.5,no,src/pages/Browse.jsx,"className=""w-5 h-5 absolute left-3 top-1/2 -translate-y-1/2 text-neutral-400"""
tailwind-color-classes,655931fd,2026-01-14,Opus 4.5,no,src/pages/Browse.jsx,"className=""w-full pl-10 pr-10 py-3 bg-neutral-100 rounded-xl border-0 focus:ring-2 focus:ring-orange-500 focus:bg-white transition-all"""
tailwind-color-classes,655931fd,2026-01-14,Opus 4.5,no,src/pages/Browse.jsx,"className=""absolute right-3 top-1/2 -translate-y-1/2 w-6 h-6 rounded-full bg-neutral-300 flex items-center justify-center hover:bg-neutral-400 transition-colors"
tailwind-color-classes,655931fd,2026-01-14,Opus 4.5,no,src/pages/Browse.jsx,"<svg xmlns=""http://www.w3.org/2000/svg"" fill=""none"" viewBox=""0 0 24 24"" strokeWidth={2} stroke=""currentColor"" className=""w-4 h-4 text-neutral-600"">"
tailwind-color-classes,655931fd,2026-01-14,Opus 4.5,no,src/pages/Browse.jsx,? 'bg-orange-500 text-white shadow-md'
tailwind-color-classes,655931fd,2026-01-14,Opus 4.5,no,src/pages/Browse.jsx,: 'bg-neutral-100 text-neutral-700 hover:bg-neutral-200'
tailwind-color-classes,655931fd,2026-01-14,Opus 4.5,no,src/pages/Browse.jsx,"<div className=""px-4 py-2 bg-stone-50 border-b border-neutral-100"">"
tailwind-color-classes,655931fd,2026-01-14,Opus 4.5,no,src/pages/Browse.jsx,"<p className=""text-sm text-neutral-500"">"
tailwind-color-classes,655931fd,2026-01-14,Opus 4.5,no,src/pages/Browse.jsx,"<span className=""font-medium text-neutral-700"">{filteredDishes.length}</span>"
tailwind-color-classes,622d71e4,2026-01-14,Opus 4.5,no,src/pages/Home.jsx,"<div className=""absolute top-2 right-2 bg-orange-500 px-2 py-1 rounded-full shadow-sm"">"
tailwind-color-classes,622d71e4,2026-01-14,Opus 4.5,no,src/pages/Home.jsx,"<span className=""text-xs font-medium text-white"">Be first to rate!</span>"
tailwind-color-classes,5589186e,2026-01-14,Opus 4.5,no,src/pages/Restaurants.jsx,"<p className=""text-sm text-neutral-500 mt-0.5 truncate"">"
tailwind-color-classes,5589186e,2026-01-14,Opus 4.5,no,src/pages/Restaurants.jsx,"<p className=""text-xs text-neutral-400 mt-1"">"
tailwind-color-classes,5589186e,2026-01-14,Opus 4.5,no,src/pages/Restaurants.jsx,"<svg xmlns=""http://www.w3.org/2000/svg"" fill=""none"" viewBox=""0 0 24 24"" strokeWidth={2} stroke=""currentColor"" className=""w-5 h-5 text-neutral-400 group-hover:te"
tailwind-color-classes,5589186e,2026-01-14,Opus 4.5,no,src/pages/Restaurants.jsx,"<div className=""sticky top-0 z-20 bg-white border-b border-neutral-200 px-4 py-3"">"
tailwind-color-classes,5589186e,2026-01-14,Opus 4.5,no,src/pages/Restaurants.jsx,"className=""w-10 h-10 rounded-full bg-neutral-100 flex items-center justify-center hover:bg-neutral-200 transition-colors flex-shrink-0"""
tailwind-color-classes,5589186e,2026-01-14,Opus 4.5,no,src/pages/Restaurants.jsx,"<h2 className=""text-xl font-bold text-neutral-900 truncate"">"
tailwind-color-classes,5589186e,2026-01-14,Opus 4.5,no,src/pages/Restaurants.jsx,"<p className=""text-sm text-neutral-500"">"
tailwind-color-classes,5589186e,2026-01-14,Opus 4.5,no,src/pages/Restaurants.jsx,"<div className=""bg-white border-b border-neutral-200 px-4 py-4"">"
tailwind-color-classes,5589186e,2026-01-14,Opus 4.5,no,src/pages/Restaurants.jsx,"className=""flex items-start gap-3 text-neutral-700 hover:text-orange-600 transition-colors group"""
tailwind-color-classes,5589186e,2026-01-14,Opus 4.5,no,src/pages/Restaurants.jsx,"<svg xmlns=""http://www.w3.org/2000/svg"" fill=""none"" viewBox=""0 0 24 24"" strokeWidth={1.5} stroke=""currentColor"" className=""w-5 h-5 mt-0.5 flex-shrink-0 text-neu"
tailwind-color-classes,5589186e,2026-01-14,Opus 4.5,no,src/pages/Restaurants.jsx,"<svg xmlns=""http://www.w3.org/2000/svg"" fill=""none"" viewBox=""0 0 24 24"" strokeWidth={1.5} stroke=""currentColor"" className=""w-4 h-4 mt-0.5 flex-shrink-0 text-neu"
tailwind-color-classes,5589186e,2026-01-14,Opus 4.5,no,src/pages/Restaurants.jsx,"className=""flex items-center gap-3 text-neutral-700 hover:text-orange-600 transition-colors group"""
tailwind-color-classes,5589186e,2026-01-14,Opus 4.5,no,src/pages/Restaurants.jsx,"<svg xmlns=""http://www.w3.org/2000/svg"" fill=""none"" viewBox=""0 0 24 24"" strokeWidth={1.5} stroke=""currentColor"" className=""w-5 h-5 flex-shrink-0 text-neutral-40"
tailwind-color-classes,5589186e,2026-01-14,Opus 4.5,no,src/pages/Restaurants.jsx,"<div className=""flex items-start gap-3 text-neutral-700"">"
tailwind-color-classes,5589186e,2026-01-14,Opus 4.5,no,src/pages/Restaurants.jsx,"<svg xmlns=""http://www.w3.org/2000/svg"" fill=""none"" viewBox=""0 0 24 24"" strokeWidth={1.5} stroke=""currentColor"" className=""w-5 h-5 mt-0.5 flex-shrink-0 text-neu"
tailwind-color-classes,5589186e,2026-01-14,Opus 4.5,no,src/pages/Restaurants.jsx,"<p className=""text-sm text-neutral-400 italic"">"
tailwind-color-classes,5589186e,2026-01-14,Opus 4.5,no,src/pages/Restaurants.jsx,"className=""flex-1 flex items-center justify-center gap-2 bg-orange-500 text-white py-2.5 px-4 rounded-xl font-medium hover:bg-orange-600 transition-colors"""
tailwind-color-classes,5589186e,2026-01-14,Opus 4.5,no,src/pages/Restaurants.jsx,"className=""flex items-center justify-center gap-2 bg-neutral-100 text-neutral-700 py-2.5 px-4 rounded-xl font-medium hover:bg-neutral-200 transition-colors"""
tailwind-color-classes,765c2efd,2026-01-14,Opus 4.5,no,src/components/LocationPicker.jsx,"<div className=""w-8 h-8 rounded-full bg-gradient-to-br from-orange-500 to-amber-500 flex items-center justify-center shadow-sm"">"
tailwind-color-classes,765c2efd,2026-01-14,Opus 4.5,no,src/components/LocationPicker.jsx,"<span className=""text-white text-sm"">📍</span>"
tailwind-color-classes,765c2efd,2026-01-14,Opus 4.5,no,src/components/LocationPicker.jsx,"<p className=""text-sm font-semibold text-neutral-900"">Near you</p>"
tailwind-color-classes,765c2efd,2026-01-14,Opus 4.5,no,src/components/LocationPicker.jsx,"<div className=""w-8 h-8 rounded-full bg-neutral-200 flex items-center justify-center animate-pulse"">"
tailwind-color-classes,765c2efd,2026-01-14,Opus 4.5,no,src/components/LocationPicker.jsx,"<span className=""text-neutral-400 text-sm"">📍</span>"
tailwind-color-classes,765c2efd,2026-01-14,Opus 4.5,no,src/components/LocationPicker.jsx,"<p className=""text-sm font-medium text-neutral-500"">Getting location...</p>"
tailwind-color-classes,b87c604b,2026-01-14,Opus 4.5,no,src/pages/Restaurants.jsx,"<svg xmlns=""http://www.w3.org/2000/svg"" fill=""none"" viewBox=""0 0 24 24"" strokeWidth={1.5} stroke=""currentColor"" className=""w-4 h-4 flex-shrink-0 text-neutral-30"
supabase-in-ui,71a7f5e1,2026-01-14,Opus 4.5,no,src/hooks/useProfile.js,const { data: userData } = await supabase.auth.getUser()
supabase-in-ui,71a7f5e1,2026-01-14,Opus 4.5,no,src/pages/Browse.jsx,supabase.auth.getUser().then(({ data: { user } }) => setUser(user))
supabase-in-ui,71a7f5e1,2026-01-14,Opus 4.5,no,src/pages/Browse.jsx,"const { data: { subscription } } = supabase.auth.onAuthStateChange((_event, session) => {"
supabase-in-ui,71a7f5e1,2026-01-14,Opus 4.5,no,src/pages/Restaurants.jsx,supabase.auth.getUser().then(({ data: { user } }) => setUser(user))
supabase-in-ui,71a7f5e1,2026-01-14,Opus 4.5,no,src/pages/Restaurants.jsx,"const { data: { subscription } } = supabase.auth.onAuthStateChange((_event, session) => {"
tailwind-color-classes,71a7f5e1,2026-01-14,Opus 4.5,no,src/components/DishCard.jsx,? 'bg-red-500 text-white'
tailwind-color-classes,71a7f5e1,2026-01-14,Opus 4.5,no,src/components/DishCard.jsx,: 'bg-white/95 backdrop-blur-sm text-neutral-400 hover:text-red-500'
tailwind-color-classes,71a7f5e1,2026-01-14,Opus 4.5,no,src/components/DishCard.jsx,"<div className=""px-3 py-1.5 rounded-full bg-white/95 backdrop-blur-sm shadow-lg"">"
tailwind-color-classes,71a7f5e1,2026-01-14,Opus 4.5,no,src/components/DishCard.jsx,"<span className=""text-xs font-semibold text-neutral-700"">"
tailwind-color-classes,71a7f5e1,2026-01-14,Opus 4.5,no,src/pages/Profile.jsx,"<div className=""bg-white border-b border-neutral-200 px-4 py-6"">"
tailwind-color-classes,71a7f5e1,2026-01-14,Opus 4.5,no,src/pages/Profile.jsx,"<div className=""w-20 h-20 rounded-full bg-gradient-to-br from-orange-400 to-amber-500 flex items-center justify-center text-white text-2xl font-bold shadow-lg"">"
tailwind-color-classes,71a7f5e1,2026-01-14,Opus 4.5,no,src/pages/Profile.jsx,"className=""flex-1 px-3 py-1.5 border border-neutral-300 rounded-lg text-lg font-bold focus:border-orange-400 focus:outline-none"""
tailwind-color-classes,71a7f5e1,2026-01-14,Opus 4.5,no,src/pages/Profile.jsx,"className=""px-3 py-1.5 bg-orange-500 text-white rounded-lg text-sm font-medium"""
tailwind-color-classes,71a7f5e1,2026-01-14,Opus 4.5,no,src/pages/Profile.jsx,"className=""text-xl font-bold text-neutral-900 hover:text-orange-600 transition-colors flex items-center gap-2"""
tailwind-color-classes,71a7f5e1,2026-01-14,Opus 4.5,no,src/pages/Profile.jsx,"<svg xmlns=""http://www.w3.org/2000/svg"" fill=""none"" viewBox=""0 0 24 24"" strokeWidth={2} stroke=""currentColor"" className=""w-4 h-4 text-neutral-400"">"
tailwind-color-classes,71a7f5e1,2026-01-14,Opus 4.5,no,src/pages/Profile.jsx,"<p className=""text-sm text-neutral-500 mt-1"">"
tailwind-color-classes,71a7f5e1,2026-01-14,Opus 4.5,no,src/pages/Profile.jsx,"<div className=""inline-flex items-center gap-1.5 mt-2 px-3 py-1 bg-gradient-to-r from-orange-100 to-amber-100 text-orange-700 rounded-full text-xs font-semibold"
tailwind-color-classes,71a7f5e1,2026-01-14,Opus 4.5,no,src/pages/Profile.jsx,"<div className=""bg-neutral-50 rounded-xl p-3 text-center"">"
tailwind-color-classes,71a7f5e1,2026-01-14,Opus 4.5,no,src/pages/Profile.jsx,"<div className=""text-2xl font-bold text-emerald-600"">{stats.worthItCount}</div>"
tailwind-color-classes,71a7f5e1,2026-01-14,Opus 4.5,no,src/pages/Profile.jsx,"<div className=""text-xs text-neutral-500"">Worth It</div>"
tailwind-color-classes,71a7f5e1,2026-01-14,Opus 4.5,no,src/pages/Profile.jsx,"<div className=""bg-neutral-50 rounded-xl p-3 text-center"">"
tailwind-color-classes,71a7f5e1,2026-01-14,Opus 4.5,no,src/pages/Profile.jsx,"<div className=""text-2xl font-bold text-red-500"">{stats.avoidCount}</div>"
tailwind-color-classes,71a7f5e1,2026-01-14,Opus 4.5,no,src/pages/Profile.jsx,"<div className=""text-xs text-neutral-500"">Avoid</div>"
tailwind-color-classes,71a7f5e1,2026-01-14,Opus 4.5,no,src/pages/Profile.jsx,"<div className=""bg-neutral-50 rounded-xl p-3 text-center"">"
tailwind-color-classes,71a7f5e1,2026-01-14,Opus 4.5,no,src/pages/Profile.jsx,"<div className=""text-2xl font-bold text-orange-500"">"
tailwind-color-classes,71a7f5e1,2026-01-14,Opus 4.5,no,src/pages/Profile.jsx,"<div className=""text-xs text-neutral-500"">Avg Rating</div>"
tailwind-color-classes,71a7f5e1,2026-01-14,Opus 4.5,no,src/pages/Profile.jsx,"<div className=""px-3 py-1.5 bg-neutral-100 rounded-full text-xs font-medium text-neutral-600"">"
tailwind-color-classes,71a7f5e1,2026-01-14,Opus 4.5,no,src/pages/Profile.jsx,"Fave category: <span className=""text-neutral-900"">{stats.topCategory}</span>"
tailwind-color-classes,71a7f5e1,2026-01-14,Opus 4.5,no,src/pages/Profile.jsx,"<div className=""px-3 py-1.5 bg-neutral-100 rounded-full text-xs font-medium text-neutral-600"">"
tailwind-color-classes,71a7f5e1,2026-01-14,Opus 4.5,no,src/pages/Profile.jsx,"Top spot: <span className=""text-neutral-900"">{stats.favoriteRestaurant}</span>"
tailwind-color-classes,71a7f5e1,2026-01-14,Opus 4.5,no,src/pages/Profile.jsx,"<div className=""bg-white border-b border-neutral-200 px-4 py-2"">"
tailwind-color-classes,71a7f5e1,2026-01-14,Opus 4.5,no,src/pages/Profile.jsx,? 'bg-orange-500 text-white shadow-md'
tailwind-color-classes,71a7f5e1,2026-01-14,Opus 4.5,no,src/pages/Profile.jsx,: 'bg-neutral-100 text-neutral-600 hover:bg-neutral-200'
tailwind-color-classes,71a7f5e1,2026-01-14,Opus 4.5,no,src/pages/Profile.jsx,activeTab === tab.id ? 'bg-white/20' : 'bg-neutral-200'
tailwind-color-classes,71a7f5e1,2026-01-14,Opus 4.5,no,src/pages/Profile.jsx,"<div key={i} className=""h-24 bg-neutral-200 rounded-xl animate-pulse"" />"
tailwind-color-classes,71a7f5e1,2026-01-14,Opus 4.5,no,src/pages/Profile.jsx,"<h2 className=""font-semibold text-neutral-900"">Settings</h2>"
tailwind-color-classes,71a7f5e1,2026-01-14,Opus 4.5,no,src/pages/Profile.jsx,"className=""w-full px-4 py-3 flex items-center justify-between hover:bg-neutral-50 transition-colors"""
tailwind-color-classes,71a7f5e1,2026-01-14,Opus 4.5,no,src/pages/Profile.jsx,"<div className=""w-10 h-10 rounded-full bg-neutral-100 flex items-center justify-center"">"
tailwind-color-classes,71a7f5e1,2026-01-14,Opus 4.5,no,src/pages/Profile.jsx,"<span className=""font-medium text-neutral-900"">Bite Sounds</span>"
tailwind-color-classes,71a7f5e1,2026-01-14,Opus 4.5,no,src/pages/Profile.jsx,<div className={`w-12 h-7 rounded-full transition-colors ${soundMuted ? 'bg-neutral-200' : 'bg-orange-500'}`}>
tailwind-color-classes,71a7f5e1,2026-01-14,Opus 4.5,no,src/pages/Profile.jsx,<div className={`w-5 h-5 rounded-full bg-white shadow-sm transform transition-transform mt-1 ${soundMuted ? 'ml-1' : 'ml-6'}`} />
tailwind-color-classes,71a7f5e1,2026-01-14,Opus 4.5,no,src/pages/Profile.jsx,"className=""w-full px-4 py-3 flex items-center gap-3 hover:bg-neutral-50 transition-colors border-t border-neutral-100"""
tailwind-color-classes,71a7f5e1,2026-01-14,Opus 4.5,no,src/pages/Profile.jsx,"<div className=""w-10 h-10 rounded-full bg-red-50 flex items-center justify-center"">"
tailwind-color-classes,71a7f5e1,2026-01-14,Opus 4.5,no,src/pages/Profile.jsx,"<span className=""font-medium text-red-600"">Sign Out</span>"
tailwind-color-classes,71a7f5e1,2026-01-14,Opus 4.5,no,src/pages/Profile.jsx,"<div className=""bg-white rounded-xl border border-neutral-200 overflow-hidden flex"">"
tailwind-color-classes,71a7f5e1,2026-01-14,Opus 4.5,no,src/pages/Profile.jsx,"<div className=""w-24 h-24 flex-shrink-0 bg-neutral-100"">"
tailwind-color-classes,71a7f5e1,2026-01-14,Opus 4.5,no,src/pages/Profile.jsx,"<h3 className=""font-semibold text-neutral-900 truncate"">{dish.dish_name}</h3>"
tailwind-color-classes,71a7f5e1,2026-01-14,Opus 4.5,no,src/pages/Profile.jsx,"<p className=""text-sm text-neutral-500 truncate"">{dish.restaurant_name}</p>"
tailwind-color-classes,71a7f5e1,2026-01-14,Opus 4.5,no,src/pages/Profile.jsx,"<span className=""text-sm font-semibold text-orange-500"">{dish.rating_10}/10</span>"
tailwind-color-classes,71a7f5e1,2026-01-14,Opus 4.5,no,src/pages/Profile.jsx,"<span className=""text-emerald-500 text-lg"">👍</span>"
tailwind-color-classes,71a7f5e1,2026-01-14,Opus 4.5,no,src/pages/Profile.jsx,"<span className=""text-red-500 text-lg"">👎</span>"
tailwind-color-classes,71a7f5e1,2026-01-14,Opus 4.5,no,src/pages/Profile.jsx,"className=""text-red-500 hover:text-red-600 transition-colors"""
tailwind-color-classes,71a7f5e1,2026-01-14,Opus 4.5,no,src/pages/Profile.jsx,"<div className=""bg-white rounded-2xl border border-neutral-200 p-8 text-center"">"
tailwind-color-classes,71a7f5e1,2026-01-14,Opus 4.5,no,src/pages/Profile.jsx,"<h3 className=""font-semibold text-neutral-900"">{title}</h3>"
tailwind-color-classes,71a7f5e1,2026-01-14,Opus 4.5,no,src/pages/Profile.jsx,"<p className=""text-sm text-neutral-500 mt-1"">{description}</p>"
single-not-maybesingle,71a7f5e1,2026-01-14,Opus 4.5,no,src/hooks/useProfile.js,.single()
single-not-maybesingle,71a7f5e1,2026-01-14,Opus 4.5,no,src/hooks/useProfile.js,.single()
single-not-maybesingle,71a7f5e1,2026-01-14,Opus 4.5,no,src/hooks/useProfile.js,.single()
supabase-in-ui,a0c1376e,2026-01-14,Opus 4.5,no,src/pages/Home.jsx,supabase.auth.getUser().then(({ data: { user } }) => setUser(user))
supabase-in-ui,a0c1376e,2026-01-14,Opus 4.5,no,src/pages/Home.jsx,"const { data: { subscription } } = supabase.auth.onAuthStateChange((_event, session) => {"
tailwind-color-classes,635757f0,2026-01-14,Opus 4.5,no,src/pages/Home.jsx,"<header className=""bg-white border-b border-neutral-200 px-4 py-6"">"
tailwind-color-classes,635757f0,2026-01-14,Opus 4.5,no,src/pages/Home.jsx,"<h1 className=""text-2xl font-bold text-neutral-900 font-serif mb-2"">"
tailwind-color-classes,635757f0,2026-01-14,Opus 4.5,no,src/pages/Home.jsx,"<p className=""text-neutral-600 mb-6 max-w-xs"">"
tailwind-color-classes,635757f0,2026-01-14,Opus 4.5,no,src/pages/Home.jsx,"className=""flex-1 px-6 py-3 bg-gradient-to-r from-orange-500 to-amber-500 text-white font-semibold rounded-xl hover:from-orange-600 hover:to-amber-600 transitio"
tailwind-color-classes,635757f0,2026-01-14,Opus 4.5,no,src/pages/Home.jsx,"className=""flex-1 px-6 py-3 bg-white border-2 border-neutral-200 text-neutral-700 font-semibold rounded-xl hover:border-orange-300 hover:bg-orange-50 transition"
tailwind-color-classes,f7c71242,2026-01-14,Opus 4.5,no,src/pages/Home.jsx,"className=""w-full max-w-xs px-6 py-3 bg-gradient-to-r from-orange-500 to-amber-500 text-white font-semibold rounded-xl hover:from-orange-600 hover:to-amber-600 "
tailwind-color-classes,e39cf8b5,2026-01-14,Opus 4.5,no,src/components/CategoryFilter.jsx,? 'text-white shadow-lg scale-105'
tailwind-color-classes,e39cf8b5,2026-01-14,Opus 4.5,no,src/components/CategoryFilter.jsx,: 'bg-white text-neutral-700 border border-neutral-200 hover:border-neutral-300 hover:bg-neutral-50 shadow-sm'
tailwind-color-classes,e39cf8b5,2026-01-14,Opus 4.5,no,src/components/DishFeed.jsx,"className=""px-6 py-3 text-white rounded-xl font-semibold hover:opacity-90 transition-all shadow-lg focus-ring"""
tailwind-color-classes,e39cf8b5,2026-01-14,Opus 4.5,no,src/components/FoodRatingSlider.jsx,"className=""rating-slider w-full h-3 bg-gradient-to-r from-red-300 via-yellow-300 to-emerald-400 rounded-full appearance-none cursor-pointer"
tailwind-color-classes,e39cf8b5,2026-01-14,Opus 4.5,no,src/components/LocationPicker.jsx,hover:border-neutral-300
tailwind-color-classes,e39cf8b5,2026-01-14,Opus 4.5,no,src/components/ReviewFlow.jsx,"className=""w-full py-4 px-6 rounded-xl font-semibold text-white shadow-lg transition-all duration-200 ease-out focus-ring active:scale-98 hover:shadow-xl hover:"
tailwind-color-classes,e39cf8b5,2026-01-14,Opus 4.5,no,src/pages/Browse.jsx,"className=""w-full pl-10 pr-10 py-3 bg-neutral-100 rounded-xl border-0 focus:ring-2 focus:bg-white transition-all"""
tailwind-color-classes,e39cf8b5,2026-01-14,Opus 4.5,no,src/pages/Browse.jsx,? 'text-white shadow-md'
tailwind-color-classes,e39cf8b5,2026-01-14,Opus 4.5,no,src/pages/Home.jsx,"className=""w-full max-w-xs px-6 py-3 text-white font-semibold rounded-xl hover:opacity-90 transition-all shadow-lg"""
tailwind-color-classes,e39cf8b5,2026-01-14,Opus 4.5,no,src/pages/Profile.jsx,"<div className=""w-20 h-20 rounded-full flex items-center justify-center text-white text-2xl font-bold shadow-lg"" style={{ background: 'var(--color-primary)' }}>"
tailwind-color-classes,e39cf8b5,2026-01-14,Opus 4.5,no,src/pages/Profile.jsx,"className=""px-3 py-1.5 text-white rounded-lg text-sm font-medium"""
tailwind-color-classes,e39cf8b5,2026-01-14,Opus 4.5,no,src/pages/Profile.jsx,? 'text-white shadow-md'
tailwind-color-classes,e39cf8b5,2026-01-14,Opus 4.5,no,src/pages/Profile.jsx,<div className={`w-12 h-7 rounded-full transition-colors ${soundMuted ? 'bg-neutral-200' : ''}`} style={!soundMuted ? { background: 'var(--color-primary)' } : {
tailwind-color-classes,e39cf8b5,2026-01-14,Opus 4.5,no,src/pages/Profile.jsx,"className=""w-full px-4 py-3 text-white font-semibold rounded-xl hover:opacity-90 transition-all disabled:opacity-50"""
tailwind-color-classes,e39cf8b5,2026-01-14,Opus 4.5,no,src/pages/Restaurants.jsx,"className=""w-full pl-10 pr-4 py-3 bg-neutral-100 rounded-xl border-0 focus:ring-2 focus:bg-white transition-all"""
tailwind-color-classes,e39cf8b5,2026-01-14,Opus 4.5,no,src/pages/Restaurants.jsx,"<h3 className=""font-semibold text-neutral-900 group-hover:opacity-80 transition-colors"">"
tailwind-color-classes,e39cf8b5,2026-01-14,Opus 4.5,no,src/pages/Restaurants.jsx,"<svg xmlns=""http://www.w3.org/2000/svg"" fill=""none"" viewBox=""0 0 24 24"" strokeWidth={2} stroke=""currentColor"" className=""w-5 h-5 text-neutral-400 group-hover:op"
tailwind-color-classes,e39cf8b5,2026-01-14,Opus 4.5,no,src/pages/Restaurants.jsx,"<svg xmlns=""http://www.w3.org/2000/svg"" fill=""none"" viewBox=""0 0 24 24"" strokeWidth={1.5} stroke=""currentColor"" className=""w-5 h-5 mt-0.5 flex-shrink-0 text-neu"
tailwind-color-classes,e39cf8b5,2026-01-14,Opus 4.5,no,src/pages/Restaurants.jsx,"<svg xmlns=""http://www.w3.org/2000/svg"" fill=""none"" viewBox=""0 0 24 24"" strokeWidth={1.5} stroke=""currentColor"" className=""w-5 h-5 flex-shrink-0 text-neutral-40"
tailwind-color-classes,e39cf8b5,2026-01-14,Opus 4.5,no,src/pages/Restaurants.jsx,"className=""flex-1 flex items-center justify-center gap-2 text-white py-2.5 px-4 rounded-xl font-medium hover:opacity-90 transition-colors"""
tailwind-color-classes,e8cf5636,2026-01-14,Opus 4.5,no,src/components/LocationPicker.jsx,"<div className=""bg-white border-b px-4 py-3"" style={{ borderColor: 'var(--color-divider)' }}>"
tailwind-color-classes,e8cf5636,2026-01-14,Opus 4.5,no,src/components/LocationPicker.jsx,"className=""flex items-center gap-1.5 px-3 py-2 rounded-full text-sm font-medium border transition-all hover:border-neutral-300"""
tailwind-color-classes,e8cf5636,2026-01-14,Opus 4.5,no,src/components/LocationPicker.jsx,"className=""absolute inset-0 bg-black/50 backdrop-blur-sm"""
tailwind-color-classes,e8cf5636,2026-01-14,Opus 4.5,no,src/components/LocationPicker.jsx,radius === r ? 'border-transparent' : 'border-transparent hover:border-neutral-200'
tailwind-color-classes,e8cf5636,2026-01-14,Opus 4.5,no,src/components/LocationPicker.jsx,<span className={radius === r ? 'text-white' : ''}>
render-error-object,e8cf5636,2026-01-14,Opus 4.5,no,src/components/LocationPicker.jsx,"<span className=""truncate max-w-[150px]"">{error}</span>"
tailwind-color-classes,1e77fbd2,2026-01-14,Opus 4.5,no,src/components/DishCard.jsx,"<div className=""absolute inset-0 bg-gradient-to-t from-black/30 via-transparent to-transparent"" />"
tailwind-color-classes,1e77fbd2,2026-01-14,Opus 4.5,no,src/components/DishCard.jsx,"<div className=""absolute bottom-3 left-3 px-2.5 py-1 rounded-lg bg-black/60 backdrop-blur-sm"">"
tailwind-color-classes,1e77fbd2,2026-01-14,Opus 4.5,no,src/components/DishCard.jsx,"<span className=""text-sm font-semibold text-white"">"
tailwind-color-classes,1e77fbd2,2026-01-14,Opus 4.5,no,src/components/DishCard.jsx,"<div className=""px-2.5 py-1 rounded-lg bg-white/95 backdrop-blur-sm shadow-lg"">"
tailwind-color-classes,30d67f2b,2026-01-14,Opus 4.5,no,src/components/Auth/LoginModal.jsx,"<h2 className=""text-3xl font-bold text-neutral-900 mb-3"">"
tailwind-color-classes,30d67f2b,2026-01-14,Opus 4.5,no,src/components/DishFeed.jsx,"<h3 className=""text-2xl font-bold text-neutral-900 mb-3"">"
tailwind-color-classes,787f83f7,2026-01-14,Opus 4.5,no,src/components/BrowseCard.jsx,"className=""w-full bg-white rounded-2xl overflow-hidden border transition-all hover:shadow-lg hover:border-neutral-300 active:scale-[0.99] text-left group"""
tailwind-color-classes,787f83f7,2026-01-14,Opus 4.5,no,src/components/BrowseCard.jsx,"<div className=""absolute inset-0 bg-gradient-to-t from-black/40 via-transparent to-transparent"" />"
tailwind-color-classes,787f83f7,2026-01-14,Opus 4.5,no,src/components/BrowseCard.jsx,"<div className=""absolute bottom-3 left-3 px-2.5 py-1 rounded-lg bg-black/60 backdrop-blur-sm"">"
tailwind-color-classes,787f83f7,2026-01-14,Opus 4.5,no,src/components/BrowseCard.jsx,"<span className=""text-sm font-semibold text-white"">"
tailwind-color-classes,787f83f7,2026-01-14,Opus 4.5,no,src/components/BrowseCard.jsx,"<div className=""absolute bottom-3 right-3 px-2.5 py-1 rounded-lg bg-white/90 backdrop-blur-sm"">"
tailwind-color-classes,787f83f7,2026-01-14,Opus 4.5,no,src/components/BrowseCard.jsx,? 'bg-red-500 text-white'
tailwind-color-classes,787f83f7,2026-01-14,Opus 4.5,no,src/components/BrowseCard.jsx,: 'bg-white/90 backdrop-blur-sm text-neutral-400 hover:text-red-500'
tailwind-color-classes,787f83f7,2026-01-14,Opus 4.5,no,src/components/BrowseCard.jsx,"className=""flex-shrink-0 w-8 h-8 rounded-full flex items-center justify-center transition-all group-hover:bg-neutral-100"""
tailwind-color-classes,787f83f7,2026-01-14,Opus 4.5,no,src/pages/Browse.jsx,"<div className=""absolute inset-2 rounded-full bg-white flex items-center justify-center"">"
tailwind-color-classes,787f83f7,2026-01-14,Opus 4.5,no,src/pages/Browse.jsx,"<div className=""w-16 h-16 mx-auto mb-4 rounded-full bg-red-100 flex items-center justify-center"">"
tailwind-color-classes,787f83f7,2026-01-14,Opus 4.5,no,src/pages/Browse.jsx,"<p className=""text-sm text-red-600 mb-4"">{error}</p>"
tailwind-color-classes,787f83f7,2026-01-14,Opus 4.5,no,src/pages/Browse.jsx,"className=""px-4 py-2 bg-red-600 text-white rounded-lg text-sm font-medium"""
tailwind-color-classes,787f83f7,2026-01-14,Opus 4.5,no,src/pages/Browse.jsx,"className=""absolute inset-0 bg-black/50 backdrop-blur-sm"""
tailwind-color-classes,787f83f7,2026-01-14,Opus 4.5,no,src/pages/Browse.jsx,"className=""absolute top-4 right-4 z-10 w-8 h-8 rounded-full bg-white/90 backdrop-blur-sm shadow-lg flex items-center justify-center"""
render-error-object,787f83f7,2026-01-14,Opus 4.5,no,src/pages/Browse.jsx,"<p className=""text-sm text-red-600 mb-4"">{error}</p>"
tailwind-color-classes,890aed21,2026-01-14,Opus 4.5,no,src/components/BrowseCard.jsx,"className=""w-full bg-white rounded-2xl overflow-hidden border shadow-sm transition-all duration-200 hover:shadow-xl hover:-translate-y-1 active:scale-[0.98] act"
render-error-object,91a4be44,2026-01-14,Opus 4.5,no,src/pages/Home.jsx,"<p className=""text-sm"" style={{ color: 'var(--color-danger)' }}>{error}</p>"
tailwind-color-classes,e53c06f7,2026-01-14,Opus 4.5,no,src/pages/Browse.jsx,"<div className=""absolute bottom-2 left-2 px-2 py-1 rounded-lg bg-black/60 backdrop-blur-sm"">"
tailwind-color-classes,e53c06f7,2026-01-14,Opus 4.5,no,src/pages/Browse.jsx,"<span className=""text-sm font-semibold text-white"">"
tailwind-color-classes,e53c06f7,2026-01-14,Opus 4.5,no,src/pages/Browse.jsx,? 'bg-red-500 text-white'
tailwind-color-classes,e53c06f7,2026-01-14,Opus 4.5,no,src/pages/Browse.jsx,: 'bg-white/90 backdrop-blur-sm text-neutral-400'
tailwind-color-classes,e53c06f7,2026-01-14,Opus 4.5,no,src/pages/Home.jsx,"<div className=""absolute bottom-2 left-2 px-2 py-1 rounded-lg bg-black/60 backdrop-blur-sm"">"
tailwind-color-classes,e53c06f7,2026-01-14,Opus 4.5,no,src/pages/Home.jsx,"<span className=""text-sm font-semibold text-white"">"
tailwind-color-classes,e53c06f7,2026-01-14,Opus 4.5,no,src/pages/Home.jsx,? 'bg-red-500 text-white'
tailwind-color-classes,e53c06f7,2026-01-14,Opus 4.5,no,src/pages/Home.jsx,: 'bg-white/90 backdrop-blur-sm text-neutral-400'
localstorage-direct,a13ae0ce,2026-01-14,Opus 4.5,no,src/components/ReviewFlow.jsx,const stored = localStorage.getItem(PENDING_VOTE_KEY)
localstorage-direct,a13ae0ce,2026-01-14,Opus 4.5,no,src/components/ReviewFlow.jsx,localStorage.removeItem(PENDING_VOTE_KEY)
localstorage-direct,a13ae0ce,2026-01-14,Opus 4.5,no,src/components/ReviewFlow.jsx,"localStorage.setItem(PENDING_VOTE_KEY, JSON.stringify({"
localstorage-direct,a13ae0ce,2026-01-14,Opus 4.5,no,src/components/ReviewFlow.jsx,localStorage.removeItem(PENDING_VOTE_KEY)
hex-in-components,a13ae0ce,2026-01-14,Opus 4.5,no,src/pages/Browse.jsx,"backgroundColor: '#fff',"
hex-in-components,a13ae0ce,2026-01-14,Opus 4.5,no,src/pages/Browse.jsx,"backgroundColor: '#e5e5e5',"
hex-in-components,a13ae0ce,2026-01-14,Opus 4.5,no,src/pages/Browse.jsx,"<p style={{ fontSize: '14px', color: '#666', marginBottom: '16px' }}>"
hex-in-components,a13ae0ce,2026-01-14,Opus 4.5,no,src/pages/Home.jsx,"backgroundColor: '#fff',"
hex-in-components,a13ae0ce,2026-01-14,Opus 4.5,no,src/pages/Home.jsx,"backgroundColor: '#e5e5e5',"
hex-in-components,a13ae0ce,2026-01-14,Opus 4.5,no,src/pages/Home.jsx,"<p style={{ fontSize: '14px', color: '#666', marginBottom: '16px' }}>"
console-direct,fe93f9b5,2026-01-14,Opus 4.5,no,src/pages/Admin.jsx,"console.error('Error fetching restaurants:', error)"
console-direct,fe93f9b5,2026-01-14,Opus 4.5,no,src/pages/Admin.jsx,"console.error('Error adding dish:', error)"
tailwind-color-classes,fe93f9b5,2026-01-14,Opus 4.5,no,src/pages/Admin.jsx,"<div className=""animate-spin rounded-full h-8 w-8 border-b-2 border-orange-500 mx-auto""></div>"
tailwind-color-classes,fe93f9b5,2026-01-14,Opus 4.5,no,src/pages/Admin.jsx,"<p className=""mt-2 text-sm text-gray-500"">Loading...</p>"
tailwind-color-classes,fe93f9b5,2026-01-14,Opus 4.5,no,src/pages/Admin.jsx,message.type === 'error' ? 'bg-red-100 text-red-700' : 'bg-green-100 text-green-700'
tailwind-color-classes,fe93f9b5,2026-01-14,Opus 4.5,no,src/pages/Admin.jsx,"className=""w-full py-3 rounded-lg font-semibold text-white transition-all disabled:opacity-50"""
tailwind-color-classes,fe93f9b5,2026-01-14,Opus 4.5,no,src/pages/Admin.jsx,"className=""text-red-500 hover:text-red-700 text-sm font-medium"""
localstorage-direct,f292e8c0,2026-01-14,Opus 4.5,no,src/hooks/useLocation.js,const asked = localStorage.getItem(STORAGE_KEY)
localstorage-direct,f292e8c0,2026-01-14,Opus 4.5,no,src/hooks/useLocation.js,"localStorage.setItem(STORAGE_KEY, 'true')"
tailwind-color-classes,f292e8c0,2026-01-14,Opus 4.5,no,src/components/LocationPicker.jsx,"className=""flex items-center gap-1.5 px-3 py-2 rounded-full text-sm font-medium border transition-colors hover:bg-orange-50"""
tailwind-color-classes,f292e8c0,2026-01-14,Opus 4.5,no,src/components/LocationPicker.jsx,"className=""flex items-center gap-1.5 px-3 py-2 rounded-full text-sm font-medium border transition-colors hover:bg-gray-50"""
tailwind-color-classes,f292e8c0,2026-01-14,Opus 4.5,no,src/components/LocationPicker.jsx,"className=""flex items-center gap-1.5 px-3 py-2 rounded-full text-sm font-medium border transition-colors hover:bg-gray-50"""
tailwind-color-classes,f292e8c0,2026-01-14,Opus 4.5,no,src/components/LocationPicker.jsx,"className=""absolute inset-0 bg-black/50 backdrop-blur-sm"""
tailwind-color-classes,f292e8c0,2026-01-14,Opus 4.5,no,src/components/LocationPicker.jsx,"className=""w-full flex items-center gap-4 p-4 rounded-xl border-2 transition-all hover:border-orange-300"""
tailwind-color-classes,f292e8c0,2026-01-14,Opus 4.5,no,src/components/LocationPicker.jsx,"className=""w-full flex items-center gap-4 p-4 rounded-xl border-2 transition-all hover:border-gray-300"""
hex-in-components,4385214e,2026-01-14,Opus 4.5,no,src/components/DishModal.jsx,"backgroundColor: '#fff',"
hex-in-components,4385214e,2026-01-14,Opus 4.5,no,src/components/DishModal.jsx,"backgroundColor: '#e5e5e5',"
hex-in-components,4385214e,2026-01-14,Opus 4.5,no,src/components/DishModal.jsx,"<p style={{ fontSize: '14px', color: '#666', marginBottom: '16px' }}>"
supabase-in-ui,71de8ed1,2026-01-14,Opus 4.5,no,src/components/Auth/LoginModal.jsx,const { error } = await supabase.auth.signInWithOAuth({
supabase-in-ui,71de8ed1,2026-01-14,Opus 4.5,no,src/pages/Login.jsx,const { error } = await supabase.auth.signInWithOAuth({
supabase-in-ui,71de8ed1,2026-01-14,Opus 4.5,no,src/pages/Login.jsx,const { error } = await supabase.auth.signInWithOtp({
supabase-in-ui,71de8ed1,2026-01-14,Opus 4.5,no,src/pages/Profile.jsx,const { error } = await supabase.auth.signInWithOAuth({
tailwind-color-classes,71de8ed1,2026-01-14,Opus 4.5,no,src/components/Auth/LoginModal.jsx,"<h2 className=""text-2xl font-bold text-neutral-900 mb-2"">"
tailwind-color-classes,71de8ed1,2026-01-14,Opus 4.5,no,src/components/Auth/LoginModal.jsx,"<p className=""text-neutral-600 text-sm"">"
tailwind-color-classes,71de8ed1,2026-01-14,Opus 4.5,no,src/components/Auth/LoginModal.jsx,"className=""w-full flex items-center justify-center gap-3 px-6 py-4 bg-white border-2 border-neutral-200 rounded-xl font-semibold text-neutral-700 hover:border-n"
tailwind-color-classes,71de8ed1,2026-01-14,Opus 4.5,no,src/components/Auth/LoginModal.jsx,"<div className=""flex-1 h-px bg-neutral-200"" />"
tailwind-color-classes,71de8ed1,2026-01-14,Opus 4.5,no,src/components/Auth/LoginModal.jsx,"<span className=""text-xs font-medium text-neutral-400"">or</span>"
tailwind-color-classes,71de8ed1,2026-01-14,Opus 4.5,no,src/components/Auth/LoginModal.jsx,"<div className=""flex-1 h-px bg-neutral-200"" />"
tailwind-color-classes,71de8ed1,2026-01-14,Opus 4.5,no,src/components/Auth/LoginModal.jsx,"className=""w-full px-6 py-4 rounded-xl font-semibold text-neutral-600 bg-neutral-100 hover:bg-neutral-200 active:scale-[0.98] transition-all"""
tailwind-color-classes,71de8ed1,2026-01-14,Opus 4.5,no,src/components/Auth/LoginModal.jsx,"className=""w-full px-4 py-3 bg-white border-2 border-neutral-200 rounded-xl focus:border-orange-400 focus:outline-none transition-colors placeholder:text-neutra"
tailwind-color-classes,71de8ed1,2026-01-14,Opus 4.5,no,src/components/Auth/LoginModal.jsx,"className=""w-full px-6 py-4 text-white font-semibold rounded-xl hover:opacity-90 active:scale-[0.98] transition-all disabled:opacity-50"""
tailwind-color-classes,71de8ed1,2026-01-14,Opus 4.5,no,src/components/Auth/LoginModal.jsx,"className=""w-full text-sm py-2 text-neutral-500 hover:text-neutral-700"""
tailwind-color-classes,71de8ed1,2026-01-14,Opus 4.5,no,src/pages/Login.jsx,? 'bg-red-50 text-red-700 border border-red-200'
tailwind-color-classes,71de8ed1,2026-01-14,Opus 4.5,no,src/pages/Login.jsx,: 'bg-emerald-50 text-emerald-700 border border-emerald-200'
tailwind-color-classes,71de8ed1,2026-01-14,Opus 4.5,no,src/pages/Login.jsx,"className=""w-full flex items-center justify-center gap-3 px-6 py-4 bg-white border-2 border-neutral-200 rounded-xl font-semibold text-neutral-700 hover:border-n"
tailwind-color-classes,71de8ed1,2026-01-14,Opus 4.5,no,src/pages/Login.jsx,"className=""w-full px-6 py-4 rounded-xl font-semibold transition-all hover:bg-neutral-100"""
tailwind-color-classes,71de8ed1,2026-01-14,Opus 4.5,no,src/pages/Login.jsx,"className=""w-full px-4 py-3 bg-white border-2 border-neutral-200 rounded-xl focus:border-orange-400 focus:outline-none transition-colors placeholder:text-neutra"
tailwind-color-classes,71de8ed1,2026-01-14,Opus 4.5,no,src/pages/Login.jsx,"className=""w-full px-6 py-4 text-white font-semibold rounded-xl hover:opacity-90 active:scale-[0.98] transition-all disabled:opacity-50"""
tailwind-color-classes,71de8ed1,2026-01-14,Opus 4.5,no,src/pages/Profile.jsx,"className=""w-full flex items-center justify-center gap-3 px-4 py-3.5 bg-white border-2 border-neutral-200 rounded-xl font-semibold text-neutral-700 hover:border"
tailwind-color-classes,71de8ed1,2026-01-14,Opus 4.5,no,src/pages/Profile.jsx,"<div className=""flex-1 h-px bg-neutral-200"" />"
tailwind-color-classes,71de8ed1,2026-01-14,Opus 4.5,no,src/pages/Profile.jsx,"<span className=""text-xs font-medium text-neutral-400"">or</span>"
tailwind-color-classes,71de8ed1,2026-01-14,Opus 4.5,no,src/pages/Profile.jsx,"<div className=""flex-1 h-px bg-neutral-200"" />"
tailwind-color-classes,71de8ed1,2026-01-14,Opus 4.5,no,src/pages/Profile.jsx,"className=""w-full px-4 py-3 bg-neutral-50 border-2 border-neutral-200 rounded-xl focus:border-orange-400 focus:bg-white focus:outline-none transition-all mb-3"""
tailwind-color-classes,71de8ed1,2026-01-14,Opus 4.5,no,src/pages/Profile.jsx,"className=""w-full px-4 py-3 text-neutral-700 font-semibold rounded-xl bg-neutral-100 hover:bg-neutral-200 active:scale-[0.98] transition-all disabled:opacity-50"
hex-in-components,71de8ed1,2026-01-14,Opus 4.5,no,src/components/Auth/LoginModal.jsx,"fill=""#4285F4"""
hex-in-components,71de8ed1,2026-01-14,Opus 4.5,no,src/components/Auth/LoginModal.jsx,"fill=""#34A853"""
hex-in-components,71de8ed1,2026-01-14,Opus 4.5,no,src/components/Auth/LoginModal.jsx,"fill=""#FBBC05"""
hex-in-components,71de8ed1,2026-01-14,Opus 4.5,no,src/components/Auth/LoginModal.jsx,"fill=""#EA4335"""
hex-in-components,71de8ed1,2026-01-14,Opus 4.5,no,src/pages/Login.jsx,"fill=""#4285F4"""
hex-in-components,71de8ed1,2026-01-14,Opus 4.5,no,src/pages/Login.jsx,"fill=""#34A853"""
hex-in-components,71de8ed1,2026-01-14,Opus 4.5,no,src/pages/Login.jsx,"fill=""#FBBC05"""
hex-in-components,71de8ed1,2026-01-14,Opus 4.5,no,src/pages/Login.jsx,"fill=""#EA4335"""
hex-in-components,71de8ed1,2026-01-14,Opus 4.5,no,src/pages/Profile.jsx,"<path fill=""#4285F4"" d=""M22.56 12.25c0-.78-.07-1.53-.2-2.25H12v4.26h5.92c-.26 1.37-1.04 2.53-2.21 3.31v2.77h3.57c2.08-1.92 3.28-4.74 3.28-8.09z"" />"
hex-in-components,71de8ed1,2026-01-14,Opus 4.5,no,src/pages/Profile.jsx,"<path fill=""#34A853"" d=""M12 23c2.97 0 5.46-.98 7.28-2.66l-3.57-2.77c-.98.66-2.23 1.06-3.71 1.06-2.86 0-5.29-1.93-6.16-4.53H2.18v2.84C3.99 20.53 7.7 23 12 23z"" /"
hex-in-components,71de8ed1,2026-01-14,Opus 4.5,no,src/pages/Profile.jsx,"<path fill=""#FBBC05"" d=""M5.84 14.09c-.22-.66-.35-1.36-.35-2.09s.13-1.43.35-2.09V7.07H2.18C1.43 8.55 1 10.22 1 12s.43 3.45 1.18 4.93l2.85-2.22.81-.62z"" />"
hex-in-components,71de8ed1,2026-01-14,Opus 4.5,no,src/pages/Profile.jsx,"<path fill=""#EA4335"" d=""M12 5.38c1.62 0 3.06.56 4.21 1.64l3.15-3.15C17.45 2.09 14.97 1 12 1 7.7 1 3.99 3.47 2.18 7.07l3.66 2.84c.87-2.6 3.3-4.53 6.16-4.53z"" />"
console-direct,2a0aa169,2026-01-14,Opus 4.5,no,src/context/LocationContext.jsx,"console.warn('Geolocation error:', err.message)"
localstorage-direct,2a0aa169,2026-01-14,Opus 4.5,no,src/context/LocationContext.jsx,const asked = localStorage.getItem(STORAGE_KEY)
localstorage-direct,2a0aa169,2026-01-14,Opus 4.5,no,src/context/LocationContext.jsx,"localStorage.setItem(STORAGE_KEY, 'true')"
tailwind-color-classes,2a0aa169,2026-01-14,Opus 4.5,no,src/components/Skeleton.jsx,"className=""w-full bg-white rounded-2xl overflow-hidden border"""
tailwind-color-classes,35fca7ae,2026-01-14,Opus 4.5,no,src/components/Auth/WelcomeModal.jsx,"<div className=""absolute inset-0 bg-neutral-900/60 backdrop-blur-sm"" />"
tailwind-color-classes,35fca7ae,2026-01-14,Opus 4.5,no,src/components/Auth/WelcomeModal.jsx,"className=""relative bg-white rounded-3xl max-w-md w-full shadow-xl overflow-hidden"""
tailwind-color-classes,35fca7ae,2026-01-14,Opus 4.5,no,src/components/Auth/WelcomeModal.jsx,"<h2 className=""text-2xl font-bold text-neutral-900 mb-2"">"
tailwind-color-classes,35fca7ae,2026-01-14,Opus 4.5,no,src/components/Auth/WelcomeModal.jsx,"<p className=""text-neutral-600 text-sm"">"
tailwind-color-classes,35fca7ae,2026-01-14,Opus 4.5,no,src/components/Auth/WelcomeModal.jsx,"className=""w-full px-4 py-4 bg-white border-2 border-neutral-200 rounded-xl text-lg text-center focus:border-orange-400 focus:outline-none transition-colors pla"
tailwind-color-classes,35fca7ae,2026-01-14,Opus 4.5,no,src/components/Auth/WelcomeModal.jsx,"className=""w-full px-6 py-4 text-white font-semibold rounded-xl hover:opacity-90 active:scale-[0.98] transition-all disabled:opacity-50"""
tailwind-color-classes,35fca7ae,2026-01-14,Opus 4.5,no,src/components/Auth/WelcomeModal.jsx,"<p className=""mt-6 text-xs text-center text-neutral-400"">"
console-direct,915b3128,2026-01-15,none,no,src/api/adminApi.js,"console.error('Error fetching recent dishes:', error)"
console-direct,915b3128,2026-01-15,none,no,src/api/adminApi.js,"console.error('Error adding dish:', error)"
console-direct,915b3128,2026-01-15,none,no,src/api/adminApi.js,"console.error('Error deleting dish:', error)"
console-direct,915b3128,2026-01-15,none,no,src/api/authApi.js,"console.error('Error signing in with Google:', error)"
console-direct,915b3128,2026-01-15,none,no,src/api/authApi.js,"console.error('Error sending magic link:', error)"
console-direct,915b3128,2026-01-15,none,no,src/api/authApi.js,"console.error('Error fetching user vote:', error)"
console-direct,915b3128,2026-01-15,none,no,src/api/dishesApi.js,"console.error('Error fetching ranked dishes:', error)"
console-direct,915b3128,2026-01-15,none,no,src/api/dishesApi.js,"console.error('Error fetching restaurant dishes:', error)"
console-direct,915b3128,2026-01-15,none,no,src/api/dishesApi.js,"console.error('Error fetching dish:', error)"
console-direct,915b3128,2026-01-15,none,no,src/api/favoritesApi.js,"console.error('Error fetching saved dishes:', error)"
console-direct,915b3128,2026-01-15,none,no,src/api/favoritesApi.js,"console.error('Error saving dish:', error)"
console-direct,915b3128,2026-01-15,none,no,src/api/favoritesApi.js,"console.error('Error unsaving dish:', error)"
console-direct,915b3128,2026-01-15,none,no,src/api/restaurantsApi.js,"console.error('Error fetching restaurants:', error)"
console-direct,915b3128,2026-01-15,none,no,src/api/restaurantsApi.js,"console.error('Error fetching open restaurants:', error)"
console-direct,915b3128,2026-01-15,none,no,src/api/restaurantsApi.js,"console.error('Error fetching restaurant:', error)"
console-direct,915b3128,2026-01-15,none,no,src/api/votesApi.js,"console.error('Error submitting vote:', error)"
console-direct,915b3128,2026-01-15,none,no,src/api/votesApi.js,"console.error('Error fetching user votes:', error)"
console-direct,915b3128,2026-01-15,none,no,src/api/votesApi.js,"console.error('Error deleting vote:', error)"
console-direct,915b3128,2026-01-15,none,no,src/components/RestaurantSearch.jsx,"console.error('Error fetching restaurants:', error)"
console-direct,915b3128,2026-01-15,none,no,src/components/ReviewFlow.jsx,"console.error('Error fetching user vote:', error)"
console-direct,915b3128,2026-01-15,none,no,src/components/VoteButtons.jsx,"console.error('Error fetching user vote:', error)"
console-direct,915b3128,2026-01-15,none,no,src/hooks/useDishes.js,"console.error('Error fetching dishes:', apiError)"
console-direct,915b3128,2026-01-15,none,no,src/hooks/useSavedDishes.js,"console.error('Error fetching saved dishes:', err)"
console-direct,915b3128,2026-01-15,none,no,src/hooks/useSavedDishes.js,"console.error('Error refetching saved dishes:', err)"
console-direct,915b3128,2026-01-15,none,no,src/pages/Admin.jsx,"console.error('Error fetching recent dishes:', error)"
console-direct,915b3128,2026-01-15,none,no,src/pages/Admin.jsx,"console.error('Error adding dish:', error)"
console-direct,915b3128,2026-01-15,none,no,src/pages/Admin.jsx,"console.error('Error deleting dish:', error)"
console-direct,915b3128,2026-01-15,none,no,src/pages/Restaurants.jsx,"console.error('Error fetching restaurants:', error)"
single-not-maybesingle,915b3128,2026-01-15,none,no,src/api/authApi.js,.single()
single-not-maybesingle,915b3128,2026-01-15,none,no,src/api/dishesApi.js,.single()
single-not-maybesingle,915b3128,2026-01-15,none,no,src/api/restaurantsApi.js,.single()
console-direct,e931ce9e,2026-01-15,Opus 4.5,no,src/api/favoritesApi.js,"console.error('Error fetching favorite IDs:', error)"
console-direct,e931ce9e,2026-01-15,Opus 4.5,no,src/api/favoritesApi.js,"console.error('Error adding favorite:', error)"
console-direct,e931ce9e,2026-01-15,Opus 4.5,no,src/api/favoritesApi.js,"console.error('Error removing favorite:', error)"
console-direct,e931ce9e,2026-01-15,Opus 4.5,no,src/api/profileApi.js,"console.error('Error fetching profile:', error)"
console-direct,e931ce9e,2026-01-15,Opus 4.5,no,src/api/profileApi.js,"console.error('Error creating profile:', error)"
console-direct,e931ce9e,2026-01-15,Opus 4.5,no,src/api/profileApi.js,"console.error('Error updating profile:', error)"
console-direct,e931ce9e,2026-01-15,Opus 4.5,no,src/api/profileApi.js,"console.error('Error getting or creating profile:', error)"
console-direct,e931ce9e,2026-01-15,Opus 4.5,no,src/api/votesApi.js,"console.error('Error fetching detailed votes:', error)"
console-direct,e931ce9e,2026-01-15,Opus 4.5,no,src/hooks/useFavorites.js,"console.error('Error fetching favorites:', error)"
console-direct,e931ce9e,2026-01-15,Opus 4.5,no,src/hooks/useProfile.js,"console.error('Error fetching profile:', error)"
console-direct,e931ce9e,2026-01-15,Opus 4.5,no,src/hooks/useUserVotes.js,"console.error('Error fetching votes:', error)"
console-direct,e931ce9e,2026-01-15,Opus 4.5,no,src/hooks/useUserVotes.js,"console.error('Error refetching votes:', error)"
single-not-maybesingle,e931ce9e,2026-01-15,Opus 4.5,no,src/api/profileApi.js,.single()
single-not-maybesingle,e931ce9e,2026-01-15,Opus 4.5,no,src/api/profileApi.js,.single()
single-not-maybesingle,e931ce9e,2026-01-15,Opus 4.5,no,src/api/profileApi.js,.single()
tailwind-color-classes,324e64b1,2026-01-15,Opus 4.5,no,src/components/BrowseCard.jsx,"<div className=""absolute bottom-3 left-3 px-2.5 py-1 rounded-lg bg-white/90 backdrop-blur-sm"">"
tailwind-color-classes,324e64b1,2026-01-15,Opus 4.5,no,src/components/ImpactFeedback.jsx,? 'from-emerald-500 to-teal-500'
tailwind-color-classes,324e64b1,2026-01-15,Opus 4.5,no,src/components/ImpactFeedback.jsx,? 'from-blue-500 to-indigo-500'
tailwind-color-classes,324e64b1,2026-01-15,Opus 4.5,no,src/components/ImpactFeedback.jsx,: 'from-amber-500 to-orange-500'
tailwind-color-classes,324e64b1,2026-01-15,Opus 4.5,no,src/components/ImpactFeedback.jsx,"<div className=""flex items-center gap-3 text-white"">"
tailwind-color-classes,324e64b1,2026-01-15,Opus 4.5,no,src/components/ImpactFeedback.jsx,"<p className=""text-sm text-white/80"">Your vote made a difference</p>"
tailwind-color-classes,324e64b1,2026-01-15,Opus 4.5,no,src/components/ReviewFlow.jsx,"<p className=""text-xs text-neutral-400 text-center"">Help rank this dish — be first to vote!</p>"
tailwind-color-classes,324e64b1,2026-01-15,Opus 4.5,no,src/components/ReviewFlow.jsx,"<p className=""text-sm font-medium text-neutral-600"">How good was it?</p>"
tailwind-color-classes,3e1bdfd9,2026-01-15,Opus 4.5,no,src/components/ImpactFeedback.jsx,? 'from-emerald-500 to-teal-600'
tailwind-color-classes,3e1bdfd9,2026-01-15,Opus 4.5,no,src/components/ImpactFeedback.jsx,? 'from-blue-500 to-indigo-600'
tailwind-color-classes,3e1bdfd9,2026-01-15,Opus 4.5,no,src/components/ImpactFeedback.jsx,: 'from-amber-500 to-orange-600'
tailwind-color-classes,3e1bdfd9,2026-01-15,Opus 4.5,no,src/components/ImpactFeedback.jsx,className={`bg-gradient-to-r ${bgColor} rounded-2xl shadow-2xl p-5 w-full max-w-md border-2 border-white/20`}
tailwind-color-classes,3e1bdfd9,2026-01-15,Opus 4.5,no,src/components/ImpactFeedback.jsx,"<div className=""flex items-center gap-4 text-white"">"
tailwind-color-classes,3e1bdfd9,2026-01-15,Opus 4.5,no,src/components/ImpactFeedback.jsx,"<p className=""text-base text-white/90 mt-1"">Your vote made a difference!</p>"
tailwind-color-classes,480afa4b,2026-01-15,Opus 4.5,no,src/components/ErrorBoundary.jsx,"<div className=""min-h-screen flex items-center justify-center bg-stone-50 p-4"">"
tailwind-color-classes,480afa4b,2026-01-15,Opus 4.5,no,src/components/ErrorBoundary.jsx,"<div className=""w-16 h-16 mx-auto mb-4 rounded-full bg-red-100 flex items-center justify-center"">"
tailwind-color-classes,480afa4b,2026-01-15,Opus 4.5,no,src/components/ErrorBoundary.jsx,"<h1 className=""text-xl font-bold text-neutral-800 mb-2"">"
tailwind-color-classes,480afa4b,2026-01-15,Opus 4.5,no,src/components/ErrorBoundary.jsx,"<p className=""text-sm text-neutral-600 mb-6"">"
tailwind-color-classes,480afa4b,2026-01-15,Opus 4.5,no,src/components/ErrorBoundary.jsx,"className=""w-full px-4 py-3 text-white font-semibold rounded-xl"""
tailwind-color-classes,480afa4b,2026-01-15,Opus 4.5,no,src/components/ErrorBoundary.jsx,"className=""w-full px-4 py-3 text-neutral-700 font-medium rounded-xl border border-neutral-200"""
tailwind-color-classes,480afa4b,2026-01-15,Opus 4.5,no,src/components/ErrorBoundary.jsx,"<summary className=""text-xs text-neutral-500 cursor-pointer"">"
tailwind-color-classes,480afa4b,2026-01-15,Opus 4.5,no,src/components/ErrorBoundary.jsx,"<pre className=""mt-2 p-3 bg-neutral-100 rounded-lg text-xs text-red-600 overflow-auto"">"
tailwind-color-classes,046c6317,2026-01-15,Opus 4.5,no,src/pages/Admin.jsx,"<div className=""w-16 h-16 mx-auto mb-4 rounded-full bg-red-100 flex items-center justify-center"">"
tailwind-color-classes,046c6317,2026-01-15,Opus 4.5,no,src/pages/Admin.jsx,"className=""px-6 py-3 rounded-xl font-semibold text-white"""
localstorage-direct,0ad7757e,2026-01-15,Opus 4.5,no,src/components/Auth/LoginModal.jsx,const savedEmail = localStorage.getItem(REMEMBERED_EMAIL_KEY)
localstorage-direct,0ad7757e,2026-01-15,Opus 4.5,no,src/components/Auth/LoginModal.jsx,"localStorage.setItem(REMEMBERED_EMAIL_KEY, email)"
localstorage-direct,0ad7757e,2026-01-15,Opus 4.5,no,src/pages/Login.jsx,const savedEmail = localStorage.getItem(REMEMBERED_EMAIL_KEY)
localstorage-direct,0ad7757e,2026-01-15,Opus 4.5,no,src/pages/Login.jsx,"localStorage.setItem(REMEMBERED_EMAIL_KEY, email)"
localstorage-direct,0ad7757e,2026-01-15,Opus 4.5,no,src/pages/Profile.jsx,const savedEmail = localStorage.getItem(REMEMBERED_EMAIL_KEY)
localstorage-direct,0ad7757e,2026-01-15,Opus 4.5,no,src/pages/Profile.jsx,"localStorage.setItem(REMEMBERED_EMAIL_KEY, email)"
tailwind-color-classes,2638685c,2026-01-15,Opus 4.5,no,src/pages/Browse.jsx,"<span className=""text-neutral-300"">|</span>"
tailwind-color-classes,2638685c,2026-01-15,Opus 4.5,no,src/pages/Browse.jsx,"<span className=""text-sm font-medium text-neutral-700"">"
tailwind-color-classes,2638685c,2026-01-15,Opus 4.5,no,src/pages/Browse.jsx,"className=""flex flex-col items-center justify-center p-5 bg-white rounded-2xl border border-neutral-200 hover:border-neutral-300 hover:shadow-md active:scale-[0"
tailwind-color-classes,2638685c,2026-01-15,Opus 4.5,no,src/pages/Browse.jsx,"<span className=""text-sm font-medium text-neutral-700"">{category.label}</span>"
tailwind-color-classes,2638685c,2026-01-15,Opus 4.5,no,src/pages/Browse.jsx,"<div className=""px-4 py-2 bg-stone-50 border-b border-neutral-100"">"
tailwind-color-classes,2638685c,2026-01-15,Opus 4.5,no,src/pages/Browse.jsx,"<p className=""text-sm text-neutral-500"">"
tailwind-color-classes,2638685c,2026-01-15,Opus 4.5,no,src/pages/Browse.jsx,"<span className=""font-medium text-neutral-700"">{filteredDishes.length}</span>"
tailwind-color-classes,2638685c,2026-01-15,Opus 4.5,no,src/pages/Browse.jsx,"<div className=""w-16 h-16 mx-auto mb-4 rounded-full bg-red-100 flex items-center justify-center"">"
tailwind-color-classes,2638685c,2026-01-15,Opus 4.5,no,src/pages/Browse.jsx,"<p className=""text-sm text-red-600 mb-4"">{error}</p>"
tailwind-color-classes,2638685c,2026-01-15,Opus 4.5,no,src/pages/Browse.jsx,"className=""px-4 py-2 bg-red-600 text-white rounded-lg text-sm font-medium"""
render-error-object,2638685c,2026-01-15,Opus 4.5,no,src/pages/Browse.jsx,"<p className=""text-sm text-red-600 mb-4"">{error}</p>"
tailwind-color-classes,898fc362,2026-01-15,Opus 4.5,no,src/components/Auth/LoginModal.jsx,"<a href=""/terms"" className=""underline hover:text-neutral-600"">Terms of Service</a>"
tailwind-color-classes,898fc362,2026-01-15,Opus 4.5,no,src/components/Auth/LoginModal.jsx,"<a href=""/privacy"" className=""underline hover:text-neutral-600"">Privacy Policy</a>"
tailwind-color-classes,898fc362,2026-01-15,Opus 4.5,no,src/pages/Login.jsx,"<a href=""/terms"" className=""underline hover:text-neutral-600"">Terms of Service</a>"
tailwind-color-classes,898fc362,2026-01-15,Opus 4.5,no,src/pages/Login.jsx,"<a href=""/privacy"" className=""underline hover:text-neutral-600"">Privacy Policy</a>"
tailwind-color-classes,898fc362,2026-01-15,Opus 4.5,no,src/pages/Privacy.jsx,"<div className=""min-h-screen bg-stone-50"">"
tailwind-color-classes,898fc362,2026-01-15,Opus 4.5,no,src/pages/Privacy.jsx,"<header className=""bg-white border-b border-neutral-200 px-4 py-4"">"
tailwind-color-classes,898fc362,2026-01-15,Opus 4.5,no,src/pages/Privacy.jsx,"<div className=""bg-white rounded-2xl border border-neutral-200 p-6 space-y-6"">"
tailwind-color-classes,898fc362,2026-01-15,Opus 4.5,no,src/pages/Privacy.jsx,"<p className=""text-sm text-neutral-500"">Last updated: January 2025</p>"
tailwind-color-classes,898fc362,2026-01-15,Opus 4.5,no,src/pages/Privacy.jsx,"<p className=""text-neutral-600 leading-relaxed"">"
tailwind-color-classes,898fc362,2026-01-15,Opus 4.5,no,src/pages/Privacy.jsx,"<div className=""space-y-4 text-neutral-600 leading-relaxed"">"
tailwind-color-classes,898fc362,2026-01-15,Opus 4.5,no,src/pages/Privacy.jsx,"<h3 className=""font-medium text-neutral-800 mb-1"">Account Information</h3>"
tailwind-color-classes,898fc362,2026-01-15,Opus 4.5,no,src/pages/Privacy.jsx,"<h3 className=""font-medium text-neutral-800 mb-1"">User Content</h3>"
tailwind-color-classes,898fc362,2026-01-15,Opus 4.5,no,src/pages/Privacy.jsx,"<h3 className=""font-medium text-neutral-800 mb-1"">Location Data</h3>"
tailwind-color-classes,898fc362,2026-01-15,Opus 4.5,no,src/pages/Privacy.jsx,"<h3 className=""font-medium text-neutral-800 mb-1"">Usage Analytics</h3>"
tailwind-color-classes,898fc362,2026-01-15,Opus 4.5,no,src/pages/Privacy.jsx,"<h3 className=""font-medium text-neutral-800 mb-1"">Error Tracking</h3>"
tailwind-color-classes,898fc362,2026-01-15,Opus 4.5,no,src/pages/Privacy.jsx,"<ul className=""list-disc list-inside space-y-2 text-neutral-600"">"
tailwind-color-classes,898fc362,2026-01-15,Opus 4.5,no,src/pages/Privacy.jsx,"<p className=""text-neutral-600 leading-relaxed mb-3"">"
tailwind-color-classes,898fc362,2026-01-15,Opus 4.5,no,src/pages/Privacy.jsx,"<ul className=""list-disc list-inside space-y-2 text-neutral-600"">"
tailwind-color-classes,898fc362,2026-01-15,Opus 4.5,no,src/pages/Privacy.jsx,"<p className=""text-neutral-600 leading-relaxed"">"
tailwind-color-classes,898fc362,2026-01-15,Opus 4.5,no,src/pages/Privacy.jsx,"<p className=""text-neutral-600 leading-relaxed"">"
tailwind-color-classes,898fc362,2026-01-15,Opus 4.5,no,src/pages/Privacy.jsx,"<p className=""text-neutral-600 leading-relaxed"">"
tailwind-color-classes,898fc362,2026-01-15,Opus 4.5,no,src/pages/Privacy.jsx,"<p className=""text-neutral-600 leading-relaxed"">"
tailwind-color-classes,898fc362,2026-01-15,Opus 4.5,no,src/pages/Privacy.jsx,"<p className=""text-neutral-600 leading-relaxed"">"
tailwind-color-classes,898fc362,2026-01-15,Opus 4.5,no,src/pages/Profile.jsx,"className=""w-full px-4 py-3 flex items-center justify-between hover:bg-neutral-50 transition-colors border-t border-neutral-100"""
tailwind-color-classes,898fc362,2026-01-15,Opus 4.5,no,src/pages/Profile.jsx,"<div className=""w-10 h-10 rounded-full bg-neutral-100 flex items-center justify-center"">"
tailwind-color-classes,898fc362,2026-01-15,Opus 4.5,no,src/pages/Profile.jsx,"<span className=""font-medium text-neutral-900"">Privacy Policy</span>"
tailwind-color-classes,898fc362,2026-01-15,Opus 4.5,no,src/pages/Profile.jsx,"<svg className=""w-5 h-5 text-neutral-400"" fill=""none"" viewBox=""0 0 24 24"" stroke=""currentColor"">"
tailwind-color-classes,898fc362,2026-01-15,Opus 4.5,no,src/pages/Profile.jsx,"className=""w-full px-4 py-3 flex items-center justify-between hover:bg-neutral-50 transition-colors border-t border-neutral-100"""
tailwind-color-classes,898fc362,2026-01-15,Opus 4.5,no,src/pages/Profile.jsx,"<div className=""w-10 h-10 rounded-full bg-neutral-100 flex items-center justify-center"">"
tailwind-color-classes,898fc362,2026-01-15,Opus 4.5,no,src/pages/Profile.jsx,"<span className=""font-medium text-neutral-900"">Terms of Service</span>"
tailwind-color-classes,898fc362,2026-01-15,Opus 4.5,no,src/pages/Profile.jsx,"<svg className=""w-5 h-5 text-neutral-400"" fill=""none"" viewBox=""0 0 24 24"" stroke=""currentColor"">"
tailwind-color-classes,898fc362,2026-01-15,Opus 4.5,no,src/pages/Terms.jsx,"<div className=""min-h-screen bg-stone-50"">"
tailwind-color-classes,898fc362,2026-01-15,Opus 4.5,no,src/pages/Terms.jsx,"<header className=""bg-white border-b border-neutral-200 px-4 py-4"">"
tailwind-color-classes,898fc362,2026-01-15,Opus 4.5,no,src/pages/Terms.jsx,"<div className=""bg-white rounded-2xl border border-neutral-200 p-6 space-y-6"">"
tailwind-color-classes,898fc362,2026-01-15,Opus 4.5,no,src/pages/Terms.jsx,"<p className=""text-sm text-neutral-500"">Last updated: January 2025</p>"
tailwind-color-classes,898fc362,2026-01-15,Opus 4.5,no,src/pages/Terms.jsx,"<p className=""text-neutral-600 leading-relaxed"">"
tailwind-color-classes,898fc362,2026-01-15,Opus 4.5,no,src/pages/Terms.jsx,"<p className=""text-neutral-600 leading-relaxed"">"
tailwind-color-classes,898fc362,2026-01-15,Opus 4.5,no,src/pages/Terms.jsx,"<div className=""space-y-3 text-neutral-600 leading-relaxed"">"
tailwind-color-classes,898fc362,2026-01-15,Opus 4.5,no,src/pages/Terms.jsx,"<p className=""text-neutral-600 leading-relaxed mb-3"">"
tailwind-color-classes,898fc362,2026-01-15,Opus 4.5,no,src/pages/Terms.jsx,"<ul className=""list-disc list-inside space-y-2 text-neutral-600"">"
tailwind-color-classes,898fc362,2026-01-15,Opus 4.5,no,src/pages/Terms.jsx,"<p className=""text-neutral-600 leading-relaxed mt-3"">"
tailwind-color-classes,898fc362,2026-01-15,Opus 4.5,no,src/pages/Terms.jsx,"<p className=""text-neutral-600 leading-relaxed"">"
tailwind-color-classes,898fc362,2026-01-15,Opus 4.5,no,src/pages/Terms.jsx,"<p className=""text-neutral-600 leading-relaxed mb-3"">"
tailwind-color-classes,898fc362,2026-01-15,Opus 4.5,no,src/pages/Terms.jsx,"<ul className=""list-disc list-inside space-y-2 text-neutral-600"">"
tailwind-color-classes,898fc362,2026-01-15,Opus 4.5,no,src/pages/Terms.jsx,"<p className=""text-neutral-600 leading-relaxed"">"
tailwind-color-classes,898fc362,2026-01-15,Opus 4.5,no,src/pages/Terms.jsx,"<p className=""text-neutral-600 leading-relaxed"">"
tailwind-color-classes,898fc362,2026-01-15,Opus 4.5,no,src/pages/Terms.jsx,"<p className=""text-neutral-600 leading-relaxed"">"
tailwind-color-classes,898fc362,2026-01-15,Opus 4.5,no,src/pages/Terms.jsx,"<p className=""text-neutral-600 leading-relaxed"">"
tailwind-color-classes,898fc362,2026-01-15,Opus 4.5,no,src/pages/Terms.jsx,"<p className=""text-neutral-600 leading-relaxed"">"
tailwind-color-classes,898fc362,2026-01-15,Opus 4.5,no,src/pages/Terms.jsx,"<p className=""text-neutral-600 leading-relaxed"">"
tailwind-color-classes,1dae1464,2026-01-15,Opus 4.5,no,src/pages/Profile.jsx,"<h3 className=""text-xs font-semibold text-neutral-500 uppercase tracking-wide mb-2"">"
tailwind-color-classes,1dae1464,2026-01-15,Opus 4.5,no,src/pages/Profile.jsx,"className=""flex items-center gap-1.5 px-3 py-1.5 bg-white border border-neutral-200 rounded-full text-sm"""
tailwind-color-classes,1dae1464,2026-01-15,Opus 4.5,no,src/pages/Profile.jsx,"<span className=""font-medium text-neutral-800"">{tier.label}</span>"
tailwind-color-classes,1dae1464,2026-01-15,Opus 4.5,no,src/pages/Profile.jsx,"<span className=""text-neutral-400"">·</span>"
tailwind-color-classes,1dae1464,2026-01-15,Opus 4.5,no,src/pages/Profile.jsx,"<span className=""text-xs text-neutral-400"">({tier.count})</span>"
tailwind-color-classes,1dae1464,2026-01-15,Opus 4.5,no,src/pages/Profile.jsx,"<div className=""px-3 py-1.5 bg-neutral-100 rounded-full text-xs font-medium text-neutral-600"">"
tailwind-color-classes,1dae1464,2026-01-15,Opus 4.5,no,src/pages/Profile.jsx,"Top spot: <span className=""text-neutral-900"">{stats.favoriteRestaurant}</span>"
tailwind-color-classes,1dae1464,2026-01-15,Opus 4.5,no,src/pages/Profile.jsx,"<div className=""px-3 py-1.5 bg-neutral-100 rounded-full text-xs font-medium text-neutral-500"">"
tailwind-color-classes,983f2d48,2026-01-15,Opus 4.5,no,src/pages/Profile.jsx,"<h3 className=""text-xs font-semibold text-neutral-500 uppercase tracking-wide mb-2"">"
tailwind-color-classes,983f2d48,2026-01-15,Opus 4.5,no,src/pages/Profile.jsx,"className=""bg-white border border-neutral-200 rounded-xl p-3"""
tailwind-color-classes,983f2d48,2026-01-15,Opus 4.5,no,src/pages/Profile.jsx,"<span className=""font-medium text-neutral-800"">{prog.label}</span>"
tailwind-color-classes,983f2d48,2026-01-15,Opus 4.5,no,src/pages/Profile.jsx,"<span className=""text-xs text-neutral-400"">"
tailwind-color-classes,983f2d48,2026-01-15,Opus 4.5,no,src/pages/Profile.jsx,"<div className=""h-2 bg-neutral-100 rounded-full overflow-hidden"">"
tailwind-color-classes,983f2d48,2026-01-15,Opus 4.5,no,src/pages/Profile.jsx,"<span className=""text-xs text-neutral-400"">{prog.count} votes</span>"
tailwind-color-classes,983f2d48,2026-01-15,Opus 4.5,no,src/pages/Profile.jsx,"<span className=""text-xs text-neutral-400"">{prog.nextTier.min} needed</span>"
tailwind-color-classes,983f2d48,2026-01-15,Opus 4.5,no,src/pages/Profile.jsx,"<div className=""border-t border-neutral-100"">"
tailwind-color-classes,983f2d48,2026-01-15,Opus 4.5,no,src/pages/Profile.jsx,"className=""w-full px-4 py-3 flex items-center justify-between hover:bg-neutral-50 transition-colors"""
tailwind-color-classes,983f2d48,2026-01-15,Opus 4.5,no,src/pages/Profile.jsx,"<div className=""w-10 h-10 rounded-full bg-neutral-100 flex items-center justify-center"">"
tailwind-color-classes,983f2d48,2026-01-15,Opus 4.5,no,src/pages/Profile.jsx,"<span className=""font-medium text-neutral-900"">How Ranks Work</span>"
tailwind-color-classes,983f2d48,2026-01-15,Opus 4.5,no,src/pages/Profile.jsx,className={`w-5 h-5 text-neutral-400 transition-transform ${expanded ? 'rotate-180' : ''}`}
tailwind-color-classes,983f2d48,2026-01-15,Opus 4.5,no,src/pages/Profile.jsx,"<p className=""text-sm text-neutral-600 mb-4"">"
tailwind-color-classes,983f2d48,2026-01-15,Opus 4.5,no,src/pages/Profile.jsx,"className=""flex items-center gap-3 p-2 rounded-lg bg-neutral-50"""
tailwind-color-classes,983f2d48,2026-01-15,Opus 4.5,no,src/pages/Profile.jsx,"<span className=""font-semibold text-neutral-900"">{tier.title}</span>"
tailwind-color-classes,983f2d48,2026-01-15,Opus 4.5,no,src/pages/Profile.jsx,"<span className=""text-xs px-2 py-0.5 bg-neutral-200 rounded-full text-neutral-600"">"
tailwind-color-classes,983f2d48,2026-01-15,Opus 4.5,no,src/pages/Profile.jsx,"<p className=""text-xs text-neutral-500"">{tier.description}</p>"
tailwind-color-classes,983f2d48,2026-01-15,Opus 4.5,no,src/pages/Profile.jsx,"<p className=""text-xs text-neutral-400 mt-4 text-center"">"
console-direct,7aeee6af,2026-01-15,Opus 4.5,no,src/api/votesApi.js,"console.error('Error getting dishes helped rank:', error)"
tailwind-color-classes,61023dda,2026-01-15,Opus 4.5,no,src/components/Auth/WelcomeModal.jsx,? 'w-6 bg-orange-500'
tailwind-color-classes,61023dda,2026-01-15,Opus 4.5,no,src/components/Auth/WelcomeModal.jsx,? 'bg-orange-300 cursor-pointer hover:bg-orange-400'
tailwind-color-classes,61023dda,2026-01-15,Opus 4.5,no,src/components/Auth/WelcomeModal.jsx,: 'bg-neutral-200'
tailwind-color-classes,61023dda,2026-01-15,Opus 4.5,no,src/components/Auth/WelcomeModal.jsx,"<p className=""text-neutral-400 text-xs mt-2"">"
tailwind-color-classes,61023dda,2026-01-15,Opus 4.5,no,src/components/Auth/WelcomeModal.jsx,"<div className=""flex flex-col items-center p-3 bg-emerald-50 rounded-xl"">"
tailwind-color-classes,61023dda,2026-01-15,Opus 4.5,no,src/components/Auth/WelcomeModal.jsx,"<span className=""text-xs font-medium text-emerald-700"">Worth It</span>"
tailwind-color-classes,61023dda,2026-01-15,Opus 4.5,no,src/components/Auth/WelcomeModal.jsx,"<div className=""flex flex-col items-center p-3 bg-red-50 rounded-xl"">"
tailwind-color-classes,61023dda,2026-01-15,Opus 4.5,no,src/components/Auth/WelcomeModal.jsx,"<span className=""text-xs font-medium text-red-600"">Avoid</span>"
tailwind-color-classes,61023dda,2026-01-15,Opus 4.5,no,src/components/Auth/WelcomeModal.jsx,"<div className=""flex flex-col items-center p-3 bg-amber-50 rounded-xl"">"
tailwind-color-classes,61023dda,2026-01-15,Opus 4.5,no,src/components/Auth/WelcomeModal.jsx,"<span className=""text-xs font-medium text-amber-700"">Rate 1-10</span>"
tailwind-color-classes,61023dda,2026-01-15,Opus 4.5,no,src/components/Auth/WelcomeModal.jsx,"className=""w-full px-4 py-4 bg-white border-2 border-neutral-200 rounded-xl text-lg text-center focus:border-orange-400 focus:outline-none transition-colors pla"
tailwind-color-classes,61023dda,2026-01-15,Opus 4.5,no,src/components/Auth/WelcomeModal.jsx,"className=""w-full px-6 py-4 text-white font-semibold rounded-xl hover:opacity-90 active:scale-[0.98] transition-all disabled:opacity-50"""
tailwind-color-classes,61023dda,2026-01-15,Opus 4.5,no,src/components/Auth/WelcomeModal.jsx,"className=""w-full py-2 text-sm text-neutral-400 hover:text-neutral-600 transition-colors"""
tailwind-color-classes,61023dda,2026-01-15,Opus 4.5,no,src/components/Auth/WelcomeModal.jsx,"className=""w-full px-6 py-4 text-white font-semibold rounded-xl hover:opacity-90 active:scale-[0.98] transition-all"""
tailwind-color-classes,61023dda,2026-01-15,Opus 4.5,no,src/components/Auth/WelcomeModal.jsx,"className=""w-full py-2 text-sm text-neutral-400 hover:text-neutral-600 transition-colors"""
tailwind-color-classes,61023dda,2026-01-15,Opus 4.5,no,src/components/Auth/WelcomeModal.jsx,"<p className=""mt-6 text-xs text-center text-neutral-400"">"
tailwind-color-classes,c94b85ca,2026-01-16,Opus 4.5,no,src/pages/Browse.jsx,"className=""px-3 py-2 bg-white rounded-full border border-neutral-200 text-sm font-medium hover:border-neutral-300 hover:shadow-sm active:scale-[0.98] transition"
tailwind-color-classes,c94b85ca,2026-01-16,Opus 4.5,no,src/pages/Browse.jsx,"className=""px-5 py-2.5 rounded-xl text-sm font-semibold text-white hover:opacity-90 active:scale-[0.98] transition-all"""
localstorage-direct,cbe634d4,2026-01-16,Opus 4.5,no,src/pages/Browse.jsx,return localStorage.getItem('browse_sort') || 'top_rated'
localstorage-direct,cbe634d4,2026-01-16,Opus 4.5,no,src/pages/Browse.jsx,"localStorage.setItem('browse_sort', sortId)"
tailwind-color-classes,cbe634d4,2026-01-16,Opus 4.5,no,src/pages/Browse.jsx,"<div className=""px-4 py-2 bg-stone-50 border-b border-neutral-100 flex items-center justify-between"">"
tailwind-color-classes,cbe634d4,2026-01-16,Opus 4.5,no,src/pages/Browse.jsx,"className=""flex items-center gap-1.5 px-3 py-1.5 text-sm font-medium rounded-lg hover:bg-neutral-100 transition-colors"""
tailwind-color-classes,cbe634d4,2026-01-16,Opus 4.5,no,src/pages/Browse.jsx,"<div className=""absolute right-0 mt-1 w-40 bg-white rounded-xl shadow-lg border border-neutral-200 py-1 z-50"">"
tailwind-color-classes,cbe634d4,2026-01-16,Opus 4.5,no,src/pages/Browse.jsx,className={`w-full px-3 py-2 text-sm text-left flex items-center gap-2 hover:bg-neutral-50 transition-colors ${
console-direct,e141f75f,2026-01-16,Opus 4.5,no,src/api/restaurantsApi.js,"console.error('Error searching restaurants:', error)"
tailwind-color-classes,e141f75f,2026-01-16,Opus 4.5,no,src/pages/Browse.jsx,"className=""w-5 h-5 absolute left-3 top-1/2 -translate-y-1/2 text-neutral-400 z-10"""
tailwind-color-classes,e141f75f,2026-01-16,Opus 4.5,no,src/pages/Browse.jsx,"className=""absolute right-3 top-1/2 -translate-y-1/2 w-6 h-6 rounded-full bg-neutral-300 flex items-center justify-center hover:bg-neutral-400 transition-colors"
tailwind-color-classes,e141f75f,2026-01-16,Opus 4.5,no,src/pages/Browse.jsx,"className=""absolute top-full left-0 right-0 mt-1 bg-white rounded-xl shadow-lg border border-neutral-200 overflow-hidden z-50"""
tailwind-color-classes,e141f75f,2026-01-16,Opus 4.5,no,src/pages/Browse.jsx,? 'bg-orange-50'
tailwind-color-classes,e141f75f,2026-01-16,Opus 4.5,no,src/pages/Browse.jsx,: 'hover:bg-neutral-50'
tailwind-color-classes,e141f75f,2026-01-16,Opus 4.5,no,src/pages/Browse.jsx,? 'bg-orange-100 text-orange-600'
tailwind-color-classes,e141f75f,2026-01-16,Opus 4.5,no,src/pages/Browse.jsx,: 'bg-blue-100 text-blue-600'
tailwind-color-classes,e141f75f,2026-01-16,Opus 4.5,no,src/pages/Browse.jsx,"<p className=""font-medium text-neutral-900 truncate"">"
tailwind-color-classes,e141f75f,2026-01-16,Opus 4.5,no,src/pages/Browse.jsx,"<p className=""text-xs text-neutral-500 truncate"">"
tailwind-color-classes,e141f75f,2026-01-16,Opus 4.5,no,src/pages/Browse.jsx,? 'bg-orange-100 text-orange-700'
tailwind-color-classes,e141f75f,2026-01-16,Opus 4.5,no,src/pages/Browse.jsx,: 'bg-blue-100 text-blue-700'
tailwind-color-classes,e141f75f,2026-01-16,Opus 4.5,no,src/pages/Browse.jsx,"<div className=""px-4 py-2 bg-neutral-50 border-t border-neutral-100"">"
tailwind-color-classes,e141f75f,2026-01-16,Opus 4.5,no,src/pages/Browse.jsx,"<p className=""text-xs text-neutral-400"">"
console-direct,5f5c982c,2026-01-16,Opus 4.5,no,src/api/dishesApi.js,"console.error('Error searching dishes:', error)"
console-direct,51fe73e9,2026-01-16,Opus 4.5,no,src/api/dishPhotosApi.js,"console.error('Error uploading photo:', error)"
console-direct,51fe73e9,2026-01-16,Opus 4.5,no,src/api/dishPhotosApi.js,"console.error('Error fetching dish photos:', error)"
console-direct,51fe73e9,2026-01-16,Opus 4.5,no,src/api/dishPhotosApi.js,"console.error('Error fetching unrated dishes:', error)"
console-direct,51fe73e9,2026-01-16,Opus 4.5,no,src/api/dishPhotosApi.js,"console.error('Error fetching user photo:', error)"
console-direct,51fe73e9,2026-01-16,Opus 4.5,no,src/api/dishPhotosApi.js,"console.error('Error deleting photo:', error)"
console-direct,51fe73e9,2026-01-16,Opus 4.5,no,src/api/dishPhotosApi.js,"console.error('Error getting unrated count:', error)"
console-direct,51fe73e9,2026-01-16,Opus 4.5,no,src/hooks/useDishPhotos.js,"console.error('Error getting user photo:', err)"
console-direct,51fe73e9,2026-01-16,Opus 4.5,no,src/hooks/useUnratedDishes.js,"console.error('Error fetching unrated dishes:', err)"
tailwind-color-classes,51fe73e9,2026-01-16,Opus 4.5,no,src/pages/Profile.jsx,"className=""w-full bg-white rounded-xl border border-neutral-200 overflow-hidden flex text-left hover:shadow-md transition-shadow"""
tailwind-color-classes,51fe73e9,2026-01-16,Opus 4.5,no,src/pages/Profile.jsx,"<div className=""w-24 h-24 flex-shrink-0 bg-neutral-100 relative"">"
tailwind-color-classes,51fe73e9,2026-01-16,Opus 4.5,no,src/pages/Profile.jsx,"<div className=""absolute bottom-1 left-1 bg-black/60 text-white text-xs px-1.5 py-0.5 rounded flex items-center gap-1"">"
tailwind-color-classes,51fe73e9,2026-01-16,Opus 4.5,no,src/pages/Profile.jsx,"<h3 className=""font-semibold text-neutral-900 truncate"">{dish.dish_name}</h3>"
tailwind-color-classes,51fe73e9,2026-01-16,Opus 4.5,no,src/pages/Profile.jsx,"<p className=""text-sm text-neutral-500 truncate"">{dish.restaurant_name}</p>"
tailwind-color-classes,51fe73e9,2026-01-16,Opus 4.5,no,src/pages/Profile.jsx,"<span className=""text-xs text-neutral-400"">Added {timeSince}</span>"
hex-in-components,51fe73e9,2026-01-16,Opus 4.5,no,src/components/DishModal.jsx,"<p style={{ fontSize: '14px', color: '#666', marginBottom: '16px' }}>"
single-not-maybesingle,51fe73e9,2026-01-16,Opus 4.5,no,src/api/dishPhotosApi.js,.single()
single-not-maybesingle,51fe73e9,2026-01-16,Opus 4.5,no,src/api/dishPhotosApi.js,.single()
console-direct,8f0f988d,2026-01-16,Opus 4.5,no,src/api/dishPhotosApi.js,"console.error('Error fetching featured photo:', error)"
console-direct,8f0f988d,2026-01-16,Opus 4.5,no,src/api/dishPhotosApi.js,"console.error('Error fetching community photos:', error)"
console-direct,8f0f988d,2026-01-16,Opus 4.5,no,src/api/dishPhotosApi.js,"console.error('Error fetching all photos:', error)"
console-direct,8f0f988d,2026-01-16,Opus 4.5,no,src/api/dishPhotosApi.js,"console.error('Error fetching photo counts:', error)"
render-error-object,8f0f988d,2026-01-16,Opus 4.5,no,src/components/PhotoUploadButton.jsx,"<p className=""photo-upload-error"">{error}</p>"
tailwind-color-classes,c83c9fd9,2026-01-16,Opus 4.5,no,src/pages/Profile.jsx,"<div className=""border-t border-neutral-100"">"
tailwind-color-classes,c83c9fd9,2026-01-16,Opus 4.5,no,src/pages/Profile.jsx,"className=""w-full px-4 py-3 flex items-center justify-between hover:bg-neutral-50 transition-colors"""
tailwind-color-classes,c83c9fd9,2026-01-16,Opus 4.5,no,src/pages/Profile.jsx,"<div className=""w-10 h-10 rounded-full bg-neutral-100 flex items-center justify-center"">"
tailwind-color-classes,c83c9fd9,2026-01-16,Opus 4.5,no,src/pages/Profile.jsx,"<span className=""font-medium text-neutral-900"">How Photos Work</span>"
tailwind-color-classes,c83c9fd9,2026-01-16,Opus 4.5,no,src/pages/Profile.jsx,className={`w-5 h-5 text-neutral-400 transition-transform ${expanded ? 'rotate-180' : ''}`}
tailwind-color-classes,c83c9fd9,2026-01-16,Opus 4.5,no,src/pages/Profile.jsx,"<p className=""text-sm text-neutral-600 mb-4"">"
tailwind-color-classes,c83c9fd9,2026-01-16,Opus 4.5,no,src/pages/Profile.jsx,"className=""flex items-center gap-3 p-2 rounded-lg bg-neutral-50"""
tailwind-color-classes,c83c9fd9,2026-01-16,Opus 4.5,no,src/pages/Profile.jsx,"<span className=""font-semibold text-neutral-900"">{tier.title}</span>"
tailwind-color-classes,c83c9fd9,2026-01-16,Opus 4.5,no,src/pages/Profile.jsx,"<p className=""text-xs text-neutral-500"">{tier.description}</p>"
tailwind-color-classes,c83c9fd9,2026-01-16,Opus 4.5,no,src/pages/Profile.jsx,"<p className=""text-sm text-neutral-600 mt-4"">"
tailwind-color-classes,c83c9fd9,2026-01-16,Opus 4.5,no,src/pages/Profile.jsx,"<p className=""text-xs text-neutral-400 mt-3 text-center"">"
hex-in-components,9b43ebfa,2026-01-16,Opus 4.5,no,src/components/PhotoUploadConfirmation.jsx,"color: '#F59E0B', // amber"
hex-in-components,9b43ebfa,2026-01-16,Opus 4.5,no,src/components/PhotoUploadConfirmation.jsx,"color: '#3B82F6', // blue"
hex-in-components,9b43ebfa,2026-01-16,Opus 4.5,no,src/components/PhotoUploadConfirmation.jsx,"color: '#6B7280', // gray"
tailwind-color-classes,01d168e6,2026-01-16,Opus 4.5,no,src/pages/Profile.jsx,"<span className=""font-semibold text-neutral-900"">{tier.label}</span>"
console-direct,c27109bb,2026-01-16,Opus 4.5,no,src/context/AuthContext.jsx,"console.error('Error restoring session:', error)"
tailwind-color-classes,3751ac6a,2026-01-16,Opus 4.5,no,src/components/LocationPicker.jsx,"<div className=""bg-white px-4 py-2"">"
tailwind-color-classes,3751ac6a,2026-01-16,Opus 4.5,no,src/pages/Browse.jsx,"<header className=""bg-white"">"
tailwind-color-classes,3751ac6a,2026-01-16,Opus 4.5,no,src/pages/Profile.jsx,"<header className=""bg-white px-4 py-2"">"
tailwind-color-classes,3751ac6a,2026-01-16,Opus 4.5,no,src/pages/Restaurants.jsx,"<header className=""bg-white px-4 py-2"">"
localstorage-direct,7babdb5d,2026-01-16,Opus 4.5,no,src/components/WelcomeSplash.jsx,const hasSeenSplash = localStorage.getItem(STORAGE_KEY)
localstorage-direct,7babdb5d,2026-01-16,Opus 4.5,no,src/components/WelcomeSplash.jsx,"localStorage.setItem(STORAGE_KEY, 'true')"
console-direct,c6fbfe2e,2026-01-16,Opus 4.5,no,src/components/Auth/LoginModal.jsx,"console.warn('LoginModal: unable to read remembered email', error)"
console-direct,c6fbfe2e,2026-01-16,Opus 4.5,no,src/components/Auth/LoginModal.jsx,"console.warn('LoginModal: unable to persist remembered email', error)"
console-direct,c6fbfe2e,2026-01-16,Opus 4.5,no,src/components/ReviewFlow.jsx,"console.warn('Unable to read pending vote from storage', error)"
console-direct,c6fbfe2e,2026-01-16,Opus 4.5,no,src/components/ReviewFlow.jsx,"console.warn('Unable to persist pending vote to storage', error)"
console-direct,c6fbfe2e,2026-01-16,Opus 4.5,no,src/components/ReviewFlow.jsx,"console.warn('Unable to clear pending vote from storage', error)"
console-direct,c6fbfe2e,2026-01-16,Opus 4.5,no,src/hooks/useLocation.js,"console.warn('Geolocation error:', err.message)"
console-direct,c6fbfe2e,2026-01-16,Opus 4.5,no,src/pages/Login.jsx,"console.warn('Login: unable to read remembered email', error)"
console-direct,c6fbfe2e,2026-01-16,Opus 4.5,no,src/pages/Login.jsx,"console.warn('Login: unable to persist remembered email', error)"
console-direct,c6fbfe2e,2026-01-16,Opus 4.5,no,src/pages/Profile.jsx,"console.warn('Profile: unable to read remembered email', e)"
console-direct,c6fbfe2e,2026-01-16,Opus 4.5,no,src/pages/Profile.jsx,"console.warn('Profile: unable to persist remembered email', e)"
localstorage-direct,c6fbfe2e,2026-01-16,Opus 4.5,no,src/hooks/useLocation.js,"localStorage.setItem(STORAGE_KEY, 'true')"
tailwind-color-classes,051633e1,2026-01-16,Opus 4.5,no,src/components/DishFeed.jsx,"<p className=""text-sm font-medium text-neutral-600"">"
tailwind-color-classes,051633e1,2026-01-16,Opus 4.5,no,src/components/DishFeed.jsx,"<span className=""text-neutral-900 font-bold"">{dishes.length}</span>{' '}"
tailwind-color-classes,051633e1,2026-01-16,Opus 4.5,no,src/components/DishFeed.jsx,"<span className=""text-neutral-900 font-bold"">{selectedRestaurant.name}</span>"
tailwind-color-classes,051633e1,2026-01-16,Opus 4.5,no,src/components/DishFeed.jsx,"Found <span className=""text-neutral-900 font-bold"">{dishes.length}</span>{' '}"
tailwind-color-classes,051633e1,2026-01-16,Opus 4.5,no,src/components/DishFeed.jsx,"<div className=""py-8 text-center bg-neutral-50 rounded-xl border border-neutral-200"">"
tailwind-color-classes,50865e4b,2026-01-16,Opus 4.5,no,src/components/BrowseCard.jsx,"className=""w-full bg-white rounded-2xl overflow-hidden border shadow-sm transition-all duration-200 hover:shadow-xl hover:-translate-y-1 active:scale-[0.98] act"
tailwind-color-classes,f3d9d575,2026-01-17,Opus 4.5,no,src/pages/Restaurants.jsx,? 'bg-red-500 text-white'
tailwind-color-classes,f3d9d575,2026-01-17,Opus 4.5,no,src/pages/Restaurants.jsx,: 'bg-neutral-100 text-neutral-400 hover:text-red-500'
render-error-object,f3d9d575,2026-01-17,Opus 4.5,no,src/pages/Restaurants.jsx,"<p className=""text-sm"" style={{ color: 'var(--color-danger)' }}>{error}</p>"
tailwind-color-classes,e4228dd4,2026-01-17,Opus 4.5,no,src/components/DishSearch.jsx,"className=""p-1 rounded-full hover:bg-neutral-100 transition-colors"""
tailwind-color-classes,e4228dd4,2026-01-17,Opus 4.5,no,src/components/DishSearch.jsx,"<div className=""animate-spin w-5 h-5 border-2 border-neutral-300 border-t-neutral-600 rounded-full mx-auto"" />"
tailwind-color-classes,e4228dd4,2026-01-17,Opus 4.5,no,src/components/DishSearch.jsx,"className=""w-full flex items-center gap-3 px-4 py-3 hover:bg-neutral-50 transition-colors text-left"""
tailwind-color-classes,e4228dd4,2026-01-17,Opus 4.5,no,src/components/DishSearch.jsx,"className=""w-full flex items-center gap-3 px-4 py-3 hover:bg-neutral-50 transition-colors text-left"""
console-direct,edaa58ca,2026-01-17,Opus 4.5,no,src/pages/Dish.jsx,"console.error('Error fetching dish:', err)"
tailwind-color-classes,edaa58ca,2026-01-17,Opus 4.5,no,src/pages/Dish.jsx,"className=""w-10 h-10 rounded-full flex items-center justify-center hover:bg-neutral-100 transition-colors"""
tailwind-color-classes,edaa58ca,2026-01-17,Opus 4.5,no,src/pages/Dish.jsx,? 'bg-red-500 text-white'
tailwind-color-classes,edaa58ca,2026-01-17,Opus 4.5,no,src/pages/Dish.jsx,: 'bg-neutral-100 text-neutral-400 hover:text-red-500'
tailwind-color-classes,edaa58ca,2026-01-17,Opus 4.5,no,src/pages/Dish.jsx,"<div className=""absolute inset-0 bg-gradient-to-t from-black/50 via-transparent to-transparent"" />"
tailwind-color-classes,edaa58ca,2026-01-17,Opus 4.5,no,src/pages/Dish.jsx,"<div className=""absolute bottom-4 left-4 px-3 py-1.5 rounded-lg bg-black/60 backdrop-blur-sm"">"
tailwind-color-classes,edaa58ca,2026-01-17,Opus 4.5,no,src/pages/Dish.jsx,"<span className=""text-lg font-bold text-white"">"
tailwind-color-classes,edaa58ca,2026-01-17,Opus 4.5,no,src/pages/Dish.jsx,"<span className=""text-xs text-white/80 ml-1"">"
tailwind-color-classes,edaa58ca,2026-01-17,Opus 4.5,no,src/pages/Dish.jsx,"<div className=""absolute top-4 right-4 px-2 py-1 rounded-lg bg-white/90 backdrop-blur-sm"">"
tailwind-color-classes,edaa58ca,2026-01-17,Opus 4.5,no,src/pages/Dish.jsx,"className=""fixed inset-0 z-50 bg-black/90 flex items-center justify-center p-4"""
tailwind-color-classes,edaa58ca,2026-01-17,Opus 4.5,no,src/pages/Dish.jsx,"className=""absolute top-4 right-4 w-10 h-10 rounded-full bg-white/20 flex items-center justify-center text-white text-2xl"""
tailwind-color-classes,38bc2adb,2026-01-17,Opus 4.5,no,src/pages/Home.jsx,"<svg className=""w-2.5 h-2.5 text-white"" fill=""currentColor"" viewBox=""0 0 20 20"">"
hex-in-components,38bc2adb,2026-01-17,Opus 4.5,no,src/pages/Home.jsx,"style={{ background: 'var(--color-warning, #f59e0b)' }}"
tailwind-color-classes,6311c6b1,2026-01-17,Opus 4.5,no,src/pages/Home.jsx,"className=""w-full flex items-center gap-2 py-2 px-2 rounded-lg hover:bg-neutral-50 transition-colors text-left group"""
tailwind-color-classes,cd799f32,2026-01-17,Opus 4.5,no,src/pages/Restaurants.jsx,"className=""absolute right-3 top-1/2 -translate-y-1/2 p-1 rounded-full hover:bg-neutral-200 transition-colors"""
tailwind-color-classes,cd799f32,2026-01-17,Opus 4.5,no,src/pages/Restaurants.jsx,"<svg className=""w-4 h-4 text-neutral-400"" fill=""none"" viewBox=""0 0 24 24"" stroke=""currentColor"" strokeWidth={2}>"
tailwind-color-classes,cd799f32,2026-01-17,Opus 4.5,no,src/pages/Restaurants.jsx,"<div key={i} className=""h-24 bg-neutral-200 rounded-xl animate-pulse"" />"
tailwind-color-classes,cd799f32,2026-01-17,Opus 4.5,no,src/pages/Restaurants.jsx,"className=""w-full bg-white rounded-xl border border-neutral-200 p-4 text-left hover:border-orange-300 hover:shadow-md transition-all group"""
tailwind-color-classes,cd799f32,2026-01-17,Opus 4.5,no,src/pages/Restaurants.jsx,"<h3 className=""font-semibold text-neutral-900 group-hover:text-orange-600 transition-colors"">"
tailwind-color-classes,cd799f32,2026-01-17,Opus 4.5,no,src/pages/Restaurants.jsx,"<svg xmlns=""http://www.w3.org/2000/svg"" fill=""none"" viewBox=""0 0 24 24"" strokeWidth={2} stroke=""currentColor"" className=""w-5 h-5 text-neutral-400 group-hover:te"
tailwind-color-classes,1de41208,2026-01-17,Opus 4.5,no,src/pages/Restaurants.jsx,"<svg xmlns=""http://www.w3.org/2000/svg"" fill=""none"" viewBox=""0 0 24 24"" strokeWidth={2} stroke=""currentColor"" className=""w-5 h-5 text-neutral-400 group-hover:te"
tailwind-color-classes,2b852f7b,2026-01-17,Opus 4.5,no,src/pages/Restaurants.jsx,"className=""w-full flex gap-3 p-3 rounded-xl text-left transition-all hover:shadow-md hover:border-orange-300"""
tailwind-color-classes,398baddb,2026-01-18,Opus 4.5,no,src/pages/Profile.jsx,"<div className=""border-t border-neutral-100"">"
tailwind-color-classes,398baddb,2026-01-18,Opus 4.5,no,src/pages/Profile.jsx,"className=""w-full px-4 py-3 flex items-center justify-between hover:bg-neutral-50 transition-colors"""
tailwind-color-classes,398baddb,2026-01-18,Opus 4.5,no,src/pages/Profile.jsx,"<div className=""w-10 h-10 rounded-full bg-neutral-100 flex items-center justify-center"">"
tailwind-color-classes,398baddb,2026-01-18,Opus 4.5,no,src/pages/Profile.jsx,"<span className=""font-medium text-neutral-900"">Our Mission</span>"
tailwind-color-classes,398baddb,2026-01-18,Opus 4.5,no,src/pages/Profile.jsx,className={`w-5 h-5 text-neutral-400 transition-transform ${expanded ? 'rotate-180' : ''}`}
tailwind-color-classes,398baddb,2026-01-18,Opus 4.5,no,src/pages/Profile.jsx,"<div className=""bg-gradient-to-br from-orange-50 to-amber-50 rounded-xl p-4 mb-4"">"
tailwind-color-classes,398baddb,2026-01-18,Opus 4.5,no,src/pages/Profile.jsx,"<p className=""text-lg font-semibold text-neutral-900 mb-2"">"
tailwind-color-classes,398baddb,2026-01-18,Opus 4.5,no,src/pages/Profile.jsx,"<p className=""text-neutral-700"">"
tailwind-color-classes,398baddb,2026-01-18,Opus 4.5,no,src/pages/Profile.jsx,"<p className=""text-sm text-neutral-600 mb-4"">"
tailwind-color-classes,398baddb,2026-01-18,Opus 4.5,no,src/pages/Profile.jsx,"<p className=""text-sm text-neutral-600 mb-4"">"
tailwind-color-classes,398baddb,2026-01-18,Opus 4.5,no,src/pages/Profile.jsx,"<p className=""text-sm font-medium text-neutral-800 mb-4"">"
tailwind-color-classes,398baddb,2026-01-18,Opus 4.5,no,src/pages/Profile.jsx,"<p className=""text-sm text-neutral-600 mb-4"">"
tailwind-color-classes,398baddb,2026-01-18,Opus 4.5,no,src/pages/Profile.jsx,"<div className=""bg-neutral-50 rounded-lg p-3 mt-4"">"
tailwind-color-classes,398baddb,2026-01-18,Opus 4.5,no,src/pages/Profile.jsx,"<p className=""text-xs text-neutral-500 text-center"">"
tailwind-color-classes,0594d45c,2026-01-18,Opus 4.5,no,src/pages/Profile.jsx,"<div className=""bg-neutral-50 rounded-xl p-4 mb-4 text-center"">"
tailwind-color-classes,0594d45c,2026-01-18,Opus 4.5,no,src/pages/Profile.jsx,"<p className=""text-sm text-neutral-700 font-medium"">A menu.</p>"
tailwind-color-classes,0594d45c,2026-01-18,Opus 4.5,no,src/pages/Profile.jsx,"<p className=""text-sm text-neutral-500"">No context.</p>"
tailwind-color-classes,0594d45c,2026-01-18,Opus 4.5,no,src/pages/Profile.jsx,"<p className=""text-sm text-neutral-500"">No signal.</p>"
tailwind-color-classes,0594d45c,2026-01-18,Opus 4.5,no,src/pages/Profile.jsx,"<p className=""text-sm text-neutral-400"">Just a guess.</p>"
tailwind-color-classes,0594d45c,2026-01-18,Opus 4.5,no,src/pages/Profile.jsx,"<p className=""text-sm font-semibold text-neutral-800 mb-4"">"
tailwind-color-classes,0594d45c,2026-01-18,Opus 4.5,no,src/pages/Profile.jsx,"<p className=""text-sm text-neutral-600 mb-4"">"
tailwind-color-classes,0594d45c,2026-01-18,Opus 4.5,no,src/pages/Profile.jsx,"<div className=""bg-gradient-to-br from-orange-50 to-amber-50 rounded-xl p-4 mt-4"">"
tailwind-color-classes,0594d45c,2026-01-18,Opus 4.5,no,src/pages/Profile.jsx,"<p className=""text-sm font-medium text-neutral-800 text-center"">"
tailwind-color-classes,0594d45c,2026-01-18,Opus 4.5,no,src/pages/Profile.jsx,"<p className=""text-xs text-neutral-600 text-center mt-1"">"
tailwind-color-classes,00405b8b,2026-01-18,Opus 4.5,no,src/pages/Profile.jsx,"<span className=""text-xs text-neutral-400"">"
tailwind-color-classes,00405b8b,2026-01-18,Opus 4.5,no,src/pages/Profile.jsx,<span className={ratingDiff > 0 ? 'text-emerald-500' : 'text-red-400'}>
localstorage-direct,d16d02af,2026-01-18,Opus 4.5,no,src/components/WelcomeSplash.jsx,const hasSeenSplash = localStorage.getItem(STORAGE_KEY)
localstorage-direct,d16d02af,2026-01-18,Opus 4.5,no,src/components/WelcomeSplash.jsx,"localStorage.setItem(STORAGE_KEY, 'true')"
localstorage-direct,d16d02af,2026-01-18,Opus 4.5,no,src/context/LocationContext.jsx,const asked = localStorage.getItem(STORAGE_KEY)
localstorage-direct,d16d02af,2026-01-18,Opus 4.5,no,src/context/LocationContext.jsx,"localStorage.setItem(STORAGE_KEY, 'true')"
localstorage-direct,d16d02af,2026-01-18,Opus 4.5,no,src/hooks/useLocation.js,"localStorage.setItem(STORAGE_KEY, 'true')"
localstorage-direct,d16d02af,2026-01-18,Opus 4.5,no,src/hooks/useLocation.js,const asked = localStorage.getItem(STORAGE_KEY)
localstorage-direct,d16d02af,2026-01-18,Opus 4.5,no,src/lib/sounds.js,return localStorage.getItem('soundMuted') === 'true'
localstorage-direct,d16d02af,2026-01-18,Opus 4.5,no,src/lib/sounds.js,"localStorage.setItem('soundMuted', String(muted))"
localstorage-direct,d16d02af,2026-01-18,Opus 4.5,no,src/pages/Browse.jsx,return localStorage.getItem('browse_sort') || 'top_rated'
localstorage-direct,d16d02af,2026-01-18,Opus 4.5,no,src/pages/Browse.jsx,"localStorage.setItem('browse_sort', sortId)"
console-direct,c9582e89,2026-01-18,Opus 4.5,no,src/components/DishModal.jsx,"console.error('Failed to fetch photos:', error)"
console-direct,c9582e89,2026-01-18,Opus 4.5,no,src/components/DishModal.jsx,"console.error('Failed to refresh photos after upload:', error)"
console-direct,c9582e89,2026-01-18,Opus 4.5,no,src/pages/Browse.jsx,"console.error('Search suggestions failed:', error)"
console-direct,c9582e89,2026-01-18,Opus 4.5,no,src/pages/Dish.jsx,"console.error('Failed to fetch photos:', error)"
console-direct,c9582e89,2026-01-18,Opus 4.5,no,src/pages/Dish.jsx,"console.error('Failed to refresh photos after upload:', error)"
tailwind-color-classes,c154639a,2026-01-18,Opus 4.5,no,src/pages/Profile.jsx,"className=""w-full px-4 py-3 flex items-center justify-between hover:bg-neutral-50 transition-colors border-t border-neutral-100"""
tailwind-color-classes,c154639a,2026-01-18,Opus 4.5,no,src/pages/Profile.jsx,"<div className=""w-10 h-10 rounded-full bg-neutral-100 flex items-center justify-center"">"
tailwind-color-classes,c154639a,2026-01-18,Opus 4.5,no,src/pages/Profile.jsx,"<span className=""font-medium text-neutral-900"">Admin Panel</span>"
tailwind-color-classes,c154639a,2026-01-18,Opus 4.5,no,src/pages/Profile.jsx,"<svg className=""w-5 h-5 text-neutral-400"" fill=""none"" viewBox=""0 0 24 24"" stroke=""currentColor"">"
console-direct,30affa9d,2026-01-18,Opus 4.5,no,src/api/adminApi.js,"console.error('Error updating dish:', error)"
console-direct,30affa9d,2026-01-18,Opus 4.5,no,src/api/adminApi.js,"console.error('Error searching dishes:', error)"
console-direct,30affa9d,2026-01-18,Opus 4.5,no,src/pages/Admin.jsx,"console.error('Error searching dishes:', error)"
console-direct,30affa9d,2026-01-18,Opus 4.5,no,src/pages/Admin.jsx,"console.error('Error saving dish:', error)"
tailwind-color-classes,30affa9d,2026-01-18,Opus 4.5,no,src/pages/Admin.jsx,"className=""px-3 py-1.5 text-sm font-medium rounded-lg bg-neutral-100 hover:bg-neutral-200 transition-colors"""
tailwind-color-classes,30affa9d,2026-01-18,Opus 4.5,no,src/pages/Admin.jsx,"className=""px-4 py-2 rounded-lg font-medium text-white transition-all disabled:opacity-50"""
tailwind-color-classes,30affa9d,2026-01-18,Opus 4.5,no,src/pages/Admin.jsx,editingDishId === dish.id ? 'ring-2 ring-emerald-500' : ''
tailwind-color-classes,30affa9d,2026-01-18,Opus 4.5,no,src/pages/Admin.jsx,"className=""text-blue-500 hover:text-blue-700 text-sm font-medium"""
tailwind-color-classes,30affa9d,2026-01-18,Opus 4.5,no,src/pages/Admin.jsx,"className=""text-red-500 hover:text-red-700 text-sm font-medium"""
tailwind-color-classes,30affa9d,2026-01-18,Opus 4.5,no,src/pages/Admin.jsx,editingDishId === dish.id ? 'ring-2 ring-emerald-500' : ''
tailwind-color-classes,30affa9d,2026-01-18,Opus 4.5,no,src/pages/Admin.jsx,"className=""text-blue-500 hover:text-blue-700 text-sm font-medium"""
tailwind-color-classes,30affa9d,2026-01-18,Opus 4.5,no,src/pages/Admin.jsx,"className=""text-red-500 hover:text-red-700 text-sm font-medium"""
hex-in-components,30affa9d,2026-01-18,Opus 4.5,no,src/pages/Admin.jsx,style={{ background: editingDishId ? '#059669' : 'var(--color-primary)' }}
tailwind-color-classes,e1c7d8d6,2026-01-18,Opus 4.5,no,src/pages/Admin.jsx,"className=""w-10 h-10 rounded-full flex items-center justify-center hover:bg-neutral-100 transition-colors"""
console-direct,a6c1e513,2026-01-18,Opus 4.5,no,src/api/adminApi.js,"console.error('Error checking admin status:', error)"
console-direct,a6c1e513,2026-01-18,Opus 4.5,no,src/api/adminApi.js,"console.error('Error checking admin status:', error)"
console-direct,a6c1e513,2026-01-18,Opus 4.5,no,src/lib/apiErrors.js,"console.error(`[API Error] ${context}:`, error)"
console-direct,a6c1e513,2026-01-18,Opus 4.5,no,src/lib/supabase.js,console.error(`[CRITICAL] ${message}`)
console-direct,a6c1e513,2026-01-18,Opus 4.5,no,src/lib/supabase.js,console.warn(`[DEV] ${message} - Some features will not work`)
single-not-maybesingle,a6c1e513,2026-01-18,Opus 4.5,no,src/api/adminApi.js,.single()
console-direct,72941ad7,2026-01-18,Opus 4.5,no,src/lib/supabase.js,console.error(`[DEV] ${message} - App will not function correctly!`)
tailwind-color-classes,17fc5e4e,2026-01-18,Opus 4.5,no,src/components/BrowseCard.jsx,"<div className=""absolute bottom-3 left-3 px-2.5 py-1.5 rounded-lg bg-black/60 backdrop-blur-sm flex flex-col items-center"">"
tailwind-color-classes,17fc5e4e,2026-01-18,Opus 4.5,no,src/components/BrowseCard.jsx,"<span className=""text-base font-bold text-white leading-tight"">"
tailwind-color-classes,17fc5e4e,2026-01-18,Opus 4.5,no,src/components/BrowseCard.jsx,"<span className=""text-[10px] text-white/70"">"
tailwind-color-classes,17fc5e4e,2026-01-18,Opus 4.5,no,src/components/ReviewFlow.jsx,"<span className=""text-xl font-bold text-emerald-700"">{Number(userRating).toFixed(1)}</span>"
tailwind-color-classes,17fc5e4e,2026-01-18,Opus 4.5,no,src/components/ReviewFlow.jsx,"<span className=""text-sm font-bold text-neutral-700"">{sliderValue.toFixed(1)}</span>"
console-direct,853c7eac,2026-01-19,Opus 4.5,no,src/api/dishesApi.js,"console.error('Error fetching votes for dish:', votesError)"
console-direct,1ebdbb69,2026-01-19,Opus 4.5,no,src/api/badgesApi.js,"console.error('Error fetching badges:', error)"
console-direct,1ebdbb69,2026-01-19,Opus 4.5,no,src/api/badgesApi.js,"console.error('Error fetching user badges:', error)"
console-direct,1ebdbb69,2026-01-19,Opus 4.5,no,src/api/badgesApi.js,"console.error('Error fetching public badges:', error)"
console-direct,1ebdbb69,2026-01-19,Opus 4.5,no,src/api/badgesApi.js,"console.error('Error fetching badge stats:', error)"
console-direct,1ebdbb69,2026-01-19,Opus 4.5,no,src/api/badgesApi.js,"console.error('Error evaluating badges:', error)"
console-direct,1ebdbb69,2026-01-19,Opus 4.5,no,src/api/badgesApi.js,"console.error('Error fetching badge details:', detailsError)"
console-direct,1ebdbb69,2026-01-19,Opus 4.5,no,src/components/ReviewFlow.jsx,"console.error('Error evaluating badges:', badgeError)"
console-direct,1ebdbb69,2026-01-19,Opus 4.5,no,src/hooks/useBadges.js,"console.error('Error fetching badges:', error)"
console-direct,1ebdbb69,2026-01-19,Opus 4.5,no,src/hooks/useBadges.js,"console.error('Error refreshing badges:', error)"
console-direct,1ebdbb69,2026-01-19,Opus 4.5,no,src/hooks/useBadges.js,"console.error('Error evaluating badges:', error)"
tailwind-color-classes,1ebdbb69,2026-01-19,Opus 4.5,no,src/components/BadgeUnlockToast.jsx,"<p className=""font-bold text-neutral-900"">Badge Unlocked!</p>"
tailwind-color-classes,1ebdbb69,2026-01-19,Opus 4.5,no,src/components/BadgeUnlockToast.jsx,"<p className=""font-semibold text-neutral-700"">{badge.name}</p>"
tailwind-color-classes,1ebdbb69,2026-01-19,Opus 4.5,no,src/components/BadgeUnlockToast.jsx,"<p className=""text-sm text-neutral-500 truncate"">{badge.subtitle}</p>"
tailwind-color-classes,1ebdbb69,2026-01-19,Opus 4.5,no,src/pages/Profile.jsx,"<h3 className=""text-xs font-semibold text-neutral-500 uppercase tracking-wide"">"
tailwind-color-classes,1ebdbb69,2026-01-19,Opus 4.5,no,src/pages/Profile.jsx,className={`w-4 h-4 text-neutral-400 transition-transform ${expanded ? 'rotate-180' : ''}`}
tailwind-color-classes,1ebdbb69,2026-01-19,Opus 4.5,no,src/pages/Profile.jsx,"className=""flex items-center gap-1.5 px-3 py-1.5 bg-gradient-to-br from-amber-50 to-orange-50 border border-amber-200 rounded-full"""
tailwind-color-classes,1ebdbb69,2026-01-19,Opus 4.5,no,src/pages/Profile.jsx,"<span className=""text-sm font-medium text-amber-800"">{badge.name}</span>"
tailwind-color-classes,1ebdbb69,2026-01-19,Opus 4.5,no,src/pages/Profile.jsx,"<p className=""text-sm text-neutral-400"">Rate dishes to earn badges!</p>"
tailwind-color-classes,1ebdbb69,2026-01-19,Opus 4.5,no,src/pages/Profile.jsx,"<div className=""mt-3 p-3 bg-neutral-50 rounded-xl"">"
tailwind-color-classes,1ebdbb69,2026-01-19,Opus 4.5,no,src/pages/Profile.jsx,"<span className=""text-sm font-medium text-neutral-600"">"
tailwind-color-classes,1ebdbb69,2026-01-19,Opus 4.5,no,src/pages/Profile.jsx,"<span className=""text-xs text-neutral-400 ml-auto"">"
tailwind-color-classes,1ebdbb69,2026-01-19,Opus 4.5,no,src/pages/Profile.jsx,"<div className=""h-2 bg-neutral-200 rounded-full overflow-hidden"">"
tailwind-color-classes,1ebdbb69,2026-01-19,Opus 4.5,no,src/pages/Profile.jsx,"className=""flex items-center gap-3 p-3 bg-gradient-to-br from-amber-50 to-orange-50 border border-amber-200 rounded-xl"""
tailwind-color-classes,1ebdbb69,2026-01-19,Opus 4.5,no,src/pages/Profile.jsx,"<div className=""font-semibold text-amber-900"">{badge.name}</div>"
tailwind-color-classes,1ebdbb69,2026-01-19,Opus 4.5,no,src/pages/Profile.jsx,"<div className=""text-xs text-amber-700"">{badge.subtitle}</div>"
tailwind-color-classes,1ebdbb69,2026-01-19,Opus 4.5,no,src/pages/Profile.jsx,"<div className=""text-xs text-amber-600"">"
tailwind-color-classes,1ebdbb69,2026-01-19,Opus 4.5,no,src/pages/Profile.jsx,"className=""flex items-center gap-3 p-3 bg-neutral-50 border border-neutral-200 rounded-xl"""
tailwind-color-classes,1ebdbb69,2026-01-19,Opus 4.5,no,src/pages/Profile.jsx,"<div className=""font-semibold text-neutral-500"">{badge.name}</div>"
tailwind-color-classes,1ebdbb69,2026-01-19,Opus 4.5,no,src/pages/Profile.jsx,"<div className=""text-xs text-neutral-400"">{badge.description}</div>"
tailwind-color-classes,1ebdbb69,2026-01-19,Opus 4.5,no,src/pages/Profile.jsx,"<div className=""flex justify-between text-xs text-neutral-400 mb-1"">"
tailwind-color-classes,1ebdbb69,2026-01-19,Opus 4.5,no,src/pages/Profile.jsx,"<div className=""h-1.5 bg-neutral-200 rounded-full overflow-hidden"">"
tailwind-color-classes,1ebdbb69,2026-01-19,Opus 4.5,no,src/pages/Profile.jsx,"className=""h-full rounded-full transition-all bg-neutral-400"""
hex-in-components,6ac68b65,2026-01-19,Opus 4.5,no,src/pages/Home.jsx,"background: 'linear-gradient(135deg, #FFF7ED 0%, #FFEDD5 100%)',"
hex-in-components,6ac68b65,2026-01-19,Opus 4.5,no,src/pages/Home.jsx,"border: '1px solid #FED7AA',"
hex-in-components,6ac68b65,2026-01-19,Opus 4.5,no,src/pages/Home.jsx,"border: badge.public ? '1px solid #FB923C' : '1px solid #E5E7EB',"
hex-in-components,6ac68b65,2026-01-19,Opus 4.5,no,src/pages/Home.jsx,"style={{ background: 'white', border: '1px solid #E5E7EB' }}"
tailwind-color-classes,7d8e194d,2026-01-19,Opus 4.5,no,src/pages/Badges.jsx,"<div className=""min-h-screen bg-stone-50"">"
tailwind-color-classes,7d8e194d,2026-01-19,Opus 4.5,no,src/pages/Badges.jsx,"<header className=""bg-white border-b border-neutral-200 px-4 py-4"">"
tailwind-color-classes,7d8e194d,2026-01-19,Opus 4.5,no,src/pages/Badges.jsx,"<p className=""text-neutral-700 leading-relaxed"">"
tailwind-color-classes,7d8e194d,2026-01-19,Opus 4.5,no,src/pages/Badges.jsx,"<div className=""bg-white rounded-2xl border border-neutral-200 p-6"">"
tailwind-color-classes,7d8e194d,2026-01-19,Opus 4.5,no,src/pages/Badges.jsx,"<div className=""w-8 h-8 rounded-full bg-orange-100 flex items-center justify-center flex-shrink-0"">"
tailwind-color-classes,7d8e194d,2026-01-19,Opus 4.5,no,src/pages/Badges.jsx,"<p className=""text-sm text-neutral-500"">Vote on dishes you've tried and rate them honestly</p>"
tailwind-color-classes,7d8e194d,2026-01-19,Opus 4.5,no,src/pages/Badges.jsx,"<div className=""w-8 h-8 rounded-full bg-orange-100 flex items-center justify-center flex-shrink-0"">"
tailwind-color-classes,7d8e194d,2026-01-19,Opus 4.5,no,src/pages/Badges.jsx,"<p className=""text-sm text-neutral-500"">Each vote counts toward multiple badge goals</p>"
tailwind-color-classes,7d8e194d,2026-01-19,Opus 4.5,no,src/pages/Badges.jsx,"<div className=""w-8 h-8 rounded-full bg-orange-100 flex items-center justify-center flex-shrink-0"">"
tailwind-color-classes,7d8e194d,2026-01-19,Opus 4.5,no,src/pages/Badges.jsx,"<p className=""text-sm text-neutral-500"">Get notified when you earn a new achievement</p>"
tailwind-color-classes,7d8e194d,2026-01-19,Opus 4.5,no,src/pages/Badges.jsx,"<div className=""bg-white rounded-2xl border border-neutral-200 p-6"">"
tailwind-color-classes,7d8e194d,2026-01-19,Opus 4.5,no,src/pages/Badges.jsx,"<p className=""text-sm text-neutral-500 mb-4"">"
tailwind-color-classes,7d8e194d,2026-01-19,Opus 4.5,no,src/pages/Badges.jsx,"<div key={i} className=""h-16 bg-neutral-100 rounded-xl animate-pulse"" />"
tailwind-color-classes,7d8e194d,2026-01-19,Opus 4.5,no,src/pages/Badges.jsx,"<div className=""bg-white rounded-2xl border border-neutral-200 p-6"">"
tailwind-color-classes,7d8e194d,2026-01-19,Opus 4.5,no,src/pages/Badges.jsx,"<p className=""text-sm text-neutral-500 mb-4"">"
tailwind-color-classes,7d8e194d,2026-01-19,Opus 4.5,no,src/pages/Badges.jsx,"<div key={i} className=""h-16 bg-neutral-100 rounded-xl animate-pulse"" />"
tailwind-color-classes,7d8e194d,2026-01-19,Opus 4.5,no,src/pages/Badges.jsx,"<div className=""bg-white rounded-2xl border border-neutral-200 p-6"">"
tailwind-color-classes,7d8e194d,2026-01-19,Opus 4.5,no,src/pages/Badges.jsx,"<ul className=""space-y-3 text-neutral-600"">"
tailwind-color-classes,7d8e194d,2026-01-19,Opus 4.5,no,src/pages/Badges.jsx,? 'bg-gradient-to-r from-amber-50 to-orange-50 border border-amber-200'
tailwind-color-classes,7d8e194d,2026-01-19,Opus 4.5,no,src/pages/Badges.jsx,: 'bg-gradient-to-r from-emerald-50 to-teal-50 border border-emerald-200'
tailwind-color-classes,7d8e194d,2026-01-19,Opus 4.5,no,src/pages/Badges.jsx,: 'bg-neutral-50 border border-neutral-200'
tailwind-color-classes,7d8e194d,2026-01-19,Opus 4.5,no,src/pages/Badges.jsx,className={`font-semibold ${isUnlocked ? '' : 'text-neutral-500'}`}
tailwind-color-classes,7d8e194d,2026-01-19,Opus 4.5,no,src/pages/Badges.jsx,"<span className=""text-xs px-2 py-0.5 rounded-full bg-emerald-100 text-emerald-700 font-medium"">"
tailwind-color-classes,7d8e194d,2026-01-19,Opus 4.5,no,src/pages/Badges.jsx,<p className={`text-sm ${isUnlocked ? 'text-neutral-600' : 'text-neutral-400'}`}>
tailwind-color-classes,7d8e194d,2026-01-19,Opus 4.5,no,src/pages/Badges.jsx,"<div className=""flex justify-between text-xs text-neutral-400 mb-1"">"
tailwind-color-classes,7d8e194d,2026-01-19,Opus 4.5,no,src/pages/Badges.jsx,"<div className=""h-1.5 bg-neutral-200 rounded-full overflow-hidden"">"
tailwind-color-classes,7d8e194d,2026-01-19,Opus 4.5,no,src/pages/Profile.jsx,"className=""w-full px-4 py-3 flex items-center justify-between hover:bg-neutral-50 transition-colors border-t border-neutral-100"""
tailwind-color-classes,7d8e194d,2026-01-19,Opus 4.5,no,src/pages/Profile.jsx,"<div className=""w-10 h-10 rounded-full bg-neutral-100 flex items-center justify-center"">"
tailwind-color-classes,7d8e194d,2026-01-19,Opus 4.5,no,src/pages/Profile.jsx,"<span className=""font-medium text-neutral-900"">How Badges Work</span>"
tailwind-color-classes,7d8e194d,2026-01-19,Opus 4.5,no,src/pages/Profile.jsx,"<svg className=""w-5 h-5 text-neutral-400"" fill=""none"" viewBox=""0 0 24 24"" stroke=""currentColor"">"
hex-in-components,7d8e194d,2026-01-19,Opus 4.5,no,src/pages/Badges.jsx,"background: 'linear-gradient(135deg, #FFF7ED 0%, #FFEDD5 100%)',"
hex-in-components,7d8e194d,2026-01-19,Opus 4.5,no,src/pages/Badges.jsx,"border: '1px solid #FED7AA',"
tailwind-color-classes,7a6b7f43,2026-01-19,Opus 4.5,no,src/pages/Badges.jsx,"<div className=""bg-white rounded-2xl border border-neutral-200 p-6"">"
tailwind-color-classes,7a6b7f43,2026-01-19,Opus 4.5,no,src/pages/Badges.jsx,"<p className=""text-sm text-neutral-600 mb-4"">"
tailwind-color-classes,7a6b7f43,2026-01-19,Opus 4.5,no,src/pages/Badges.jsx,"<div className=""flex items-center gap-3 p-2 rounded-lg bg-neutral-50"">"
tailwind-color-classes,7a6b7f43,2026-01-19,Opus 4.5,no,src/pages/Badges.jsx,"<span className=""font-semibold text-neutral-900"">Explorer</span>"
tailwind-color-classes,7a6b7f43,2026-01-19,Opus 4.5,no,src/pages/Badges.jsx,"<span className=""text-xs px-2 py-0.5 bg-neutral-200 rounded-full text-neutral-600"">5+ votes</span>"
tailwind-color-classes,7a6b7f43,2026-01-19,Opus 4.5,no,src/pages/Badges.jsx,"<div className=""flex items-center gap-3 p-2 rounded-lg bg-neutral-50"">"
tailwind-color-classes,7a6b7f43,2026-01-19,Opus 4.5,no,src/pages/Badges.jsx,"<span className=""font-semibold text-neutral-900"">Fan</span>"
tailwind-color-classes,7a6b7f43,2026-01-19,Opus 4.5,no,src/pages/Badges.jsx,"<span className=""text-xs px-2 py-0.5 bg-neutral-200 rounded-full text-neutral-600"">10+ votes</span>"
tailwind-color-classes,7a6b7f43,2026-01-19,Opus 4.5,no,src/pages/Badges.jsx,"<div className=""flex items-center gap-3 p-2 rounded-lg bg-neutral-50"">"
tailwind-color-classes,7a6b7f43,2026-01-19,Opus 4.5,no,src/pages/Badges.jsx,"<span className=""font-semibold text-neutral-900"">Connoisseur</span>"
tailwind-color-classes,7a6b7f43,2026-01-19,Opus 4.5,no,src/pages/Badges.jsx,"<span className=""text-xs px-2 py-0.5 bg-neutral-200 rounded-full text-neutral-600"">20+ votes</span>"
tailwind-color-classes,7a6b7f43,2026-01-19,Opus 4.5,no,src/pages/Badges.jsx,"<div className=""flex items-center gap-3 p-2 rounded-lg bg-neutral-50"">"
tailwind-color-classes,7a6b7f43,2026-01-19,Opus 4.5,no,src/pages/Badges.jsx,"<span className=""font-semibold text-neutral-900"">Expert</span>"
tailwind-color-classes,7a6b7f43,2026-01-19,Opus 4.5,no,src/pages/Badges.jsx,"<span className=""text-xs px-2 py-0.5 bg-neutral-200 rounded-full text-neutral-600"">30+ votes</span>"
tailwind-color-classes,7a6b7f43,2026-01-19,Opus 4.5,no,src/pages/Badges.jsx,"<div className=""flex items-center gap-3 p-2 rounded-lg bg-neutral-50"">"
tailwind-color-classes,7a6b7f43,2026-01-19,Opus 4.5,no,src/pages/Badges.jsx,"<span className=""font-semibold text-neutral-900"">Master</span>"
tailwind-color-classes,7a6b7f43,2026-01-19,Opus 4.5,no,src/pages/Badges.jsx,"<span className=""text-xs px-2 py-0.5 bg-neutral-200 rounded-full text-neutral-600"">50+ votes</span>"
tailwind-color-classes,7a6b7f43,2026-01-19,Opus 4.5,no,src/pages/Badges.jsx,"<p className=""text-xs text-neutral-400 mt-4 text-center"">"
tailwind-color-classes,d11217cd,2026-01-19,Opus 4.5,no,src/pages/Profile.jsx,"<div className=""bg-stone-50 flex items-center justify-center py-20"">"
tailwind-color-classes,d11217cd,2026-01-19,Opus 4.5,no,src/pages/Profile.jsx,"<div className=""bg-stone-50"">"
tailwind-color-classes,f4c3ae33,2026-01-19,Opus 4.5,no,src/components/Layout.jsx,"className=""bg-stone-50"""
console-direct,0ed3e0e6,2026-01-19,Opus 4.5,no,src/pages/Dish.jsx,"console.error('Failed to refresh dish data after vote:', err)"
hex-in-components,fe372e80,2026-01-19,Opus 4.5,no,src/components/Auth/LoginModal.jsx,"<div className=""w-16 h-16 mx-auto mb-6 rounded-2xl flex items-center justify-center shadow-lg"" style={{ background: hasPendingVote ? (pendingVote.vote ? '#10b98"
tailwind-color-classes,8a06d3cc,2026-01-19,Opus 4.5,no,src/pages/Profile.jsx,"className=""w-full py-3 text-center rounded-xl border-2 border-dashed border-neutral-200 hover:border-neutral-300 hover:bg-neutral-50 transition-colors"""
tailwind-color-classes,2ff862ec,2026-01-20,Opus 4.5,no,src/components/BrowseCard.jsx,"<div className=""absolute bottom-3 left-3 px-2.5 py-1 rounded-lg bg-black/60 backdrop-blur-sm"">"
tailwind-color-classes,2ff862ec,2026-01-20,Opus 4.5,no,src/components/BrowseCard.jsx,"<span className=""text-xs font-medium text-white/80"">"
tailwind-color-classes,2ff862ec,2026-01-20,Opus 4.5,no,src/components/BrowseCard.jsx,"<div className=""absolute bottom-3 right-3 px-2.5 py-1 rounded-lg bg-black/60 backdrop-blur-sm"">"
tailwind-color-classes,2ff862ec,2026-01-20,Opus 4.5,no,src/components/BrowseCard.jsx,"<span className=""text-xs font-semibold text-white/90"">"
tailwind-color-classes,2ff862ec,2026-01-20,Opus 4.5,no,src/components/BrowseCard.jsx,: 'bg-black/50 backdrop-blur-sm text-white/70 hover:text-red-400'
tailwind-color-classes,2ff862ec,2026-01-20,Opus 4.5,no,src/pages/Profile.jsx,"className=""flex-1 px-3 py-1.5 border rounded-lg text-lg font-bold focus:border-orange-400 focus:outline-none"""
tailwind-color-classes,2ff862ec,2026-01-20,Opus 4.5,no,src/pages/Profile.jsx,activeTab === tab.id ? 'bg-white/20' : 'bg-black/20'
tailwind-color-classes,2ff862ec,2026-01-20,Opus 4.5,no,src/pages/Profile.jsx,"<span className=""font-medium text-red-400"">Sign Out</span>"
tailwind-color-classes,2ff862ec,2026-01-20,Opus 4.5,no,src/pages/Profile.jsx,? 'bg-red-500/20 text-red-400'
tailwind-color-classes,2ff862ec,2026-01-20,Opus 4.5,no,src/pages/Profile.jsx,: 'bg-emerald-500/20 text-emerald-400'
tailwind-color-classes,2ff862ec,2026-01-20,Opus 4.5,no,src/pages/Restaurants.jsx,"<h3 className=""font-semibold group-hover:text-orange-400 transition-colors"" style={{ color: 'var(--color-text-primary)' }}>"
tailwind-color-classes,2ff862ec,2026-01-20,Opus 4.5,no,src/pages/Restaurants.jsx,"<svg xmlns=""http://www.w3.org/2000/svg"" fill=""none"" viewBox=""0 0 24 24"" strokeWidth={2} stroke=""currentColor"" className=""w-5 h-5 group-hover:text-orange-400 tra"
tailwind-color-classes,2ff862ec,2026-01-20,Opus 4.5,no,src/pages/Restaurants.jsx,"className=""flex items-start gap-3 hover:text-orange-400 transition-colors group"""
tailwind-color-classes,2ff862ec,2026-01-20,Opus 4.5,no,src/pages/Restaurants.jsx,"<svg xmlns=""http://www.w3.org/2000/svg"" fill=""none"" viewBox=""0 0 24 24"" strokeWidth={1.5} stroke=""currentColor"" className=""w-4 h-4 mt-0.5 flex-shrink-0 group-ho"
hex-in-components,2ff862ec,2026-01-20,Opus 4.5,no,src/components/CategoryIconTile.jsx,color: isActive ? '#1A1A1A' : 'var(--color-text-tertiary)'
hex-in-components,2ff862ec,2026-01-20,Opus 4.5,no,src/components/CategoryIconTile.jsx,color: isActive ? '#1A1A1A' : 'var(--color-text-tertiary)'
hex-in-components,2ff862ec,2026-01-20,Opus 4.5,no,src/pages/Browse.jsx,color: suggestion.type === 'dish' ? 'var(--color-primary)' : '#60A5FA'
hex-in-components,b467af2c,2026-01-20,Opus 4.5,no,src/components/CategoryIconTile.jsx,color: isActive ? '#1A1A1A' : 'var(--color-text-secondary)'
hex-in-components,7689d369,2026-01-20,Opus 4.5,no,src/components/CategoryImageCard.jsx,"background: '#1A1A1A',"
hex-in-components,7689d369,2026-01-20,Opus 4.5,no,src/components/CategoryImageCard.jsx,"<div className=""w-full h-full"" style={{ background: '#1A1A1A' }} />"
hex-in-components,e52ef8b1,2026-01-20,Opus 4.5,no,src/pages/Browse.jsx,"#1a1612 0px,"
hex-in-components,e52ef8b1,2026-01-20,Opus 4.5,no,src/pages/Browse.jsx,"#1f1a15 3px,"
hex-in-components,e52ef8b1,2026-01-20,Opus 4.5,no,src/pages/Browse.jsx,"#1a1612 6px,"
hex-in-components,e52ef8b1,2026-01-20,Opus 4.5,no,src/pages/Browse.jsx,"#181410 12px,"
hex-in-components,e52ef8b1,2026-01-20,Opus 4.5,no,src/pages/Browse.jsx,"#1c1814 18px,"
hex-in-components,e52ef8b1,2026-01-20,Opus 4.5,no,src/pages/Browse.jsx,#1a1612 24px
hex-in-components,bfb34f90,2026-01-20,Opus 4.5,no,src/pages/Browse.jsx,"background: `radial-gradient(ellipse at center, #1a1a1a 0%, #0f0f0f 100%)`,"
hex-in-components,ec163ee0,2026-01-20,Opus 4.5,no,src/pages/Browse.jsx,"#1c1816 0px,"
hex-in-components,ec163ee0,2026-01-20,Opus 4.5,no,src/pages/Browse.jsx,"#201a17 8px,"
hex-in-components,ec163ee0,2026-01-20,Opus 4.5,no,src/pages/Browse.jsx,"#1a1614 16px,"
hex-in-components,ec163ee0,2026-01-20,Opus 4.5,no,src/pages/Browse.jsx,"#1e1915 24px,"
hex-in-components,ec163ee0,2026-01-20,Opus 4.5,no,src/pages/Browse.jsx,#1b1714 32px
hex-in-components,9510b296,2026-01-20,Opus 4.5,no,src/components/CategoryImageCard.jsx,"border: '3px solid #2a2a2a',"
hex-in-components,9510b296,2026-01-20,Opus 4.5,no,src/components/CategoryImageCard.jsx,"background: 'linear-gradient(145deg, #1f1f1f, #171717)',"
hex-in-components,9510b296,2026-01-20,Opus 4.5,no,src/pages/Browse.jsx,"#1a1614 0px,"
hex-in-components,9510b296,2026-01-20,Opus 4.5,no,src/pages/Browse.jsx,"#1e1916 4px,"
hex-in-components,9510b296,2026-01-20,Opus 4.5,no,src/pages/Browse.jsx,"#1c1714 8px,"
hex-in-components,9510b296,2026-01-20,Opus 4.5,no,src/pages/Browse.jsx,"#201b18 14px,"
hex-in-components,9510b296,2026-01-20,Opus 4.5,no,src/pages/Browse.jsx,"#1b1815 20px,"
hex-in-components,9510b296,2026-01-20,Opus 4.5,no,src/pages/Browse.jsx,"#1d1a16 28px,"
hex-in-components,9510b296,2026-01-20,Opus 4.5,no,src/pages/Browse.jsx,#191512 36px
hex-in-components,9510b296,2026-01-20,Opus 4.5,no,src/pages/Browse.jsx,"linear-gradient(180deg, #1c1917 0%, #141210 100%)"
hex-in-components,04decaef,2026-01-20,Opus 4.5,no,src/pages/Browse.jsx,"#1a1512 0px,"
hex-in-components,04decaef,2026-01-20,Opus 4.5,no,src/pages/Browse.jsx,"#2a221c 3px,"
hex-in-components,04decaef,2026-01-20,Opus 4.5,no,src/pages/Browse.jsx,"#1e1814 7px,"
hex-in-components,04decaef,2026-01-20,Opus 4.5,no,src/pages/Browse.jsx,"#2d251e 12px,"
hex-in-components,04decaef,2026-01-20,Opus 4.5,no,src/pages/Browse.jsx,"#1c1610 18px,"
hex-in-components,04decaef,2026-01-20,Opus 4.5,no,src/pages/Browse.jsx,"#28201a 24px,"
hex-in-components,04decaef,2026-01-20,Opus 4.5,no,src/pages/Browse.jsx,"#1a1410 31px,"
hex-in-components,04decaef,2026-01-20,Opus 4.5,no,src/pages/Browse.jsx,"#2c241c 38px,"
hex-in-components,04decaef,2026-01-20,Opus 4.5,no,src/pages/Browse.jsx,#1b1512 46px
hex-in-components,04decaef,2026-01-20,Opus 4.5,no,src/pages/Browse.jsx,"linear-gradient(180deg, #28211a 0%, #0e0c0a 100%)"
hex-in-components,d25324a6,2026-01-20,Opus 4.5,no,src/pages/Browse.jsx,"linear-gradient(180deg, #1a1918 0%, #141312 50%, #0f0e0d 100%)"
hex-in-components,92460185,2026-01-20,Opus 4.5,no,src/pages/Browse.jsx,"linear-gradient(180deg, #231e1a 0%, #1a1614 50%, #151210 100%)"
hex-in-components,92460185,2026-01-20,Opus 4.5,no,src/pages/Browse.jsx,"borderBottom: '4px solid #0a0908',"
hex-in-components,efc4c33f,2026-01-20,Opus 4.5,no,src/components/CategoryImageCard.jsx,"border: '2px solid #1a1816',"
hex-in-components,efc4c33f,2026-01-20,Opus 4.5,no,src/components/CategoryImageCard.jsx,"background: '#131211',"
hex-in-components,efc4c33f,2026-01-20,Opus 4.5,no,src/components/CategoryImageCard.jsx,"<div className=""w-full h-full"" style={{ background: '#131211' }} />"
hex-in-components,efc4c33f,2026-01-20,Opus 4.5,no,src/pages/Browse.jsx,"linear-gradient(180deg, #151312 0%, #121110 40%, #0f0f0e 100%)"
hex-in-components,b371a224,2026-01-20,none,no,src/pages/Browse.jsx,"background: 'linear-gradient(180deg, #151312 0%, #121110 40%, #0f0f0e 100%)',"
hex-in-components,d73c2687,2026-01-20,none,no,src/pages/Browse.jsx,"linear-gradient(180deg, #1e1a17 0%, #171412 60%, #12100e 100%)"
hex-in-components,d73c2687,2026-01-20,none,no,src/pages/Browse.jsx,"border: '3px solid #252019',"
hex-in-components,cb9e602e,2026-01-20,none,no,src/pages/Browse.jsx,"background: 'linear-gradient(180deg, #1a1a1a 0%, #151515 50%, #121212 100%)',"
hex-in-components,cb9e602e,2026-01-20,none,no,src/pages/Browse.jsx,"background: 'linear-gradient(180deg, transparent 0%, rgba(0,0,0,0.5) 60%, #0a0a0a 100%)',"
hex-in-components,2f576e3f,2026-01-20,Opus 4.5,no,src/components/CategoryImageCard.jsx,"border: isCompact ? '1.5px solid #1a1816' : '2px solid #1a1816',"
hex-in-components,2f576e3f,2026-01-20,Opus 4.5,no,src/pages/Browse.jsx,"background: 'linear-gradient(180deg, #1a1a1a 0%, #151515 50%, #121212 100%)',"
hex-in-components,2f576e3f,2026-01-20,Opus 4.5,no,src/pages/Browse.jsx,"background: 'linear-gradient(180deg, transparent 0%, rgba(0,0,0,0.5) 60%, #0a0a0a 100%)',"
hex-in-components,f53a99f0,2026-01-20,Opus 4.5,no,src/components/CategoryImageCard.jsx,"border: '2px solid #1a1816',"
hex-in-components,664f3d47,2026-01-20,Opus 4.5,no,src/components/CategoryImageCard.jsx,"background: '#0f0f0f',"
hex-in-components,664f3d47,2026-01-20,Opus 4.5,no,src/components/CategoryImageCard.jsx,"background: isActive ? 'var(--color-primary)' : '#1c1c1c',"
hex-in-components,664f3d47,2026-01-20,Opus 4.5,no,src/components/CategoryImageCard.jsx,"background: '#0f0f0f',"
hex-in-components,664f3d47,2026-01-20,Opus 4.5,no,src/components/CategoryImageCard.jsx,"<div className=""w-full h-full"" style={{ background: '#0f0f0f' }} />"
hex-in-components,fb7d2285,2026-01-20,Opus 4.5,no,src/components/CategoryImageCard.jsx,"? 'linear-gradient(145deg, var(--color-primary) 0%, #c87f4a 100%)'"
hex-in-components,fb7d2285,2026-01-20,Opus 4.5,no,src/components/CategoryImageCard.jsx,": 'linear-gradient(145deg, #2a2a2a 0%, #1a1a1a 50%, #252525 100%)',"
hex-in-components,fb7d2285,2026-01-20,Opus 4.5,no,src/components/CategoryImageCard.jsx,"? 'linear-gradient(145deg, #d4956a 0%, var(--color-primary) 100%)'"
hex-in-components,fb7d2285,2026-01-20,Opus 4.5,no,src/components/CategoryImageCard.jsx,": 'linear-gradient(145deg, #333 0%, #222 100%)',"
hex-in-components,54dd66d9,2026-01-20,none,no,src/pages/Home.jsx,"background: 'linear-gradient(145deg, #2a2a2a 0%, #1a1a1a 50%, #252525 100%)',"
hex-in-components,54dd66d9,2026-01-20,none,no,src/pages/Home.jsx,"background: 'linear-gradient(145deg, #333 0%, #222 100%)',"
hex-in-components,54dd66d9,2026-01-20,none,no,src/pages/Home.jsx,"background: '#121212',"
hex-in-components,293935c0,2026-01-20,Opus 4.5,no,src/components/ReviewFlow.jsx,"? { background: 'linear-gradient(to bottom right, #10B981, #059669)', color: 'white', boxShadow: '0 10px 15px -3px rgba(16, 185, 129, 0.3)', transform: 'scale(1"
hex-in-components,293935c0,2026-01-20,Opus 4.5,no,src/components/ReviewFlow.jsx,"? { background: 'linear-gradient(to bottom right, #EF4444, #DC2626)', color: 'white', boxShadow: '0 10px 15px -3px rgba(239, 68, 68, 0.3)', transform: 'scale(1."
hex-in-components,293935c0,2026-01-20,Opus 4.5,no,src/components/ReviewFlow.jsx,"style={{ background: 'var(--color-primary)', color: '#1A1A1A' }}"
hex-in-components,293935c0,2026-01-20,Opus 4.5,no,src/components/ReviewFlow.jsx,"style={{ background: 'linear-gradient(to right, #10B981, #14B8A6)', color: 'white', boxShadow: '0 10px 15px -3px rgba(16, 185, 129, 0.3)' }}"
hex-in-components,293935c0,2026-01-20,Opus 4.5,no,src/pages/Profile.jsx,"<div className=""inline-flex items-center gap-1.5 mt-2 px-3 py-1 rounded-full text-xs font-semibold"" style={{ background: 'color-mix(in srgb, var(--color-rating)"
console-direct,583a1e76,2026-01-22,Opus 4.5,no,src/api/followsApi.js,"console.error('Error following user:', error)"
console-direct,583a1e76,2026-01-22,Opus 4.5,no,src/api/followsApi.js,"console.error('Error unfollowing user:', error)"
console-direct,583a1e76,2026-01-22,Opus 4.5,no,src/api/followsApi.js,"console.error('Error checking follow status:', error)"
console-direct,583a1e76,2026-01-22,Opus 4.5,no,src/api/followsApi.js,"console.error('Error fetching followers:', error)"
console-direct,583a1e76,2026-01-22,Opus 4.5,no,src/api/followsApi.js,"console.error('Error fetching following:', error)"
console-direct,583a1e76,2026-01-22,Opus 4.5,no,src/api/followsApi.js,"console.error('Error fetching follow counts:', error)"
console-direct,583a1e76,2026-01-22,Opus 4.5,no,src/api/followsApi.js,"console.error('Error fetching friends votes:', error)"
console-direct,583a1e76,2026-01-22,Opus 4.5,no,src/api/followsApi.js,"console.error('Error searching users:', error)"
console-direct,583a1e76,2026-01-22,Opus 4.5,no,src/api/followsApi.js,"console.error('Error fetching user profile:', profileError)"
console-direct,583a1e76,2026-01-22,Opus 4.5,no,src/api/followsApi.js,"console.error('Error fetching user votes:', votesError)"
console-direct,583a1e76,2026-01-22,Opus 4.5,no,src/api/followsApi.js,"console.error('Error fetching recent votes:', recentError)"
console-direct,583a1e76,2026-01-22,Opus 4.5,no,src/api/followsApi.js,"console.error('Error fetching badges:', badgesError)"
console-direct,583a1e76,2026-01-22,Opus 4.5,no,src/api/notificationsApi.js,"console.error('Error fetching notifications:', error)"
console-direct,583a1e76,2026-01-22,Opus 4.5,no,src/api/notificationsApi.js,"console.error('Error fetching unread count:', error)"
console-direct,583a1e76,2026-01-22,Opus 4.5,no,src/api/notificationsApi.js,"console.error('Error marking notifications as read:', error)"
console-direct,583a1e76,2026-01-22,Opus 4.5,no,src/api/notificationsApi.js,"console.error('Error marking notification as read:', error)"
console-direct,583a1e76,2026-01-22,Opus 4.5,no,src/components/DishSearch.jsx,"console.error('Search error:', error)"
localstorage-direct,583a1e76,2026-01-22,Opus 4.5,no,src/components/WelcomeSplash.jsx,const seen = localStorage.getItem(STORAGE_KEY)
localstorage-direct,583a1e76,2026-01-22,Opus 4.5,no,src/components/WelcomeSplash.jsx,"localStorage.setItem(STORAGE_KEY, 'true')"
tailwind-color-classes,583a1e76,2026-01-22,Opus 4.5,no,src/components/FollowListModal.jsx,"<div className=""absolute inset-0 bg-black/60"" />"
tailwind-color-classes,583a1e76,2026-01-22,Opus 4.5,no,src/components/FollowListModal.jsx,"className=""w-11 h-11 rounded-full flex items-center justify-center text-white font-bold flex-shrink-0"""
tailwind-color-classes,583a1e76,2026-01-22,Opus 4.5,no,src/components/NotificationBell.jsx,"className=""absolute top-0 right-0 min-w-[18px] h-[18px] flex items-center justify-center text-xs font-bold text-white rounded-full px-1"""
tailwind-color-classes,583a1e76,2026-01-22,Opus 4.5,no,src/components/NotificationBell.jsx,"className=""w-10 h-10 rounded-full flex items-center justify-center flex-shrink-0 text-white font-bold"""
tailwind-color-classes,583a1e76,2026-01-22,Opus 4.5,no,src/components/UserSearch.jsx,"className=""w-10 h-10 rounded-full flex items-center justify-center text-white font-bold"""
tailwind-color-classes,583a1e76,2026-01-22,Opus 4.5,no,src/pages/Dish.jsx,"className=""w-10 h-10 rounded-full flex items-center justify-center text-white font-bold"""
tailwind-color-classes,583a1e76,2026-01-22,Opus 4.5,no,src/pages/UserProfile.jsx,"className=""w-20 h-20 rounded-full flex items-center justify-center text-white text-2xl font-bold shadow-lg"""
tailwind-color-classes,583a1e76,2026-01-22,Opus 4.5,no,src/pages/UserProfile.jsx,"<div className=""text-2xl font-bold text-emerald-500"">{profile.stats.worth_it}</div>"
tailwind-color-classes,583a1e76,2026-01-22,Opus 4.5,no,src/pages/UserProfile.jsx,"<div className=""text-2xl font-bold text-red-500"">{profile.stats.avoid}</div>"
hex-in-components,583a1e76,2026-01-22,Opus 4.5,no,src/components/Auth/LoginModal.jsx,"style={{ background: 'var(--color-primary)', color: '#1A1A1A' }}"
hex-in-components,583a1e76,2026-01-22,Opus 4.5,no,src/components/CategoryImageCard.jsx,style={{ background: '#141414' }}
hex-in-components,583a1e76,2026-01-22,Opus 4.5,no,src/components/NotificationBell.jsx,style={{ background: '#ef4444' }}
hex-in-components,583a1e76,2026-01-22,Opus 4.5,no,src/components/PlateIcon.jsx,"background: '#141414',"
hex-in-components,583a1e76,2026-01-22,Opus 4.5,no,src/components/PlateIcon.jsx,"border: '2px solid #232323',"
hex-in-components,583a1e76,2026-01-22,Opus 4.5,no,src/components/WelcomeSplash.jsx,"background: '#121212',"
hex-in-components,583a1e76,2026-01-22,Opus 4.5,no,src/pages/Login.jsx,"style={{ background: 'var(--color-primary)', color: '#1A1A1A' }}"
hex-in-components,583a1e76,2026-01-22,Opus 4.5,no,src/pages/Login.jsx,"style={{ background: 'var(--color-primary)', color: '#1A1A1A' }}"
hex-in-components,583a1e76,2026-01-22,Opus 4.5,no,src/pages/Login.jsx,"style={{ background: 'var(--color-primary)', color: '#1A1A1A' }}"
hex-in-components,583a1e76,2026-01-22,Opus 4.5,no,src/pages/Login.jsx,"<path fill=""#4285F4"" d=""M22.56 12.25c0-.78-.07-1.53-.2-2.25H12v4.26h5.92c-.26 1.37-1.04 2.53-2.21 3.31v2.77h3.57c2.08-1.92 3.28-4.74 3.28-8.09z"" />"
hex-in-components,583a1e76,2026-01-22,Opus 4.5,no,src/pages/Login.jsx,"<path fill=""#34A853"" d=""M12 23c2.97 0 5.46-.98 7.28-2.66l-3.57-2.77c-.98.66-2.23 1.06-3.71 1.06-2.86 0-5.29-1.93-6.16-4.53H2.18v2.84C3.99 20.53 7.7 23 12 23z"" /"
hex-in-components,583a1e76,2026-01-22,Opus 4.5,no,src/pages/Login.jsx,"<path fill=""#FBBC05"" d=""M5.84 14.09c-.22-.66-.35-1.36-.35-2.09s.13-1.43.35-2.09V7.07H2.18C1.43 8.55 1 10.22 1 12s.43 3.45 1.18 4.93l2.85-2.22.81-.62z"" />"
hex-in-components,583a1e76,2026-01-22,Opus 4.5,no,src/pages/Login.jsx,"<path fill=""#EA4335"" d=""M12 5.38c1.62 0 3.06.56 4.21 1.64l3.15-3.15C17.45 2.09 14.97 1 12 1 7.7 1 3.99 3.47 2.18 7.07l3.66 2.84c.87-2.6 3.3-4.53 6.16-4.53z"" />"
hex-in-components,583a1e76,2026-01-22,Opus 4.5,no,src/pages/Login.jsx,"style={{ background: 'var(--color-primary)', color: '#1A1A1A' }}"
hex-in-components,583a1e76,2026-01-22,Opus 4.5,no,src/pages/UserProfile.jsx,"<span style={{ color: communityDelta > 0 ? '#10b981' : '#ef4444', marginLeft: 4 }}>"
single-not-maybesingle,583a1e76,2026-01-22,Opus 4.5,no,src/api/followsApi.js,.single()
single-not-maybesingle,583a1e76,2026-01-22,Opus 4.5,no,src/api/followsApi.js,.single()
single-not-maybesingle,583a1e76,2026-01-22,Opus 4.5,no,src/api/followsApi.js,.single()
console-direct,a5bda484,2026-01-22,Opus 4.5,no,src/api/followsApi.js,"console.error('Error fetching followers:', followError)"
console-direct,a5bda484,2026-01-22,Opus 4.5,no,src/api/followsApi.js,"console.error('Error fetching follower profiles:', profileError)"
console-direct,a5bda484,2026-01-22,Opus 4.5,no,src/api/followsApi.js,"console.error('Error fetching following:', followError)"
console-direct,a5bda484,2026-01-22,Opus 4.5,no,src/api/followsApi.js,"console.error('Error fetching following profiles:', profileError)"
tailwind-color-classes,bf15dcfe,2026-01-22,Opus 4.5,no,src/components/FollowListModal.jsx,"className=""w-full flex items-center gap-3 px-4 py-3.5 transition-all text-left hover:bg-white/5 active:scale-[0.99]"""
tailwind-color-classes,a7860525,2026-01-22,Opus 4.5,no,src/pages/UserProfile.jsx,"className=""w-full py-3 text-center rounded-xl border-2 border-dashed hover:bg-white/5 transition-colors"""
hex-in-components,ea4ce768,2026-01-22,Opus 4.5,no,src/pages/UserProfile.jsx,<span style={{ color: myRatingNum > theirRating ? '#10b981' : myRatingNum < theirRating ? '#ef4444' : 'var(--color-primary)' }}>
hex-in-components,39ccb64f,2026-01-22,Opus 4.5,no,src/pages/UserProfile.jsx,"<span style={{ color: myRatingNum > theirRating ? '#10b981' : '#ef4444', marginLeft: 4 }}>"
console-direct,46c9584b,2026-01-22,none,no,src/api/authApi.js,"console.error('Error signing up:', error)"
console-direct,46c9584b,2026-01-22,none,no,src/api/authApi.js,"console.error('Error signing in:', error)"
console-direct,46c9584b,2026-01-22,none,no,src/api/authApi.js,"console.error('Error sending password reset:', error)"
console-direct,46c9584b,2026-01-22,none,no,src/api/authApi.js,"console.error('Error updating password:', error)"
console-direct,46c9584b,2026-01-22,none,no,src/api/authApi.js,"console.error('Error checking username:', error)"
console-direct,46c9584b,2026-01-22,none,no,src/api/followsApi.js,"console.error('Error fetching follow counts:', followerError || followingError)"
console-direct,46c9584b,2026-01-22,none,no,src/components/Auth/LoginModal.jsx,"console.warn('LoginModal: unable to persist remembered email', error)"
console-direct,46c9584b,2026-01-22,none,no,src/pages/Login.jsx,"console.warn('Login: unable to persist remembered email', error)"
localstorage-direct,46c9584b,2026-01-22,none,no,src/components/Auth/LoginModal.jsx,"localStorage.setItem(REMEMBERED_EMAIL_KEY, email)"
localstorage-direct,46c9584b,2026-01-22,none,no,src/pages/Login.jsx,"localStorage.setItem(REMEMBERED_EMAIL_KEY, email)"
supabase-in-ui,46c9584b,2026-01-22,none,yes,src/pages/ResetPassword.jsx,const { data: { session } } = await supabase.auth.getSession()
tailwind-color-classes,46c9584b,2026-01-22,none,no,src/components/NotificationBell.jsx,"className=""absolute -top-0.5 -right-0.5 min-w-[20px] h-[20px] flex items-center justify-center text-xs font-bold text-white rounded-full px-1 shadow-lg"""
hex-in-components,46c9584b,2026-01-22,none,no,src/components/Auth/LoginModal.jsx,"<path fill=""#4285F4"" d=""M22.56 12.25c0-.78-.07-1.53-.2-2.25H12v4.26h5.92c-.26 1.37-1.04 2.53-2.21 3.31v2.77h3.57c2.08-1.92 3.28-4.74 3.28-8.09z"" />"
hex-in-components,46c9584b,2026-01-22,none,no,src/components/Auth/LoginModal.jsx,"<path fill=""#34A853"" d=""M12 23c2.97 0 5.46-.98 7.28-2.66l-3.57-2.77c-.98.66-2.23 1.06-3.71 1.06-2.86 0-5.29-1.93-6.16-4.53H2.18v2.84C3.99 20.53 7.7 23 12 23z"" /"
hex-in-components,46c9584b,2026-01-22,none,no,src/components/Auth/LoginModal.jsx,"<path fill=""#FBBC05"" d=""M5.84 14.09c-.22-.66-.35-1.36-.35-2.09s.13-1.43.35-2.09V7.07H2.18C1.43 8.55 1 10.22 1 12s.43 3.45 1.18 4.93l2.85-2.22.81-.62z"" />"
hex-in-components,46c9584b,2026-01-22,none,no,src/components/Auth/LoginModal.jsx,"<path fill=""#EA4335"" d=""M12 5.38c1.62 0 3.06.56 4.21 1.64l3.15-3.15C17.45 2.09 14.97 1 12 1 7.7 1 3.99 3.47 2.18 7.07l3.66 2.84c.87-2.6 3.3-4.53 6.16-4.53z"" />"
hex-in-components,46c9584b,2026-01-22,none,no,src/components/Auth/LoginModal.jsx,"style={{ background: 'var(--color-primary)', color: '#1A1A1A' }}"
hex-in-components,46c9584b,2026-01-22,none,no,src/components/Auth/LoginModal.jsx,"style={{ background: 'var(--color-primary)', color: '#1A1A1A' }}"
hex-in-components,46c9584b,2026-01-22,none,no,src/components/Auth/LoginModal.jsx,"style={{ background: 'var(--color-primary)', color: '#1A1A1A' }}"
hex-in-components,46c9584b,2026-01-22,none,no,src/components/Auth/LoginModal.jsx,"border: `2px solid ${usernameStatus === 'taken' ? '#ef4444' : usernameStatus === 'available' ? '#10b981' : 'var(--color-divider)'}`,"
hex-in-components,46c9584b,2026-01-22,none,no,src/components/Auth/LoginModal.jsx,"<p className=""text-xs mt-1"" style={{ color: '#ef4444' }}>This username is taken</p>"
hex-in-components,46c9584b,2026-01-22,none,no,src/components/Auth/LoginModal.jsx,"<p className=""text-xs mt-1"" style={{ color: '#10b981' }}>Username available!</p>"
hex-in-components,46c9584b,2026-01-22,none,no,src/components/Auth/LoginModal.jsx,"style={{ background: 'var(--color-primary)', color: '#1A1A1A' }}"
hex-in-components,46c9584b,2026-01-22,none,no,src/pages/Login.jsx,"<path fill=""#4285F4"" d=""M22.56 12.25c0-.78-.07-1.53-.2-2.25H12v4.26h5.92c-.26 1.37-1.04 2.53-2.21 3.31v2.77h3.57c2.08-1.92 3.28-4.74 3.28-8.09z"" />"
hex-in-components,46c9584b,2026-01-22,none,no,src/pages/Login.jsx,"<path fill=""#34A853"" d=""M12 23c2.97 0 5.46-.98 7.28-2.66l-3.57-2.77c-.98.66-2.23 1.06-3.71 1.06-2.86 0-5.29-1.93-6.16-4.53H2.18v2.84C3.99 20.53 7.7 23 12 23z"" /"
hex-in-components,46c9584b,2026-01-22,none,no,src/pages/Login.jsx,"<path fill=""#FBBC05"" d=""M5.84 14.09c-.22-.66-.35-1.36-.35-2.09s.13-1.43.35-2.09V7.07H2.18C1.43 8.55 1 10.22 1 12s.43 3.45 1.18 4.93l2.85-2.22.81-.62z"" />"
hex-in-components,46c9584b,2026-01-22,none,no,src/pages/Login.jsx,"<path fill=""#EA4335"" d=""M12 5.38c1.62 0 3.06.56 4.21 1.64l3.15-3.15C17.45 2.09 14.97 1 12 1 7.7 1 3.99 3.47 2.18 7.07l3.66 2.84c.87-2.6 3.3-4.53 6.16-4.53z"" />"
hex-in-components,46c9584b,2026-01-22,none,no,src/pages/Login.jsx,"style={{ background: 'var(--color-primary)', color: '#1A1A1A' }}"
hex-in-components,46c9584b,2026-01-22,none,no,src/pages/Login.jsx,"style={{ background: 'var(--color-primary)', color: '#1A1A1A' }}"
hex-in-components,46c9584b,2026-01-22,none,no,src/pages/Login.jsx,"style={{ background: 'var(--color-primary)', color: '#1A1A1A' }}"
hex-in-components,46c9584b,2026-01-22,none,no,src/pages/Login.jsx,"border: `2px solid ${usernameStatus === 'taken' ? '#ef4444' : usernameStatus === 'available' ? '#10b981' : 'var(--color-divider)'}`,"
hex-in-components,46c9584b,2026-01-22,none,no,src/pages/Login.jsx,"<p className=""text-xs mt-1"" style={{ color: '#ef4444' }}>This username is taken</p>"
hex-in-components,46c9584b,2026-01-22,none,no,src/pages/Login.jsx,"<p className=""text-xs mt-1"" style={{ color: '#10b981' }}>Username available!</p>"
hex-in-components,46c9584b,2026-01-22,none,no,src/pages/Login.jsx,"style={{ background: 'var(--color-primary)', color: '#1A1A1A' }}"
hex-in-components,46c9584b,2026-01-22,none,no,src/pages/ResetPassword.jsx,"style={{ background: 'var(--color-primary)', color: '#1A1A1A' }}"
hex-in-components,46c9584b,2026-01-22,none,no,src/pages/ResetPassword.jsx,"style={{ background: 'var(--color-primary)', color: '#1A1A1A' }}"
single-not-maybesingle,46c9584b,2026-01-22,none,no,src/api/authApi.js,.single()
single-not-maybesingle,46c9584b,2026-01-22,none,no,src/api/authApi.js,.single()
tailwind-color-classes,7ecb0e3b,2026-01-22,none,no,src/pages/Profile.jsx,"className=""px-3 py-1.5 text-white rounded-lg text-sm font-medium disabled:opacity-50"""
hex-in-components,7ecb0e3b,2026-01-22,none,no,src/pages/Profile.jsx,"borderColor: nameStatus === 'taken' ? '#ef4444' : nameStatus === 'available' ? '#10b981' : 'var(--color-divider)',"
hex-in-components,7ecb0e3b,2026-01-22,none,no,src/pages/Profile.jsx,"<p className=""text-xs"" style={{ color: '#ef4444' }}>This username is already taken</p>"
hex-in-components,7ecb0e3b,2026-01-22,none,no,src/pages/Profile.jsx,"<p className=""text-xs"" style={{ color: '#10b981' }}>Username available!</p>"
console-direct,90967d3c,2026-01-22,none,no,src/api/notificationsApi.js,"console.error('Error deleting notifications:', error)"
console-direct,d9be9ab1,2026-01-22,Opus 4.5,no,src/api/followsApi.js,"console.error('Error fetching followers:', followError)"
console-direct,d9be9ab1,2026-01-22,Opus 4.5,no,src/api/followsApi.js,"console.error('Error fetching follower profiles:', profileError)"
console-direct,d9be9ab1,2026-01-22,Opus 4.5,no,src/api/followsApi.js,"console.error('Unexpected error in getFollowers:', err)"
console-direct,d9be9ab1,2026-01-22,Opus 4.5,no,src/api/followsApi.js,"console.error('Error fetching following:', followError)"
console-direct,d9be9ab1,2026-01-22,Opus 4.5,no,src/api/followsApi.js,"console.error('Error fetching following profiles:', profileError)"
console-direct,d9be9ab1,2026-01-22,Opus 4.5,no,src/api/followsApi.js,"console.error('Unexpected error in getFollowing:', err)"
console-direct,d9be9ab1,2026-01-22,Opus 4.5,no,src/api/followsApi.js,"console.error('Error fetching friends votes:', error)"
console-direct,d9be9ab1,2026-01-22,Opus 4.5,no,src/api/followsApi.js,"console.error('Unexpected error in getFriendsVotesForDish:', err)"
console-direct,d9be9ab1,2026-01-22,Opus 4.5,no,src/api/followsApi.js,"console.error('Error searching users:', error)"
console-direct,d9be9ab1,2026-01-22,Opus 4.5,no,src/api/followsApi.js,"console.error('Unexpected error in searchUsers:', err)"
console-direct,d9be9ab1,2026-01-22,Opus 4.5,no,src/components/FollowListModal.jsx,"console.error('Failed to load users:', err)"
console-direct,d9be9ab1,2026-01-22,Opus 4.5,no,src/components/NotificationBell.jsx,"console.error('Failed to fetch unread count:', err)"
console-direct,d9be9ab1,2026-01-22,Opus 4.5,no,src/components/NotificationBell.jsx,"console.error('Failed to fetch notifications:', err)"
console-direct,d9be9ab1,2026-01-22,Opus 4.5,no,src/components/NotificationBell.jsx,"console.error('Failed to delete notifications:', err)"
console-direct,d9be9ab1,2026-01-22,Opus 4.5,no,src/components/UserSearch.jsx,"console.error('Failed to search users:', err)"
console-direct,d9be9ab1,2026-01-22,Opus 4.5,no,src/hooks/useDishes.js,"console.error('Error fetching dishes:', apiError)"
console-direct,d9be9ab1,2026-01-22,Opus 4.5,no,src/pages/Dish.jsx,"console.error('Failed to fetch friends votes:', err)"
console-direct,d9be9ab1,2026-01-22,Opus 4.5,no,src/pages/Login.jsx,"console.error('Failed to check username availability:', error)"
console-direct,d9be9ab1,2026-01-22,Opus 4.5,no,src/pages/Profile.jsx,"console.error('Failed to fetch follow counts:', error)"
console-direct,d9be9ab1,2026-01-22,Opus 4.5,no,src/pages/UserProfile.jsx,"console.error('Failed to fetch profile:', err)"
console-direct,d9be9ab1,2026-01-22,Opus 4.5,no,src/pages/UserProfile.jsx,"console.error('Failed to check follow status:', err)"
console-direct,d9be9ab1,2026-01-22,Opus 4.5,no,src/pages/UserProfile.jsx,"console.error('Failed to fetch my ratings:', err)"
render-error-object,d9be9ab1,2026-01-22,Opus 4.5,no,src/components/FollowListModal.jsx,{error}
console-direct,2bf7b3b8,2026-01-22,Opus 4.5,no,src/components/ReviewFlow.jsx,"console.error('Invalid rating value:', sliderValue)"
console-direct,f976d430,2026-01-22,Opus 4.5,no,src/components/Auth/LoginModal.jsx,"console.error('LoginModal: username check failed', error)"
console-direct,f976d430,2026-01-22,Opus 4.5,no,src/pages/Profile.jsx,"console.error('Profile: username check failed', error)"
console-direct,f976d430,2026-01-22,Opus 4.5,no,src/utils/sanitize.js,"console.warn('Invalid filename format detected:', filename)"
console-direct,f976d430,2026-01-22,Opus 4.5,no,src/utils/sanitize.js,"console.warn('Path traversal attempt detected in filename:', filename)"
console-direct,f976d430,2026-01-22,Opus 4.5,no,src/utils/sanitize.js,"console.warn('Invalid decoded filename:', decodedFilename)"
console-direct,f976d430,2026-01-22,Opus 4.5,no,src/utils/sanitize.js,"console.error('Error parsing URL for filename extraction:', error)"
single-not-maybesingle,1154408e,2026-01-22,Opus 4.5,no,src/api/followsApi.js,".single(),"
tailwind-color-classes,d3a58f75,2026-01-22,Opus 4.5,no,src/components/FollowListModal.jsx,"className=""w-full flex items-center gap-3 px-4 py-3.5 transition-all text-left hover:bg-white/5 active:scale-[0.99]"""
tailwind-color-classes,d3a58f75,2026-01-22,Opus 4.5,no,src/components/FollowListModal.jsx,"className=""w-11 h-11 rounded-full flex items-center justify-center text-white font-bold flex-shrink-0"""
es2023-array-methods,bf448b8c,2026-01-23,Opus 4.5,no,src/pages/Browse.jsx,"result = result.toSorted((a, b) => (b.total_votes || 0) - (a.total_votes || 0))"
es2023-array-methods,bf448b8c,2026-01-23,Opus 4.5,no,src/pages/Browse.jsx,"result = result.toSorted((a, b) => (a.distance_miles || 999) - (b.distance_miles || 999))"
es2023-array-methods,bf448b8c,2026-01-23,Opus 4.5,no,src/pages/Browse.jsx,"result = result.toSorted((a, b) => {"
es2023-array-methods,bf448b8c,2026-01-23,Opus 4.5,no,src/pages/Home.jsx,"const sorted = categoryDishes.toSorted((a, b) => {"
es2023-array-methods,bf448b8c,2026-01-23,Opus 4.5,no,src/pages/Home.jsx,"return dishes.toSorted((a, b) => {"
es2023-array-methods,e908d15d,2026-01-23,Opus 4.5,no,src/pages/Home.jsx,".toSorted((a, b) => {"
tailwind-color-classes,e908d15d,2026-01-23,Opus 4.5,no,src/components/Auth/WelcomeModal.jsx,"className=""w-full px-6 py-4 text-white font-semibold rounded-xl hover:opacity-90 active:scale-[0.98] transition-all disabled:opacity-50"""
tailwind-color-classes,e908d15d,2026-01-23,Opus 4.5,no,src/components/Auth/WelcomeModal.jsx,"className=""w-full py-2 text-sm text-neutral-400 hover:text-neutral-600 transition-colors"""
tailwind-color-classes,e908d15d,2026-01-23,Opus 4.5,no,src/pages/Profile.jsx,"className=""flex-1 px-4 py-2 text-white font-medium rounded-xl transition-colors disabled:opacity-50"""
hex-in-components,e908d15d,2026-01-23,Opus 4.5,no,src/pages/Home.jsx,"background: activeTab === 'personal' ? '#FCD34D' : 'var(--color-surface-elevated)',"
hex-in-components,e908d15d,2026-01-23,Opus 4.5,no,src/pages/Home.jsx,"color: activeTab === 'personal' ? '#1F1F1F' : 'var(--color-text-secondary)',"
tailwind-color-classes,52d2a788,2026-01-23,Opus 4.5,no,src/pages/Profile.jsx,"<p className=""text-xs font-medium text-amber-800"">🎉 Recently Unlocked!</p>"
tailwind-color-classes,52d2a788,2026-01-23,Opus 4.5,no,src/pages/Profile.jsx,"<p className=""font-bold text-amber-900"">{recentUnlock.name}</p>"
tailwind-color-classes,52d2a788,2026-01-23,Opus 4.5,no,src/pages/Profile.jsx,"<div className=""absolute top-0 right-0 px-2 py-1 text-xs font-bold text-amber-800 bg-amber-200 rounded-bl-lg"">"
tailwind-color-classes,52d2a788,2026-01-23,Opus 4.5,no,src/pages/Profile.jsx,"<span className=""text-xs font-bold text-amber-600 animate-pulse"">🔥</span>"
tailwind-color-classes,52d2a788,2026-01-23,Opus 4.5,no,src/pages/Profile.jsx,<p className={`font-semibold text-sm ${isClose ? 'text-amber-900' : 'text-[color:var(--color-text-secondary)]'}`}>
tailwind-color-classes,52d2a788,2026-01-23,Opus 4.5,no,src/pages/Profile.jsx,<p className={`text-xs ${isClose ? 'text-amber-700' : 'text-[color:var(--color-text-tertiary)]'}`}>
tailwind-color-classes,52d2a788,2026-01-23,Opus 4.5,no,src/pages/Profile.jsx,<div className={`text-lg font-bold ${isClose ? 'text-amber-600' : 'text-[color:var(--color-text-secondary)]'}`}>
hex-in-components,52d2a788,2026-01-23,Opus 4.5,no,src/pages/Profile.jsx,"if (count >= 8) return { title: 'Legend', emoji: '👑', color: '#9333EA' }"
hex-in-components,52d2a788,2026-01-23,Opus 4.5,no,src/pages/Profile.jsx,"if (count >= 5) return { title: 'Expert', emoji: '⭐', color: '#F59E0B' }"
hex-in-components,52d2a788,2026-01-23,Opus 4.5,no,src/pages/Profile.jsx,"if (count >= 3) return { title: 'Rising Star', emoji: '🌟', color: '#10B981' }"
hex-in-components,52d2a788,2026-01-23,Opus 4.5,no,src/pages/Profile.jsx,"if (count >= 1) return { title: 'Explorer', emoji: '🧭', color: '#3B82F6' }"
hex-in-components,52d2a788,2026-01-23,Opus 4.5,no,src/pages/Profile.jsx,"return { title: 'Newcomer', emoji: '🌱', color: '#6B7280' }"
hex-in-components,52d2a788,2026-01-23,Opus 4.5,no,src/pages/Profile.jsx,"background: 'linear-gradient(135deg, #FEF3C7 0%, #FDE68A 100%)',"
hex-in-components,52d2a788,2026-01-23,Opus 4.5,no,src/pages/Profile.jsx,"borderColor: '#F59E0B',"
hex-in-components,52d2a788,2026-01-23,Opus 4.5,no,src/pages/Profile.jsx,"? 'linear-gradient(135deg, #FEF3C7 0%, #FDE68A 100%)'"
hex-in-components,52d2a788,2026-01-23,Opus 4.5,no,src/pages/Profile.jsx,"border: nextBadge.percentage >= 70 ? '2px solid #F59E0B' : '1px solid var(--color-divider)',"
hex-in-components,52d2a788,2026-01-23,Opus 4.5,no,src/pages/Profile.jsx,stroke={nextBadge.percentage >= 70 ? '#F59E0B' : 'var(--color-primary)'}
hex-in-components,52d2a788,2026-01-23,Opus 4.5,no,src/pages/Profile.jsx,color: nextBadge.percentage >= 70 ? '#92400E' : 'var(--color-text-secondary)'
hex-in-components,52d2a788,2026-01-23,Opus 4.5,no,src/pages/Profile.jsx,"<div className=""text-2xl font-bold"" style={{ color: nextBadge.percentage >= 70 ? '#F59E0B' : 'var(--color-primary)' }}>"
hex-in-components,52d2a788,2026-01-23,Opus 4.5,no,src/pages/Profile.jsx,"background: isClose ? 'linear-gradient(135deg, #FEF3C7 0%, #FFFBEB 100%)' : 'var(--color-surface-elevated)',"
hex-in-components,52d2a788,2026-01-23,Opus 4.5,no,src/pages/Profile.jsx,"borderColor: isClose ? '#F59E0B' : 'var(--color-divider)',"
hex-in-components,52d2a788,2026-01-23,Opus 4.5,no,src/pages/Profile.jsx,"background: isClose ? '#F59E0B' : 'var(--color-text-tertiary)',"
tailwind-color-classes,562199c0,2026-01-23,Opus 4.5,no,src/pages/Badges.jsx,"className=""text-xs px-2 py-0.5 rounded-full font-medium text-white"""
tailwind-color-classes,562199c0,2026-01-23,Opus 4.5,no,src/pages/Badges.jsx,"<span className=""text-xs px-2 py-0.5 rounded-full font-medium bg-amber-100 text-amber-700"">"
tailwind-color-classes,562199c0,2026-01-23,Opus 4.5,no,src/pages/Badges.jsx,"<svg className=""w-4 h-4 text-white"" fill=""none"" viewBox=""0 0 24 24"" stroke=""currentColor"" strokeWidth={3}>"
tailwind-color-classes,562199c0,2026-01-23,Opus 4.5,no,src/pages/Badges.jsx,"<div className=""absolute top-0 right-0 px-3 py-1 text-xs font-bold text-amber-800 bg-amber-200 rounded-bl-xl"">"
tailwind-color-classes,562199c0,2026-01-23,Opus 4.5,no,src/pages/Badges.jsx,"<span className=""text-emerald-500"">✓</span>"
tailwind-color-classes,562199c0,2026-01-23,Opus 4.5,no,src/pages/Badges.jsx,"<span className=""text-emerald-500"">✓</span>"
tailwind-color-classes,562199c0,2026-01-23,Opus 4.5,no,src/pages/Badges.jsx,"<span className=""text-emerald-500"">✓</span>"
tailwind-color-classes,562199c0,2026-01-23,Opus 4.5,no,src/pages/Badges.jsx,"<h4 className=""font-semibold mb-2 flex items-center gap-2 text-amber-900"">"
tailwind-color-classes,562199c0,2026-01-23,Opus 4.5,no,src/pages/Badges.jsx,"<p className=""text-sm text-amber-800"">"
tailwind-color-classes,562199c0,2026-01-23,Opus 4.5,no,src/pages/Badges.jsx,<p className={`font-semibold ${isClose ? 'text-amber-900' : 'text-[color:var(--color-text-secondary)]'}`}>
tailwind-color-classes,562199c0,2026-01-23,Opus 4.5,no,src/pages/Badges.jsx,<p className={`text-xs ${isClose ? 'text-amber-700' : 'text-[color:var(--color-text-tertiary)]'}`}>
tailwind-color-classes,562199c0,2026-01-23,Opus 4.5,no,src/pages/Badges.jsx,<div className={`text-lg font-bold ${isClose ? 'text-amber-600' : 'text-[color:var(--color-text-secondary)]'}`}>
tailwind-color-classes,562199c0,2026-01-23,Opus 4.5,no,src/pages/Badges.jsx,"className=""mt-4 px-6 py-2 rounded-xl font-semibold text-white"""
hex-in-components,562199c0,2026-01-23,Opus 4.5,no,src/pages/Badges.jsx,"{ title: 'Newcomer', emoji: '🌱', color: '#6B7280', minBadges: 0, description: 'Just getting started' },"
hex-in-components,562199c0,2026-01-23,Opus 4.5,no,src/pages/Badges.jsx,"{ title: 'Explorer', emoji: '🧭', color: '#3B82F6', minBadges: 1, description: 'Beginning the journey' },"
hex-in-components,562199c0,2026-01-23,Opus 4.5,no,src/pages/Badges.jsx,"{ title: 'Rising Star', emoji: '🌟', color: '#10B981', minBadges: 3, description: 'Making your mark' },"
hex-in-components,562199c0,2026-01-23,Opus 4.5,no,src/pages/Badges.jsx,"{ title: 'Expert', emoji: '⭐', color: '#F59E0B', minBadges: 5, description: 'Trusted contributor' },"
hex-in-components,562199c0,2026-01-23,Opus 4.5,no,src/pages/Badges.jsx,"{ title: 'Legend', emoji: '👑', color: '#9333EA', minBadges: 8, description: 'Elite status achieved' },"
hex-in-components,562199c0,2026-01-23,Opus 4.5,no,src/pages/Badges.jsx,"? 'linear-gradient(135deg, #FEF3C7 0%, #FFFBEB 100%)'"
hex-in-components,562199c0,2026-01-23,Opus 4.5,no,src/pages/Badges.jsx,? '2px dashed #F59E0B'
hex-in-components,562199c0,2026-01-23,Opus 4.5,no,src/pages/Badges.jsx,"<div className=""w-6 h-6 rounded-full flex items-center justify-center"" style={{ background: '#10B981' }}>"
hex-in-components,562199c0,2026-01-23,Opus 4.5,no,src/pages/Badges.jsx,"? 'linear-gradient(135deg, #FEF3C7 0%, #FDE68A 100%)'"
hex-in-components,562199c0,2026-01-23,Opus 4.5,no,src/pages/Badges.jsx,? '2px solid #F59E0B'
hex-in-components,562199c0,2026-01-23,Opus 4.5,no,src/pages/Badges.jsx,stroke={nextBadge.percentage >= 70 ? '#F59E0B' : 'var(--color-primary)'}
hex-in-components,562199c0,2026-01-23,Opus 4.5,no,src/pages/Badges.jsx,color: nextBadge.percentage >= 70 ? '#92400E' : 'var(--color-text-tertiary)'
hex-in-components,562199c0,2026-01-23,Opus 4.5,no,src/pages/Badges.jsx,color: nextBadge.percentage >= 70 ? '#B45309' : 'var(--color-text-secondary)'
hex-in-components,562199c0,2026-01-23,Opus 4.5,no,src/pages/Badges.jsx,color: nextBadge.percentage >= 70 ? '#F59E0B' : 'var(--color-primary)'
hex-in-components,562199c0,2026-01-23,Opus 4.5,no,src/pages/Badges.jsx,"<div className=""p-4 rounded-xl"" style={{ background: 'linear-gradient(135deg, #FEF3C7 0%, #FFFBEB 100%)', border: '1px solid #F59E0B' }}>"
hex-in-components,562199c0,2026-01-23,Opus 4.5,no,src/pages/Badges.jsx,"<span className=""px-2 py-0.5 rounded text-xs font-medium"" style={{ background: '#F5F3FF', color: '#7C3AED' }}>Prestigious</span>"
hex-in-components,562199c0,2026-01-23,Opus 4.5,no,src/pages/Badges.jsx,"? 'linear-gradient(135deg, #FEF3C7 0%, #FFFBEB 100%)'"
hex-in-components,562199c0,2026-01-23,Opus 4.5,no,src/pages/Badges.jsx,"border: isClose ? '2px solid #F59E0B' : '1px solid var(--color-divider)',"
hex-in-components,562199c0,2026-01-23,Opus 4.5,no,src/pages/Badges.jsx,"background: isClose ? '#F59E0B' : 'var(--color-primary)',"
hex-in-components,562199c0,2026-01-23,Opus 4.5,no,src/pages/Badges.jsx,"background: 'linear-gradient(135deg, #FDF4FF 0%, #FAF5FF 100%)',"
hex-in-components,562199c0,2026-01-23,Opus 4.5,no,src/pages/Badges.jsx,"border: '2px solid #C084FC',"
hex-in-components,562199c0,2026-01-23,Opus 4.5,no,src/pages/Badges.jsx,"<h3 className=""font-semibold"" style={{ color: '#7C3AED' }}>"
hex-in-components,562199c0,2026-01-23,Opus 4.5,no,src/pages/Badges.jsx,"<p className=""text-xs mb-4"" style={{ color: '#8B5CF6' }}>"
hex-in-components,562199c0,2026-01-23,Opus 4.5,no,src/pages/Badges.jsx,"{ emoji: '🌱', title: 'Explorer', votes: '5+', color: '#6B7280' },"
hex-in-components,562199c0,2026-01-23,Opus 4.5,no,src/pages/Badges.jsx,"{ emoji: '🔥', title: 'Fan', votes: '10+', color: '#F97316' },"
hex-in-components,562199c0,2026-01-23,Opus 4.5,no,src/pages/Badges.jsx,"{ emoji: '💎', title: 'Connoisseur', votes: '20+', color: '#3B82F6' },"
hex-in-components,562199c0,2026-01-23,Opus 4.5,no,src/pages/Badges.jsx,"{ emoji: '⭐', title: 'Expert', votes: '30+', color: '#F59E0B' },"
hex-in-components,562199c0,2026-01-23,Opus 4.5,no,src/pages/Badges.jsx,"{ emoji: '👑', title: 'Master', votes: '50+', color: '#9333EA' },"
hex-in-components,562199c0,2026-01-23,Opus 4.5,no,src/pages/Badges.jsx,"? 'linear-gradient(135deg, #F5F3FF 0%, #EDE9FE 100%)'"
hex-in-components,562199c0,2026-01-23,Opus 4.5,no,src/pages/Badges.jsx,"? 'linear-gradient(135deg, #FEF3C7 0%, #FFFBEB 100%)'"
hex-in-components,562199c0,2026-01-23,Opus 4.5,no,src/pages/Badges.jsx,? '2px solid #A78BFA'
hex-in-components,562199c0,2026-01-23,Opus 4.5,no,src/pages/Badges.jsx,? '2px solid #F59E0B'
hex-in-components,562199c0,2026-01-23,Opus 4.5,no,src/pages/Badges.jsx,? isPublic ? '#7C3AED' : 'var(--color-primary)'
hex-in-components,562199c0,2026-01-23,Opus 4.5,no,src/pages/Badges.jsx,? '#92400E'
hex-in-components,562199c0,2026-01-23,Opus 4.5,no,src/pages/Badges.jsx,color: isClose ? '#B45309' : 'var(--color-text-tertiary)'
hex-in-components,562199c0,2026-01-23,Opus 4.5,no,src/pages/Badges.jsx,"background: isClose ? '#F59E0B' : 'var(--color-primary)',"
hex-in-components,562199c0,2026-01-23,Opus 4.5,no,src/pages/Badges.jsx,color: isClose ? '#F59E0B' : 'var(--color-text-tertiary)'
console-direct,37777002,2026-01-23,Opus 4.5,no,src/api/leaderboardApi.js,"console.error('Error fetching streak:', error)"
console-direct,37777002,2026-01-23,Opus 4.5,no,src/api/leaderboardApi.js,"console.error('Error fetching user streak:', error)"
console-direct,37777002,2026-01-23,Opus 4.5,no,src/api/leaderboardApi.js,"console.error('Error fetching leaderboard:', error)"
console-direct,37777002,2026-01-23,Opus 4.5,no,src/api/leaderboardApi.js,"console.error('Error fetching reset countdown:', error)"
console-direct,37777002,2026-01-23,Opus 4.5,no,src/hooks/useLeaderboard.js,"console.error('Error fetching leaderboard:', err)"
console-direct,37777002,2026-01-23,Opus 4.5,no,src/hooks/useStreak.js,"console.error('Error fetching streak:', err)"
tailwind-color-classes,37777002,2026-01-23,Opus 4.5,no,src/components/StreakBadge.jsx,className={`inline-flex items-center gap-0.5 rounded-full font-semibold text-white ${sizes[size]}`}
tailwind-color-classes,37777002,2026-01-23,Opus 4.5,no,src/components/StreakCard.jsx,"<div className=""absolute top-0 right-0 px-2 py-1 text-xs font-bold text-amber-800 bg-amber-200 rounded-bl-lg"">"
hex-in-components,37777002,2026-01-23,Opus 4.5,no,src/components/FriendsLeaderboard.jsx,"case 1: return { emoji: '🥇', color: '#F59E0B' }"
hex-in-components,37777002,2026-01-23,Opus 4.5,no,src/components/FriendsLeaderboard.jsx,"case 2: return { emoji: '🥈', color: '#9CA3AF' }"
hex-in-components,37777002,2026-01-23,Opus 4.5,no,src/components/FriendsLeaderboard.jsx,"case 3: return { emoji: '🥉', color: '#CD7F32' }"
hex-in-components,37777002,2026-01-23,Opus 4.5,no,src/components/StreakBadge.jsx,"background: 'linear-gradient(135deg, #F97316 0%, #EA580C 100%)',"
hex-in-components,37777002,2026-01-23,Opus 4.5,no,src/components/StreakBadge.jsx,"background: 'linear-gradient(135deg, #FBBF24 0%, #F59E0B 100%)',"
hex-in-components,37777002,2026-01-23,Opus 4.5,no,src/components/StreakCard.jsx,"background: 'linear-gradient(135deg, #FEF3C7 0%, #FDE68A 100%)',"
hex-in-components,37777002,2026-01-23,Opus 4.5,no,src/components/StreakCard.jsx,"border: '2px solid #F59E0B',"
hex-in-components,37777002,2026-01-23,Opus 4.5,no,src/components/StreakCard.jsx,"background: 'linear-gradient(135deg, #FFF7ED 0%, #FFEDD5 100%)',"
hex-in-components,37777002,2026-01-23,Opus 4.5,no,src/components/StreakCard.jsx,"<span className=""text-2xl font-bold"" style={{ color: status === 'at_risk' ? '#92400E' : 'var(--color-primary)' }}>"
hex-in-components,37777002,2026-01-23,Opus 4.5,no,src/components/StreakCard.jsx,"<span className=""text-sm font-medium"" style={{ color: status === 'at_risk' ? '#92400E' : 'var(--color-text-secondary)' }}>"
hex-in-components,37777002,2026-01-23,Opus 4.5,no,src/components/StreakCard.jsx,<span style={{ color: isNearGoal ? '#92400E' : 'var(--color-text-secondary)' }}>
hex-in-components,37777002,2026-01-23,Opus 4.5,no,src/components/StreakCard.jsx,"<span className=""font-semibold"" style={{ color: isNearGoal ? '#F59E0B' : 'var(--color-primary)' }}>"
hex-in-components,37777002,2026-01-23,Opus 4.5,no,src/components/StreakCard.jsx,"? 'linear-gradient(90deg, #F59E0B 0%, #FBBF24 100%)'"
hex-in-components,37777002,2026-01-23,Opus 4.5,no,src/components/StreakCard.jsx,": 'linear-gradient(90deg, var(--color-primary) 0%, #FB923C 100%)',"
hex-in-components,37777002,2026-01-23,Opus 4.5,no,src/components/StreakCard.jsx,style={{ color: cta.urgent ? '#92400E' : 'var(--color-text-secondary)' }}
hex-in-components,37777002,2026-01-23,Opus 4.5,no,src/components/StreakCard.jsx,"style={{ background: '#F59E0B', color: 'white' }}"
console-direct,81d303bb,2026-01-24,Opus 4.5,no,src/api/votesApi.js,"console.error('Error fetching reviews for dish:', error)"
console-direct,81d303bb,2026-01-24,Opus 4.5,no,src/api/votesApi.js,"console.error('Error fetching smart snippet:', error)"
console-direct,81d303bb,2026-01-24,Opus 4.5,no,src/components/DishCard.jsx,"console.error('Error fetching snippet:', error)"
console-direct,81d303bb,2026-01-24,Opus 4.5,no,src/pages/Dish.jsx,"console.error('Failed to fetch reviews:', error)"
tailwind-color-classes,81d303bb,2026-01-24,Opus 4.5,no,src/pages/Dish.jsx,"className=""w-8 h-8 rounded-full flex items-center justify-center text-white font-bold text-sm"""
hex-in-components,81d303bb,2026-01-24,Opus 4.5,no,src/components/ReviewFlow.jsx,"style={{ background: 'var(--color-primary)', color: '#1A1A1A' }}"
console-direct,f4d77eeb,2026-01-24,Opus 4.5,no,src/api/votesApi.js,"console.error('Error fetching reviews for dish:', error)"
console-direct,f4d77eeb,2026-01-24,Opus 4.5,no,src/api/votesApi.js,"console.error('Error fetching smart snippet:', error)"
tailwind-color-classes,7d116dbf,2026-01-24,Opus 4.5,no,src/components/PizzaRatingSlider.jsx,"<span className=""text-lg font-semibold text-neutral-900"">"
console-direct,cfb95e5e,2026-01-24,Opus 4.5,no,src/pages/Profile.jsx,"console.error('Failed to fetch reviews:', error)"
console-direct,cfb95e5e,2026-01-24,Opus 4.5,no,src/pages/Profile.jsx,"console.error('Failed to delete photo:', error)"
console-direct,cfb95e5e,2026-01-24,Opus 4.5,no,src/pages/UserProfile.jsx,"console.error('Failed to fetch reviews:', error)"
tailwind-color-classes,cfb95e5e,2026-01-24,Opus 4.5,no,src/components/Auth/WelcomeModal.jsx,"<span className=""text-xs font-medium text-emerald-700"">Good Here</span>"
tailwind-color-classes,cfb95e5e,2026-01-24,Opus 4.5,no,src/components/Auth/WelcomeModal.jsx,"<span className=""text-xs font-medium text-red-600"">Not Good</span>"
tailwind-color-classes,cfb95e5e,2026-01-24,Opus 4.5,no,src/pages/Profile.jsx,"className=""px-3 flex items-center justify-center hover:bg-red-50 transition-colors"""
tailwind-color-classes,cfb95e5e,2026-01-24,Opus 4.5,no,src/pages/Profile.jsx,"<svg xmlns=""http://www.w3.org/2000/svg"" viewBox=""0 0 20 20"" fill=""currentColor"" className=""w-5 h-5 text-red-500"">"
tailwind-color-classes,cfb95e5e,2026-01-24,Opus 4.5,no,src/pages/UserProfile.jsx,? 'text-white shadow-md'
tailwind-color-classes,cfb95e5e,2026-01-24,Opus 4.5,no,src/pages/UserProfile.jsx,activityTab === 'ratings' ? 'bg-white/20' : 'bg-black/10'
tailwind-color-classes,cfb95e5e,2026-01-24,Opus 4.5,no,src/pages/UserProfile.jsx,? 'text-white shadow-md'
tailwind-color-classes,cfb95e5e,2026-01-24,Opus 4.5,no,src/pages/UserProfile.jsx,activityTab === 'reviews' ? 'bg-white/20' : 'bg-black/10'
tailwind-color-classes,cfb95e5e,2026-01-24,Opus 4.5,no,src/pages/UserProfile.jsx,"className=""w-full py-3 text-center rounded-xl border-2 border-dashed hover:bg-white/5 transition-colors"""
tailwind-color-classes,cfb95e5e,2026-01-24,Opus 4.5,no,src/pages/UserProfile.jsx,"className=""w-full py-3 text-center rounded-xl border-2 border-dashed hover:bg-white/5 transition-colors"""
tailwind-color-classes,cfb95e5e,2026-01-24,Opus 4.5,no,src/pages/UserProfile.jsx,"<div className=""absolute inset-0 bg-black/60 backdrop-blur-sm"" />"
tailwind-color-classes,cfb95e5e,2026-01-24,Opus 4.5,no,src/pages/UserProfile.jsx,"className=""relative w-full sm:max-w-md mx-auto bg-white rounded-t-3xl sm:rounded-2xl overflow-hidden shadow-2xl max-h-[90vh] flex flex-col"""
tailwind-color-classes,cfb95e5e,2026-01-24,Opus 4.5,no,src/pages/UserProfile.jsx,"className=""absolute top-3 right-3 w-8 h-8 rounded-full flex items-center justify-center bg-black/50 text-white"""
tailwind-color-classes,cfb95e5e,2026-01-24,Opus 4.5,no,src/pages/UserProfile.jsx,"<div className=""absolute bottom-3 right-3 px-3 py-1.5 rounded-lg bg-black/60 backdrop-blur-sm"">"
tailwind-color-classes,cfb95e5e,2026-01-24,Opus 4.5,no,src/pages/UserProfile.jsx,"<span className=""text-sm text-white/70"">/10</span>"
tailwind-color-classes,cfb95e5e,2026-01-24,Opus 4.5,no,src/pages/UserProfile.jsx,"className=""w-full py-3 rounded-xl font-semibold text-white transition-colors"""
console-direct,714cde5e,2026-01-24,Opus 4.5,no,src/api/votesApi.js,"console.error('Error fetching reviews for user:', error)"
console-direct,714cde5e,2026-01-24,Opus 4.5,no,src/api/votesApi.js,"console.error('Error fetching reviews for user:', error)"
tailwind-color-classes,f534519d,2026-01-24,Opus 4.5,no,src/pages/Profile.jsx,"<div className=""w-20 h-20 rounded-full flex items-center justify-center text-white text-2xl font-bold shadow-lg"" style={{ background: 'var(--color-primary)' }}>"
tailwind-color-classes,f534519d,2026-01-24,Opus 4.5,no,src/pages/Profile.jsx,"className=""px-3 py-1.5 text-white rounded-lg text-sm font-medium disabled:opacity-50"""
hex-in-components,f534519d,2026-01-24,Opus 4.5,no,src/pages/Profile.jsx,"borderColor: nameStatus === 'taken' ? '#ef4444' : nameStatus === 'available' ? '#10b981' : 'var(--color-divider)',"
hex-in-components,f534519d,2026-01-24,Opus 4.5,no,src/pages/Profile.jsx,"<p className=""text-xs"" style={{ color: '#ef4444' }}>This username is already taken</p>"
hex-in-components,f534519d,2026-01-24,Opus 4.5,no,src/pages/Profile.jsx,"<p className=""text-xs"" style={{ color: '#10b981' }}>Username available!</p>"
console-direct,12c0a3b9,2026-01-24,Opus 4.5,no,src/api/followsApi.js,"console.error('Error counting followers for', user.display_name, countError)"
console-direct,12c0a3b9,2026-01-24,Opus 4.5,no,src/api/followsApi.js,"console.log('Live follower count for', user.display_name, ':', count)"
tailwind-color-classes,2da2253d,2026-01-24,Opus 4.5,no,src/components/DishCard.jsx,"<span className=""text-sm font-semibold text-white flex items-center gap-1"">"
tailwind-color-classes,2da2253d,2026-01-24,Opus 4.5,no,src/pages/Profile.jsx,"<div className=""w-12 h-12 rounded-full bg-white/20 flex items-center justify-center"">"
tailwind-color-classes,2da2253d,2026-01-24,Opus 4.5,no,src/pages/Profile.jsx,"<h3 className=""font-bold text-white text-lg"">"
tailwind-color-classes,2da2253d,2026-01-24,Opus 4.5,no,src/pages/Profile.jsx,"<p className=""text-white/80 text-sm"">"
tailwind-color-classes,2da2253d,2026-01-24,Opus 4.5,no,src/pages/Profile.jsx,"<svg className=""w-6 h-6 text-white/80"" fill=""none"" viewBox=""0 0 24 24"" stroke=""currentColor"">"
tailwind-color-classes,2da2253d,2026-01-24,Opus 4.5,no,src/pages/Profile.jsx,<span className={ratingDiff > 0 ? 'text-emerald-500' : 'text-red-400'}>
tailwind-color-classes,2da2253d,2026-01-24,Opus 4.5,no,src/pages/Profile.jsx,"className=""text-red-500 hover:text-red-600 transition-colors"""
hex-in-components,2da2253d,2026-01-24,Opus 4.5,no,src/pages/Profile.jsx,"background: 'linear-gradient(135deg, var(--color-primary) 0%, #ff8a3d 100%)',"
console-direct,565d89f2,2026-01-24,Opus 4.5,no,src/api/dishesApi.js,"console.error('Error searching dishes by name:', nameError)"
console-direct,a046996d,2026-01-24,Opus 4.5,no,src/api/dishesApi.js,"console.error('Error fetching dish variants:', error)"
console-direct,a046996d,2026-01-24,Opus 4.5,no,src/api/dishesApi.js,"console.error('Error checking for variants:', error)"
console-direct,a046996d,2026-01-24,Opus 4.5,no,src/api/dishesApi.js,"console.error('Error checking for variants:', error)"
console-direct,a046996d,2026-01-24,Opus 4.5,no,src/api/dishesApi.js,"console.error('Error fetching parent dish:', parentError)"
console-direct,a046996d,2026-01-24,Opus 4.5,no,src/api/dishesApi.js,"console.error('Error getting parent dish:', error)"
console-direct,a046996d,2026-01-24,Opus 4.5,no,src/api/dishesApi.js,"console.error('Error getting sibling variants:', error)"
console-direct,a046996d,2026-01-24,Opus 4.5,no,src/components/VariantPicker.jsx,"console.error('Error fetching variants:', err)"
console-direct,a046996d,2026-01-24,Opus 4.5,no,src/pages/Dish.jsx,"console.error('Failed to fetch variants:', err)"
console-direct,a046996d,2026-01-24,Opus 4.5,no,src/pages/Dish.jsx,"console.error('Failed to fetch sibling variants:', err)"
tailwind-color-classes,a046996d,2026-01-24,Opus 4.5,no,src/components/VariantPicker.jsx,"className=""w-full flex items-center justify-between p-3 text-left hover:bg-black/5 transition-colors"""
tailwind-color-classes,a046996d,2026-01-24,Opus 4.5,no,src/pages/Restaurants.jsx,? 'bg-red-500 text-white'
tailwind-color-classes,a046996d,2026-01-24,Opus 4.5,no,src/pages/Restaurants.jsx,: 'bg-neutral-100 text-neutral-400 hover:text-red-500'
render-error-object,a046996d,2026-01-24,Opus 4.5,no,src/components/VariantPicker.jsx,{error}
single-not-maybesingle,a046996d,2026-01-24,Opus 4.5,no,src/api/dishesApi.js,.single()
single-not-maybesingle,a046996d,2026-01-24,Opus 4.5,no,src/api/dishesApi.js,.single()
single-not-maybesingle,a046996d,2026-01-24,Opus 4.5,no,src/api/dishesApi.js,.single()
round-without-numeric,a046996d,2026-01-24,Opus 4.5,no,supabase/migrations/add-dish-variants.sql,"THEN ROUND(100.0 * COALESCE(vs.total_child_yes, dvs.direct_yes, 0) / COALESCE(vs.total_child_votes, dvs.direct_votes, 1))::INT"
round-without-numeric,a046996d,2026-01-24,Opus 4.5,no,supabase/migrations/add-dish-variants.sql,"THEN ROUND(100.0 * COALESCE(vs.total_child_yes, dvs.direct_yes, 0) / COALESCE(vs.total_child_votes, dvs.direct_votes, 1))"
round-without-numeric,a046996d,2026-01-24,Opus 4.5,no,supabase/migrations/add-dish-variants.sql,THEN ROUND(100.0 * SUM(CASE WHEN v.would_order_again THEN 1 ELSE 0 END) / COUNT(v.id))::INT
round-without-numeric,a046996d,2026-01-24,Opus 4.5,no,supabase/migrations/add-dish-variants.sql,"THEN ROUND(100.0 * COALESCE(vs.total_child_yes, SUM(CASE WHEN v.would_order_again THEN 1 ELSE 0 END)) / COALESCE(vs.total_child_votes, COUNT(v.id)))::INT"
round-without-numeric,a046996d,2026-01-24,Opus 4.5,no,supabase/migrations/add-dish-variants.sql,ROUND((
round-without-numeric,a046996d,2026-01-24,Opus 4.5,no,supabase/migrations/add-tags-cuisine-to-ranked-dishes.sql,THEN ROUND(100.0 * SUM(CASE WHEN v.would_order_again THEN 1 ELSE 0 END) / COUNT(v.id))::INT
round-without-numeric,a046996d,2026-01-24,Opus 4.5,no,supabase/migrations/add-tags-cuisine-to-ranked-dishes.sql,ROUND((
tailwind-color-classes,88219da2,2026-01-24,Opus 4.5,no,src/components/profile/EditFavoritesSection.jsx,"className=""flex-1 px-4 py-2 text-white font-medium rounded-xl transition-colors disabled:opacity-50"""
tailwind-color-classes,88219da2,2026-01-24,Opus 4.5,no,src/components/profile/HeroIdentityCard.jsx,"<div className=""w-20 h-20 rounded-full flex items-center justify-center text-white text-2xl font-bold shadow-lg"" style={{ background: 'var(--color-primary)' }}>"
tailwind-color-classes,88219da2,2026-01-24,Opus 4.5,no,src/components/profile/HeroIdentityCard.jsx,"className=""px-3 py-1.5 text-white rounded-lg text-sm font-medium disabled:opacity-50"""
tailwind-color-classes,88219da2,2026-01-24,Opus 4.5,no,src/components/profile/ReviewDetailModal.jsx,"<div className=""absolute inset-0 bg-black/60 backdrop-blur-sm"" />"
tailwind-color-classes,88219da2,2026-01-24,Opus 4.5,no,src/components/profile/ReviewDetailModal.jsx,"className=""relative w-full sm:max-w-md mx-auto bg-white rounded-t-3xl sm:rounded-2xl overflow-hidden shadow-2xl max-h-[90vh] flex flex-col"""
tailwind-color-classes,88219da2,2026-01-24,Opus 4.5,no,src/components/profile/ReviewDetailModal.jsx,"className=""absolute top-3 right-3 w-8 h-8 rounded-full flex items-center justify-center bg-black/50 text-white"""
tailwind-color-classes,88219da2,2026-01-24,Opus 4.5,no,src/components/profile/ReviewDetailModal.jsx,"<div className=""absolute bottom-3 right-3 px-3 py-1.5 rounded-lg bg-black/60 backdrop-blur-sm"">"
tailwind-color-classes,88219da2,2026-01-24,Opus 4.5,no,src/components/profile/ReviewDetailModal.jsx,"<span className=""text-sm text-white/70"">/10</span>"
tailwind-color-classes,88219da2,2026-01-24,Opus 4.5,no,src/components/profile/ReviewDetailModal.jsx,"className=""w-full py-3 rounded-xl font-semibold text-white transition-colors"""
tailwind-color-classes,88219da2,2026-01-24,Opus 4.5,no,src/components/profile/UnratedDishCard.jsx,"<div className=""absolute bottom-1 left-1 bg-black/60 text-white text-xs px-1.5 py-0.5 rounded flex items-center gap-1"">"
tailwind-color-classes,88219da2,2026-01-24,Opus 4.5,no,src/components/profile/UnratedDishCard.jsx,"className=""px-3 flex items-center justify-center hover:bg-red-50 transition-colors"""
tailwind-color-classes,88219da2,2026-01-24,Opus 4.5,no,src/components/profile/UnratedDishCard.jsx,"<svg xmlns=""http://www.w3.org/2000/svg"" viewBox=""0 0 20 20"" fill=""currentColor"" className=""w-5 h-5 text-red-500"">"
tailwind-color-classes,88219da2,2026-01-24,Opus 4.5,no,src/components/profile/VotedDishCard.jsx,<span className={ownRatingDiff > 0 ? 'text-emerald-500' : 'text-red-400'}>
tailwind-color-classes,88219da2,2026-01-24,Opus 4.5,no,src/components/profile/VotedDishCard.jsx,"className=""text-red-500 hover:text-red-600 transition-colors"""
hex-in-components,88219da2,2026-01-24,Opus 4.5,no,src/components/profile/HeroIdentityCard.jsx,"borderColor: nameStatus === 'taken' ? '#ef4444' : nameStatus === 'available' ? '#10b981' : 'var(--color-divider)',"
hex-in-components,88219da2,2026-01-24,Opus 4.5,no,src/components/profile/HeroIdentityCard.jsx,"<p className=""text-xs"" style={{ color: '#ef4444' }}>This username is already taken</p>"
hex-in-components,88219da2,2026-01-24,Opus 4.5,no,src/components/profile/HeroIdentityCard.jsx,"<p className=""text-xs"" style={{ color: '#10b981' }}>Username available!</p>"
tailwind-color-classes,2252d44d,2026-01-24,Opus 4.5,no,src/components/home/RankedDishRow.jsx,"<svg className=""w-2.5 h-2.5 text-white"" fill=""currentColor"" viewBox=""0 0 20 20"">"
hex-in-components,2252d44d,2026-01-24,Opus 4.5,no,src/components/home/BadgesInfoCard.jsx,"background: 'linear-gradient(135deg, #FFF7ED 0%, #FFEDD5 100%)',"
hex-in-components,2252d44d,2026-01-24,Opus 4.5,no,src/components/home/BadgesInfoCard.jsx,"border: '1px solid #FED7AA',"
hex-in-components,2252d44d,2026-01-24,Opus 4.5,no,src/components/home/BadgesInfoCard.jsx,"border: badge.public ? '1px solid #FB923C' : '1px solid #E5E7EB',"
hex-in-components,2252d44d,2026-01-24,Opus 4.5,no,src/components/home/BadgesInfoCard.jsx,"style={{ background: 'white', border: '1px solid #E5E7EB' }}"
hex-in-components,2252d44d,2026-01-24,Opus 4.5,no,src/components/home/RankedDishRow.jsx,"style={{ background: 'var(--color-warning, #f59e0b)' }}"
hex-in-components,2252d44d,2026-01-24,Opus 4.5,no,src/components/home/Top10Sidebar.jsx,"background: activeTab === 'personal' ? '#FCD34D' : 'var(--color-surface-elevated)',"
hex-in-components,2252d44d,2026-01-24,Opus 4.5,no,src/components/home/Top10Sidebar.jsx,"color: activeTab === 'personal' ? '#1F1F1F' : 'var(--color-text-secondary)',"
tailwind-color-classes,5d4e34ec,2026-01-24,Opus 4.5,no,src/components/restaurants/TopDishCard.jsx,? 'bg-red-500 text-white'
tailwind-color-classes,5d4e34ec,2026-01-24,Opus 4.5,no,src/components/restaurants/TopDishCard.jsx,: 'bg-neutral-100 text-neutral-400 hover:text-red-500'
hex-in-components,5d4e34ec,2026-01-24,Opus 4.5,no,src/components/browse/CategoryGrid.jsx,"background: 'linear-gradient(180deg, #1a1a1a 0%, #151515 50%, #121212 100%)',"
hex-in-components,5d4e34ec,2026-01-24,Opus 4.5,no,src/components/browse/SearchAutocomplete.jsx,color: suggestion.type === 'dish' ? 'var(--color-primary)' : '#60A5FA'
console-direct,41acefe4,2026-01-24,Opus 4.5,no,src/lib/storage.js,"console.warn('Unable to read pending vote from storage', error)"
console-direct,41acefe4,2026-01-24,Opus 4.5,no,src/lib/storage.js,"console.warn('Unable to persist pending vote to storage', error)"
console-direct,41acefe4,2026-01-24,Opus 4.5,no,src/lib/storage.js,"console.warn('Unable to clear pending vote from storage', error)"
console-direct,81694615,2026-01-24,Opus 4.5,no,src/api/favoritesApi.js,"console.error('Error fetching favorites:', error)"
console-direct,81694615,2026-01-24,Opus 4.5,no,src/hooks/useFavorites.js,"console.error('Error fetching favorites:', err)"
console-direct,81694615,2026-01-24,Opus 4.5,no,src/hooks/useFavorites.js,"console.error('Error refetching favorites:', err)"
console-direct,f80bb359,2026-01-25,Opus 4.5,no,src/api/dishesApi.js,"console.error('Error searching dishes by cuisine:', cuisineError)"
console-direct,f80bb359,2026-01-25,Opus 4.5,no,src/api/dishesApi.js,"console.error('Error searching dishes by tags:', tagError)"
tailwind-color-classes,0c6d6d52,2026-01-25,Opus 4.5,no,src/components/Auth/LoginModal.jsx,"<div className=""absolute inset-0 bg-neutral-900/60 backdrop-blur-sm"" aria-hidden=""true"" />"
tailwind-color-classes,0c6d6d52,2026-01-25,Opus 4.5,no,src/components/FollowListModal.jsx,"<div className=""absolute inset-0 bg-black/60"" aria-hidden=""true"" />"
tailwind-color-classes,0c6d6d52,2026-01-25,Opus 4.5,no,src/components/profile/ReviewDetailModal.jsx,"<div className=""absolute inset-0 bg-black/60 backdrop-blur-sm"" aria-hidden=""true"" />"
tailwind-color-classes,0c6d6d52,2026-01-25,Opus 4.5,no,src/components/profile/ReviewDetailModal.jsx,"className=""absolute top-3 right-3 w-[38px] h-[38px] rounded-full flex items-center justify-center bg-black/50 text-white"""
tailwind-color-classes,0c6d6d52,2026-01-25,Opus 4.5,no,src/pages/Browse.jsx,"<p role=""alert"" className=""text-sm text-red-600 mb-4"">{error}</p>"
hex-in-components,0c6d6d52,2026-01-25,Opus 4.5,no,src/components/Auth/LoginModal.jsx,"<p id=""username-status"" className=""text-xs mt-1"" style={{ color: '#ef4444' }} role=""alert"">This username is taken</p>"
hex-in-components,0c6d6d52,2026-01-25,Opus 4.5,no,src/components/Auth/LoginModal.jsx,"<p id=""username-status"" className=""text-xs mt-1"" style={{ color: '#10b981' }}>Username available!</p>"
render-error-object,0c6d6d52,2026-01-25,Opus 4.5,yes,src/pages/Browse.jsx,"<p role=""alert"" className=""text-sm text-red-600 mb-4"">{error}</p>"
localstorage-direct,a79ed651,2026-01-25,Opus 4.5,yes,src/context/AuthContext.jsx,localStorage.removeItem('whats-good-here-email')
console-direct,89eb5817,2026-01-25,Opus 4.5,yes,src/components/BrowseCard.jsx,console.error('BrowseCard received null/undefined dish')
console-direct,89eb5817,2026-01-25,Opus 4.5,yes,src/components/VirtualizedDishList.jsx,"console.error('VirtualizedDishList received non-array dishes:', dishes)"
console-direct,d31a6852,2026-01-25,Opus 4.5,yes,src/components/VirtualizedDishList.jsx,"console.error('VirtualizedDishList received non-array dishes:', dishes)"
console-direct,975bf48a,2026-01-25,Opus 4.5,yes,src/hooks/useDishSearch.js,"console.log('useDishSearch:', {"
console-direct,975bf48a,2026-01-25,Opus 4.5,yes,src/pages/Browse.jsx,"console.log('filteredDishes calculating:', {"
console-direct,975bf48a,2026-01-25,Opus 4.5,yes,src/pages/Browse.jsx,"console.error('Source is not an array:', source)"
console-direct,739c182a,2026-01-25,Opus 4.5,yes,src/components/BrowseCard.jsx,"console.log('BrowseCard rendering:', { dish_id: dish.dish_id, dish_name: dish.dish_name, photo_url: dish.photo_url, category: dish.category })"
tailwind-color-classes,bcebae54,2026-01-25,Opus 4.5,no,src/pages/Browse.jsx,"<p role=""alert"" className=""text-sm text-red-600 mb-4"">{error?.message || 'Something went wrong'}</p>"
tailwind-color-classes,c430cff0,2026-01-25,Opus 4.5,no,src/components/BrowseCard.jsx,? 'bg-black/70 backdrop-blur-sm'
tailwind-color-classes,c430cff0,2026-01-25,Opus 4.5,no,src/components/BrowseCard.jsx,: 'bg-black/50 backdrop-blur-sm opacity-70 hover:opacity-100'
tailwind-color-classes,c430cff0,2026-01-25,Opus 4.5,no,src/components/profile/RevealNotification.jsx,"className=""p-1 -m-1 rounded-full hover:bg-black/5"""
hex-in-components,c430cff0,2026-01-25,Opus 4.5,no,src/components/profile/CategoryBiasBreakdown.jsx,if (bias < -1) return '#ef4444'
hex-in-components,c430cff0,2026-01-25,Opus 4.5,no,src/components/profile/CategoryBiasBreakdown.jsx,if (bias < 0) return '#f97316'
hex-in-components,c430cff0,2026-01-25,Opus 4.5,no,src/components/profile/CategoryBiasBreakdown.jsx,if (bias > 1) return '#10b981'
hex-in-components,c430cff0,2026-01-25,Opus 4.5,no,src/components/profile/CategoryBiasBreakdown.jsx,if (bias > 0) return '#22c55e'
hex-in-components,c430cff0,2026-01-25,Opus 4.5,no,src/components/profile/RatingIdentityCard.jsx,if (bias < -1) return '#ef4444' // Red for harsh critics
hex-in-components,c430cff0,2026-01-25,Opus 4.5,no,src/components/profile/RatingIdentityCard.jsx,if (bias < 0) return '#f97316' // Orange for somewhat harsh
hex-in-components,c430cff0,2026-01-25,Opus 4.5,no,src/components/profile/RatingIdentityCard.jsx,if (bias > 1) return '#10b981' // Green for generous
hex-in-components,c430cff0,2026-01-25,Opus 4.5,no,src/components/profile/RatingIdentityCard.jsx,if (bias > 0) return '#22c55e' // Light green for somewhat generous
hex-in-components,c430cff0,2026-01-25,Opus 4.5,no,src/components/profile/RevealNotification.jsx,if (deviation < 0) return '#f97316' // Orange for below consensus
hex-in-components,c430cff0,2026-01-25,Opus 4.5,no,src/components/profile/RevealNotification.jsx,return '#10b981' // Green for above consensus
round-without-numeric,c430cff0,2026-01-25,Opus 4.5,no,supabase/migrations/add-rating-identity-system.sql,"SELECT COUNT(*), ROUND(AVG(rating_10), 1)"
round-without-numeric,c430cff0,2026-01-25,Opus 4.5,no,supabase/migrations/add-rating-identity-system.sql,"user_deviation := ROUND(v.rating_10 - avg_rating, 1);"
round-without-numeric,c430cff0,2026-01-25,Opus 4.5,no,supabase/migrations/add-rating-identity-system.sql,"ROUND(AVG(votes.rating_10 - d.consensus_rating), 1)"
round-without-numeric,c430cff0,2026-01-25,Opus 4.5,no,supabase/migrations/add-rating-identity-system.sql,"SELECT to_jsonb(ROUND(AVG(votes.rating_10 - d.consensus_rating), 1))"
tailwind-color-classes,f35c8eab,2026-01-25,Opus 4.5,no,src/components/profile/RatingIdentityCard.jsx,"className=""block p-4 rounded-2xl border transition-colors hover:bg-white/5"""
tailwind-color-classes,f35c8eab,2026-01-25,Opus 4.5,no,src/pages/RatingStyle.jsx,"className=""p-2 -ml-2 rounded-full hover:bg-white/10 transition-colors"""
tailwind-color-classes,f35c8eab,2026-01-25,Opus 4.5,no,src/pages/RatingStyle.jsx,"<div className=""w-8 h-8 rounded-full flex items-center justify-center text-white font-bold"" style={{ background: 'var(--color-primary)' }}>1</div>"
tailwind-color-classes,f35c8eab,2026-01-25,Opus 4.5,no,src/pages/RatingStyle.jsx,"<div className=""w-8 h-8 rounded-full flex items-center justify-center text-white font-bold"" style={{ background: 'var(--color-primary)' }}>2</div>"
tailwind-color-classes,f35c8eab,2026-01-25,Opus 4.5,no,src/pages/RatingStyle.jsx,"<div className=""w-8 h-8 rounded-full flex items-center justify-center text-white font-bold"" style={{ background: 'var(--color-primary)' }}>3</div>"
tailwind-color-classes,f35c8eab,2026-01-25,Opus 4.5,no,src/pages/UserProfile.jsx,"className=""inline-flex items-center gap-2 mt-1.5 px-3 py-1.5 rounded-full border transition-colors hover:bg-white/5"""
hex-in-components,f35c8eab,2026-01-25,Opus 4.5,no,src/pages/RatingStyle.jsx,"{ range: '−2.5 or less', label: 'Brutal Critic', color: '#ef4444', description: 'Rates dishes much lower than most people' },"
hex-in-components,f35c8eab,2026-01-25,Opus 4.5,no,src/pages/RatingStyle.jsx,"{ range: '−1.5 to −2.4', label: 'Tough Critic', color: '#f97316', description: 'Has high standards, rates below average' },"
hex-in-components,f35c8eab,2026-01-25,Opus 4.5,no,src/pages/RatingStyle.jsx,"{ range: '−0.5 to −1.4', label: 'Discerning', color: '#fb923c', description: 'Slightly pickier than the crowd' },"
hex-in-components,f35c8eab,2026-01-25,Opus 4.5,no,src/pages/RatingStyle.jsx,"{ range: '−0.4 to +0.4', label: 'Fair Judge', color: '#a3a3a3', description: 'Rates dishes close to the consensus' },"
hex-in-components,f35c8eab,2026-01-25,Opus 4.5,no,src/pages/RatingStyle.jsx,"{ range: '+0.5 to +1.4', label: 'Generous', color: '#4ade80', description: 'Tends to rate a bit higher than most' },"
hex-in-components,f35c8eab,2026-01-25,Opus 4.5,no,src/pages/RatingStyle.jsx,"{ range: '+1.5 to +2.4', label: 'Loves Everything', color: '#22c55e', description: 'Very positive rater, sees the best in dishes' },"
hex-in-components,f35c8eab,2026-01-25,Opus 4.5,no,src/pages/RatingStyle.jsx,"{ range: '+2.5 or more', label: 'Eternal Optimist', color: '#10b981', description: 'Rates dishes much higher than most people' },"
hex-in-components,f35c8eab,2026-01-25,Opus 4.5,no,src/pages/RatingStyle.jsx,style={{ color: ratingIdentity.ratingBias < 0 ? '#f97316' : ratingIdentity.ratingBias > 0 ? '#22c55e' : 'var(--color-text-secondary)' }}
hex-in-components,f35c8eab,2026-01-25,Opus 4.5,no,src/pages/RatingStyle.jsx,"<strong style={{ color: 'var(--color-text-primary)' }}>Example:</strong> If a dish has a consensus of 7.5 and you rated it 6.5, your deviation for that dish is "
hex-in-components,f35c8eab,2026-01-25,Opus 4.5,no,src/pages/UserProfile.jsx,style={{ color: ratingIdentity.ratingBias < 0 ? '#f97316' : ratingIdentity.ratingBias > 0 ? '#22c55e' : 'var(--color-text-secondary)' }}
round-without-numeric,f35c8eab,2026-01-25,Opus 4.5,no,supabase/migrations/dynamic-rating-bias-calculation.sql,"ROUND(AVG(v.rating_10 - d.avg_rating), 1),"
round-without-numeric,f35c8eab,2026-01-25,Opus 4.5,no,supabase/migrations/dynamic-rating-bias-calculation.sql,"ROUND(AVG(v.rating_10 - d.avg_rating), 1) as bias"
round-without-numeric,f35c8eab,2026-01-25,Opus 4.5,no,supabase/migrations/dynamic-rating-bias-calculation.sql,"ROUND(AVG(rating_10), 1) as avg_r,"
round-without-numeric,f35c8eab,2026-01-25,Opus 4.5,no,supabase/migrations/fix-consensus-trigger-ambiguity.sql,"SELECT COUNT(*), ROUND(AVG(rating_10), 1)"
round-without-numeric,f35c8eab,2026-01-25,Opus 4.5,no,supabase/migrations/fix-consensus-trigger-ambiguity.sql,"user_deviation := ROUND(v.rating_10 - consensus_avg, 1);"
round-without-numeric,f35c8eab,2026-01-25,Opus 4.5,no,supabase/migrations/fix-consensus-trigger-ambiguity.sql,"SELECT ROUND(AVG(votes.rating_10 - d.consensus_rating), 1)"
round-without-numeric,f35c8eab,2026-01-25,Opus 4.5,no,supabase/migrations/fix-consensus-trigger-ambiguity.sql,"SELECT to_jsonb(ROUND(AVG(votes.rating_10 - d.consensus_rating), 1))"
round-without-numeric,f35c8eab,2026-01-25,Opus 4.5,no,supabase/migrations/fix-get-ranked-dishes-add-avg-rating.sql,THEN ROUND(100.0 * SUM(CASE WHEN v.would_order_again THEN 1 ELSE 0 END) / COUNT(v.id))::INT
round-without-numeric,f35c8eab,2026-01-25,Opus 4.5,no,supabase/migrations/fix-get-ranked-dishes-add-avg-rating.sql,ROUND((
round-without-numeric,f35c8eab,2026-01-25,Opus 4.5,no,supabase/migrations/fix-rating-identity-null-category.sql,"ROUND(AVG(v.rating_10 - d.avg_rating), 1),"
round-without-numeric,f35c8eab,2026-01-25,Opus 4.5,no,supabase/migrations/fix-rating-identity-null-category.sql,"ROUND(AVG(v.rating_10 - d.avg_rating), 1) as bias"
localstorage-direct,67a50108,2026-01-26,Opus 4.5,yes,src/context/LocationContext.jsx,const saved = localStorage.getItem(RADIUS_STORAGE_KEY)
localstorage-direct,67a50108,2026-01-26,Opus 4.5,yes,src/context/LocationContext.jsx,"localStorage.setItem(RADIUS_STORAGE_KEY, String(newRadius))"
round-without-numeric,67a50108,2026-01-26,Opus 4.5,no,supabase/migrations/fix-exclude-closed-restaurants.sql,THEN ROUND(100.0 * SUM(CASE WHEN v.would_order_again THEN 1 ELSE 0 END) / COUNT(v.id))::INT
round-without-numeric,67a50108,2026-01-26,Opus 4.5,no,supabase/migrations/fix-exclude-closed-restaurants.sql,ROUND((
console-direct,1260edd2,2026-01-26,none,yes,src/pages/Home.jsx,"console.log('[Home] Using radius:', radius, 'localStorage:', localStorage.getItem('wgh_radius'))"
localstorage-direct,1260edd2,2026-01-26,none,yes,src/pages/Home.jsx,"console.log('[Home] Using radius:', radius, 'localStorage:', localStorage.getItem('wgh_radius'))"
console-direct,c366e34f,2026-01-26,none,yes,src/context/LocationContext.jsx,"console.log('[getSavedRadius] localStorage value:', saved, 'type:', typeof saved)"
console-direct,c366e34f,2026-01-26,none,yes,src/context/LocationContext.jsx,"console.log('[getSavedRadius] parsed:', parsed)"
console-direct,c366e34f,2026-01-26,none,yes,src/context/LocationContext.jsx,"console.log('[getSavedRadius] returning:', parsed)"
console-direct,c366e34f,2026-01-26,none,yes,src/context/LocationContext.jsx,"console.log('[getSavedRadius] error:', e)"
console-direct,c366e34f,2026-01-26,none,yes,src/context/LocationContext.jsx,console.log('[getSavedRadius] returning default: 5')
console-direct,d4f723b3,2026-01-26,none,yes,src/context/LocationContext.jsx,"console.log('[LocationProvider init] localStorage wgh_radius:', saved)"
console-direct,d4f723b3,2026-01-26,none,yes,src/context/LocationContext.jsx,"console.log('[LocationProvider init] using saved radius:', parsed)"
console-direct,d4f723b3,2026-01-26,none,yes,src/context/LocationContext.jsx,console.log('[LocationProvider init] using default: 5')
localstorage-direct,d4f723b3,2026-01-26,none,yes,src/context/LocationContext.jsx,const saved = localStorage.getItem(RADIUS_STORAGE_KEY)
console-direct,ee572bb6,2026-01-26,none,yes,src/context/LocationContext.jsx,"console.log('[LocationProvider] current radius state:', radius)"
console-direct,ee572bb6,2026-01-26,none,yes,src/context/LocationContext.jsx,"console.log('[setRadius] called with:', newRadius)"
console-direct,ee572bb6,2026-01-26,none,yes,src/context/LocationContext.jsx,"console.log('[setRadius] prevRadius:', prevRadius, '-> newRadius:', newRadius)"
console-direct,8b43fb08,2026-01-26,none,yes,src/api/dishesApi.js,"console.log('[dishesApi.getRankedDishes] SENDING TO DB:', { lat, lng, radiusMiles, category })"
console-direct,8b43fb08,2026-01-26,none,yes,src/api/dishesApi.js,"console.log('[dishesApi.getRankedDishes] GOT RESULTS:', data?.length, 'dishes')"
console-direct,8b43fb08,2026-01-26,none,yes,src/hooks/useDishes.js,"console.log('[useDishes] called with radius:', radius, 'location:', location?.lat, location?.lng)"
console-direct,8b43fb08,2026-01-26,none,yes,src/hooks/useDishes.js,"console.log('[useDishes] queryKey:', queryKey)"
localstorage-direct,2b8a4838,2026-01-26,none,yes,src/pages/Home.jsx,const debugInfo = `Radius in context: ${radius} | localStorage: ${localStorage.getItem('wgh_radius')} | Total dishes fetched: ${dishes?.length || 0}`
hex-in-components,2b8a4838,2026-01-26,none,no,src/pages/Home.jsx,"<div className=""px-4 py-2 text-xs font-mono"" style={{ background: '#ff0', color: '#000' }}>"
localstorage-direct,b75d2fac,2026-01-26,Opus 4.5,yes,src/context/LocationContext.jsx,const saved = localStorage.getItem(RADIUS_STORAGE_KEY)
tailwind-color-classes,22d13018,2026-01-26,Opus 4.5,no,src/components/LocationPicker.jsx,"className=""absolute inset-0 bg-black/50 backdrop-blur-sm"""
tailwind-color-classes,22d13018,2026-01-26,Opus 4.5,no,src/components/LocationPicker.jsx,<span className={radius === r ? 'text-white' : ''}>
tailwind-color-classes,4dac2b4f,2026-01-26,Opus 4.5,no,src/components/BrowseCard.jsx,? 'bg-black/90 backdrop-blur-sm ring-2 ring-[var(--color-primary)]/50'
tailwind-color-classes,4dac2b4f,2026-01-26,Opus 4.5,no,src/components/BrowseCard.jsx,: 'bg-black/60 backdrop-blur-sm hover:bg-black/80'
tailwind-color-classes,4dac2b4f,2026-01-26,Opus 4.5,no,src/components/DishCard.jsx,? 'bg-black/90 backdrop-blur-sm ring-2 ring-[var(--color-primary)]/50'
tailwind-color-classes,4dac2b4f,2026-01-26,Opus 4.5,no,src/components/DishCard.jsx,: 'bg-black/60 backdrop-blur-sm hover:bg-black/80'
tailwind-color-classes,aa56ae51,2026-01-27,Opus 4.5,no,src/components/Auth/WelcomeModal.jsx,"<span className=""text-xs font-medium text-emerald-400"">Good Here</span>"
tailwind-color-classes,aa56ae51,2026-01-27,Opus 4.5,no,src/components/Auth/WelcomeModal.jsx,"<span className=""text-xs font-medium text-red-400"">Not Good</span>"
tailwind-color-classes,aa56ae51,2026-01-27,Opus 4.5,no,src/components/Auth/WelcomeModal.jsx,"<span className=""text-xs font-medium text-amber-400"">Rate 1-10</span>"
hex-in-components,aa56ae51,2026-01-27,Opus 4.5,no,src/components/Auth/WelcomeModal.jsx,"style={{ background: 'var(--color-primary)', color: '#1A1A1A' }}"
hex-in-components,aa56ae51,2026-01-27,Opus 4.5,no,src/components/Auth/WelcomeModal.jsx,"style={{ background: 'var(--color-primary)', color: '#1A1A1A' }}"
tailwind-color-classes,011ea6f8,2026-01-27,Opus 4.5,no,src/components/Auth/WelcomeModal.jsx,"<div className=""absolute inset-0 bg-neutral-900/60 backdrop-blur-sm pointer-events-none"" />"
hex-in-components,011ea6f8,2026-01-27,Opus 4.5,no,src/components/Auth/WelcomeModal.jsx,"style={{ animationDelay: '0.1s', background: '#1A1A1A' }}"
hex-in-components,2e2eb767,2026-01-27,Opus 4.5,no,src/components/WelcomeSplash.jsx,"background: '#0d1b2a',"
hex-in-components,62bb28b2,2026-01-27,Opus 4.5,no,src/components/CategoryImageCard.jsx,style={{ background: '#0d1b2a' }}
hex-in-components,62bb28b2,2026-01-27,Opus 4.5,no,src/components/PlateIcon.jsx,"background: '#0d1b2a',"
hex-in-components,62bb28b2,2026-01-27,Opus 4.5,no,src/components/browse/CategoryGrid.jsx,"background: 'linear-gradient(180deg, #1b3a4b 0%, #132a38 50%, #0d1b2a 100%)',"
hex-in-components,62bb28b2,2026-01-27,Opus 4.5,no,src/pages/Browse.jsx,"background: 'linear-gradient(180deg, #1b3a4b 0%, #132a38 50%, #0d1b2a 100%)',"
hex-in-components,a238eb56,2026-01-27,Opus 4.5,no,src/pages/Restaurants.jsx,"<div className=""min-h-screen"" style={{ background: 'linear-gradient(180deg, var(--color-surface) 0%, #0d1b2a 100%)' }}>"
console-direct,5ddc3db9,2026-01-27,Opus 4.5,yes,src/components/WelcomeSplash.jsx,"onError={(e) => console.error('Splash image failed to load:', e)}"
hex-in-components,5ddc3db9,2026-01-27,Opus 4.5,no,src/components/CategoryImageCard.jsx,style={{ background: '#0D1B22' }}
hex-in-components,5ddc3db9,2026-01-27,Opus 4.5,no,src/components/PlateIcon.jsx,"background: '#0D1B22',"
hex-in-components,5ddc3db9,2026-01-27,Opus 4.5,no,src/components/WelcomeSplash.jsx,"background: '#0D1B22',"
hex-in-components,5ddc3db9,2026-01-27,Opus 4.5,no,src/components/browse/CategoryGrid.jsx,"background: 'linear-gradient(180deg, #1A3A42 0%, #122830 50%, #0D1B22 100%)',"
hex-in-components,5ddc3db9,2026-01-27,Opus 4.5,no,src/pages/Browse.jsx,"background: 'linear-gradient(180deg, #1A3A42 0%, #122830 50%, #0D1B22 100%)',"
hex-in-components,5ddc3db9,2026-01-27,Opus 4.5,no,src/pages/Restaurants.jsx,"<div className=""min-h-screen"" style={{ background: 'linear-gradient(180deg, var(--color-surface) 0%, #0D1B22 100%)' }}>"
hex-in-components,4d98c638,2026-01-28,Opus 4.5,no,src/pages/Browse.jsx,"style={{ background: 'var(--color-primary)', color: '#1A1A1A' }}"
hex-in-components,f96a8ada,2026-01-28,Opus 4.5,no,src/components/home/Top10Compact.jsx,"color: activeTab === 'personal' ? '#1F1F1F' : 'var(--color-text-secondary)',"
hex-in-components,f96a8ada,2026-01-28,Opus 4.5,no,src/pages/Home.jsx,"background: 'linear-gradient(180deg, #1A3A42 0%, #122830 50%, #0D1B22 100%)',"
localstorage-direct,06687deb,2026-01-28,Opus 4.5,yes,src/context/LocationContext.jsx,const saved = localStorage.getItem(TOWN_STORAGE_KEY)
localstorage-direct,06687deb,2026-01-28,Opus 4.5,yes,src/context/LocationContext.jsx,"localStorage.setItem(TOWN_STORAGE_KEY, newTown || '')"
hex-in-components,3c0b5911,2026-01-28,Opus 4.5,no,src/components/TownPicker.jsx,"style={{ color: 'var(--color-accent-gold, #D9A765)' }}"
hex-in-components,9f33bc65,2026-01-28,Opus 4.5,no,src/components/RestaurantAvatar.jsx,"'Oak Bluffs': { bg: '#3D5A80', text: '#F5E6D3' },      // Blue collar denim blue"
hex-in-components,9f33bc65,2026-01-28,Opus 4.5,no,src/components/RestaurantAvatar.jsx,"'Edgartown': { bg: '#8B2942', text: '#F5E6D3' },       // Fancy lobster red"
hex-in-components,9f33bc65,2026-01-28,Opus 4.5,no,src/components/RestaurantAvatar.jsx,"'Vineyard Haven': { bg: '#8E7F6D', text: '#F5E6D3' },  // Quiet, warm sand/driftwood"
hex-in-components,9f33bc65,2026-01-28,Opus 4.5,no,src/components/RestaurantAvatar.jsx,"'West Tisbury': { bg: '#4A5D4A', text: '#F5E6D3' },    // Rural forest green"
hex-in-components,9f33bc65,2026-01-28,Opus 4.5,no,src/components/RestaurantAvatar.jsx,"'Chilmark': { bg: '#6B5344', text: '#F5E6D3' },        // Rustic pastoral brown"
hex-in-components,9f33bc65,2026-01-28,Opus 4.5,no,src/components/RestaurantAvatar.jsx,"const AQUINNAH_GRADIENT = 'linear-gradient(135deg, #C45C3E 0%, #D4883B 25%, #E8C87A 50%, #F5E6D3 75%, #8B7355 100%)'"
hex-in-components,9f33bc65,2026-01-28,Opus 4.5,no,src/components/RestaurantAvatar.jsx,"const DEFAULT_COLOR = { bg: '#5C6B73', text: '#F5E6D3' } // Slate"
hex-in-components,9f33bc65,2026-01-28,Opus 4.5,no,src/components/RestaurantAvatar.jsx,"return { bg: AQUINNAH_GRADIENT, text: '#2C2416', isGradient: true }"
hex-in-components,6c43a98f,2026-01-28,Opus 4.5,no,src/components/RestaurantAvatar.jsx,"const AQUINNAH_GRADIENT = 'linear-gradient(135deg, #8B1E3F 0%, #D4573B 20%, #E8923B 40%, #D4A849 55%, #F5F0E6 70%, #6B4423 85%, #4A2040 100%)'"
single-not-maybesingle,1af076f8,2026-01-29,Opus 4.5,no,src/api/specialsApi.js,.single()
single-not-maybesingle,1af076f8,2026-01-29,Opus 4.5,no,src/api/specialsApi.js,.single()
tailwind-color-classes,c4b97788,2026-01-29,Opus 4.5,no,src/components/BrowseCard.jsx,? 'bg-black/90 backdrop-blur-sm ring-2 ring-[var(--color-primary)]/50'
tailwind-color-classes,c4b97788,2026-01-29,Opus 4.5,no,src/components/BrowseCard.jsx,: 'bg-black/60 backdrop-blur-sm hover:bg-black/80'
tailwind-color-classes,c4b97788,2026-01-29,Opus 4.5,no,src/components/DishCard.jsx,? 'bg-black/90 backdrop-blur-sm ring-2 ring-[var(--color-primary)]/50'
tailwind-color-classes,c4b97788,2026-01-29,Opus 4.5,no,src/components/DishCard.jsx,: 'bg-black/60 backdrop-blur-sm hover:bg-black/80'
tailwind-color-classes,066f78a8,2026-01-29,Opus 4.5,no,src/components/profile/HeroIdentityCard.jsx,"className=""w-20 h-20 rounded-full flex items-center justify-center text-white text-2xl font-bold"""
tailwind-color-classes,066f78a8,2026-01-29,Opus 4.5,no,src/pages/Profile.jsx,"<div className=""w-12 h-12 rounded-full bg-white/20 flex items-center justify-center flex-shrink-0"">"
tailwind-color-classes,066f78a8,2026-01-29,Opus 4.5,no,src/pages/Profile.jsx,"<h3 className=""font-bold text-white"" style={{ fontSize: '17px', letterSpacing: '-0.01em' }}>"
tailwind-color-classes,066f78a8,2026-01-29,Opus 4.5,no,src/pages/Profile.jsx,"<p className=""text-white/70"" style={{ fontSize: '13px' }}>"
tailwind-color-classes,066f78a8,2026-01-29,Opus 4.5,no,src/pages/Profile.jsx,"<svg className=""w-5 h-5 text-white/60 flex-shrink-0"" fill=""none"" viewBox=""0 0 24 24"" stroke=""currentColor"">"
tailwind-color-classes,066f78a8,2026-01-29,Opus 4.5,no,src/pages/Profile.jsx,? 'text-white'
tailwind-color-classes,066f78a8,2026-01-29,Opus 4.5,no,src/pages/Profile.jsx,activeTab === tab.id ? 'bg-white/20' : 'bg-black/20'
hex-in-components,066f78a8,2026-01-29,Opus 4.5,no,src/components/home/Top10Compact.jsx,"className=""w-full flex items-center gap-2.5 py-2.5 px-2 rounded-lg transition-colors text-left hover:bg-[#162B35]"""
tailwind-color-classes,f88cdae5,2026-01-29,Opus 4.5,no,src/pages/Restaurants.jsx,"className=""flex-1 flex items-center justify-center gap-2 text-white py-2.5 px-4 rounded-xl font-semibold hover:opacity-90 transition-all active:scale-[0.98]"""
hex-in-components,f88cdae5,2026-01-29,Opus 4.5,no,src/components/restaurants/TopDishCard.jsx,"className=""w-full flex gap-3 p-3.5 text-left transition-all cursor-pointer hover:bg-[#0F2028]"""
hex-in-components,946b8e4c,2026-01-30,Opus 4.5,no,src/components/FoodRatingSlider.jsx,"'dessert': '#F4A0A0', // Pink cake crumbs"
hex-in-components,946b8e4c,2026-01-30,Opus 4.5,no,src/components/foods/DessertSVG.jsx,"<stop offset=""0%"" stopColor=""#F4A0A0"" />"
hex-in-components,946b8e4c,2026-01-30,Opus 4.5,no,src/components/foods/DessertSVG.jsx,"<stop offset=""100%"" stopColor=""#E07878"" />"
hex-in-components,946b8e4c,2026-01-30,Opus 4.5,no,src/components/foods/DessertSVG.jsx,"<stop offset=""0%"" stopColor=""#FFE4E8"" />"
hex-in-components,946b8e4c,2026-01-30,Opus 4.5,no,src/components/foods/DessertSVG.jsx,"<stop offset=""100%"" stopColor=""#F8C8D0"" />"
hex-in-components,946b8e4c,2026-01-30,Opus 4.5,no,src/components/foods/DessertSVG.jsx,"<stop offset=""0%"" stopColor=""#F5F5F5"" />"
hex-in-components,946b8e4c,2026-01-30,Opus 4.5,no,src/components/foods/DessertSVG.jsx,"<stop offset=""100%"" stopColor=""#D8D8D8"" />"
hex-in-components,946b8e4c,2026-01-30,Opus 4.5,no,src/components/foods/DessertSVG.jsx,"<ellipse cx=""50"" cy=""78"" rx=""42"" ry=""10"" fill=""#C8C8C8"" />"
hex-in-components,946b8e4c,2026-01-30,Opus 4.5,no,src/components/foods/DessertSVG.jsx,"<ellipse cx=""50"" cy=""76"" rx=""36"" ry=""7"" fill=""#EBEBEB"" />"
hex-in-components,946b8e4c,2026-01-30,Opus 4.5,no,src/components/foods/DessertSVG.jsx,"<rect x=""25"" y=""60"" width=""45"" height=""12"" fill=""#E07878"" />"
hex-in-components,946b8e4c,2026-01-30,Opus 4.5,no,src/components/foods/DessertSVG.jsx,"<rect x=""25"" y=""57"" width=""45"" height=""3"" fill=""#FFF0F2"" opacity=""0.9"" />"
hex-in-components,946b8e4c,2026-01-30,Opus 4.5,no,src/components/foods/DessertSVG.jsx,"<rect x=""25"" y=""45"" width=""45"" height=""12"" fill=""#F4A0A0"" />"
hex-in-components,946b8e4c,2026-01-30,Opus 4.5,no,src/components/foods/DessertSVG.jsx,"<rect x=""25"" y=""43"" width=""45"" height=""3"" fill=""#FFF0F2"" opacity=""0.9"" />"
hex-in-components,946b8e4c,2026-01-30,Opus 4.5,no,src/components/foods/DessertSVG.jsx,"<rect x=""25"" y=""32"" width=""45"" height=""11"" fill=""#E88C8C"" />"
hex-in-components,946b8e4c,2026-01-30,Opus 4.5,no,src/components/foods/DessertSVG.jsx,"<circle cx=""35"" cy=""65"" r=""1"" fill=""#D08080"" opacity=""0.4"" />"
hex-in-components,946b8e4c,2026-01-30,Opus 4.5,no,src/components/foods/DessertSVG.jsx,"<circle cx=""50"" cy=""67"" r=""1"" fill=""#D08080"" opacity=""0.3"" />"
hex-in-components,946b8e4c,2026-01-30,Opus 4.5,no,src/components/foods/DessertSVG.jsx,"<circle cx=""60"" cy=""64"" r=""0.8"" fill=""#D08080"" opacity=""0.4"" />"
hex-in-components,946b8e4c,2026-01-30,Opus 4.5,no,src/components/foods/DessertSVG.jsx,"<circle cx=""40"" cy=""50"" r=""1"" fill=""#D08080"" opacity=""0.3"" />"
hex-in-components,946b8e4c,2026-01-30,Opus 4.5,no,src/components/foods/DessertSVG.jsx,"<circle cx=""55"" cy=""52"" r=""0.8"" fill=""#D08080"" opacity=""0.4"" />"
hex-in-components,946b8e4c,2026-01-30,Opus 4.5,no,src/components/foods/DessertSVG.jsx,"<circle cx=""32"" cy=""38"" r=""1"" fill=""#D08080"" opacity=""0.3"" />"
hex-in-components,946b8e4c,2026-01-30,Opus 4.5,no,src/components/foods/DessertSVG.jsx,"<circle cx=""48"" cy=""40"" r=""0.8"" fill=""#D08080"" opacity=""0.4"" />"
hex-in-components,946b8e4c,2026-01-30,Opus 4.5,no,src/components/foods/DessertSVG.jsx,"<circle cx=""63"" cy=""37"" r=""1"" fill=""#D08080"" opacity=""0.3"" />"
hex-in-components,946b8e4c,2026-01-30,Opus 4.5,no,src/components/foods/DessertSVG.jsx,"<rect x={cakeLeft - 3} y=""32"" width=""4"" height=""40"" fill=""#CC7070"" opacity=""0.5"" />"
hex-in-components,946b8e4c,2026-01-30,Opus 4.5,no,src/components/foods/DessertSVG.jsx,"<rect x={cakeLeft - 1} y=""32"" width=""2"" height=""40"" fill=""#B06060"" opacity=""0.3"" />"
hex-in-components,946b8e4c,2026-01-30,Opus 4.5,no,src/components/foods/DessertSVG.jsx,"<circle cx={cakeLeft} cy=""44"" r=""1.5"" fill=""#FFF8F0"" opacity=""0.9"" />"
hex-in-components,946b8e4c,2026-01-30,Opus 4.5,no,src/components/foods/DessertSVG.jsx,"<circle cx={cakeLeft} cy=""58"" r=""1.5"" fill=""#FFF8F0"" opacity=""0.9"" />"
hex-in-components,946b8e4c,2026-01-30,Opus 4.5,no,src/components/foods/DessertSVG.jsx,"stroke=""#F8C8D0"""
hex-in-components,946b8e4c,2026-01-30,Opus 4.5,no,src/components/foods/DessertSVG.jsx,"<ellipse cx=""62"" cy=""25"" rx=""8"" ry=""5"" fill=""#FFFAF5"" />"
hex-in-components,946b8e4c,2026-01-30,Opus 4.5,no,src/components/foods/DessertSVG.jsx,"<ellipse cx=""62"" cy=""23"" rx=""6"" ry=""4"" fill=""#FFFFFF"" />"
hex-in-components,946b8e4c,2026-01-30,Opus 4.5,no,src/components/foods/DessertSVG.jsx,"<ellipse cx=""64"" cy=""21"" rx=""4"" ry=""3"" fill=""#FFFAF5"" />"
hex-in-components,946b8e4c,2026-01-30,Opus 4.5,no,src/components/foods/DessertSVG.jsx,"<ellipse cx=""60"" cy=""22"" rx=""2"" ry=""1.5"" fill=""#FFFFFF"" opacity=""0.8"" />"
hex-in-components,946b8e4c,2026-01-30,Opus 4.5,no,src/components/foods/DessertSVG.jsx,"<ellipse cx=""42"" cy=""22"" rx=""7"" ry=""8"" fill=""#DC3545"" />"
hex-in-components,946b8e4c,2026-01-30,Opus 4.5,no,src/components/foods/DessertSVG.jsx,"<ellipse cx=""42"" cy=""21"" rx=""6"" ry=""7"" fill=""#E04050"" />"
hex-in-components,946b8e4c,2026-01-30,Opus 4.5,no,src/components/foods/DessertSVG.jsx,"<ellipse cx=""40"" cy=""19"" rx=""0.8"" ry=""1"" fill=""#FFD700"" opacity=""0.7"" />"
hex-in-components,946b8e4c,2026-01-30,Opus 4.5,no,src/components/foods/DessertSVG.jsx,"<ellipse cx=""44"" cy=""21"" rx=""0.8"" ry=""1"" fill=""#FFD700"" opacity=""0.7"" />"
hex-in-components,946b8e4c,2026-01-30,Opus 4.5,no,src/components/foods/DessertSVG.jsx,"<ellipse cx=""41"" cy=""25"" rx=""0.8"" ry=""1"" fill=""#FFD700"" opacity=""0.7"" />"
hex-in-components,946b8e4c,2026-01-30,Opus 4.5,no,src/components/foods/DessertSVG.jsx,"<ellipse cx=""45"" cy=""17"" rx=""0.8"" ry=""1"" fill=""#FFD700"" opacity=""0.6"" />"
hex-in-components,946b8e4c,2026-01-30,Opus 4.5,no,src/components/foods/DessertSVG.jsx,"<ellipse cx=""40"" cy=""18"" rx=""2"" ry=""2.5"" fill=""#FF6B7A"" opacity=""0.5"" />"
hex-in-components,946b8e4c,2026-01-30,Opus 4.5,no,src/components/foods/DessertSVG.jsx,"<path d=""M 41 14 Q 43 12 45 13"" fill=""#228B22"" />"
hex-in-components,946b8e4c,2026-01-30,Opus 4.5,no,src/components/foods/DessertSVG.jsx,"<path d=""M 41 14 Q 39 12 37 13"" fill=""#2E8B2E"" />"
hex-in-components,946b8e4c,2026-01-30,Opus 4.5,no,src/components/foods/DessertSVG.jsx,"<rect x=""41"" y=""11"" width=""1.5"" height=""4"" rx=""0.5"" fill=""#228B22"" />"
hex-in-components,946b8e4c,2026-01-30,Opus 4.5,no,src/components/foods/DessertSVG.jsx,"<circle cx=""28"" cy=""74"" r=""1.5"" fill=""#E8A0A0"" />"
hex-in-components,946b8e4c,2026-01-30,Opus 4.5,no,src/components/foods/DessertSVG.jsx,"<circle cx=""35"" cy=""76"" r=""1"" fill=""#F0B0B0"" />"
hex-in-components,946b8e4c,2026-01-30,Opus 4.5,no,src/components/foods/DessertSVG.jsx,"<circle cx=""24"" cy=""75"" r=""1.2"" fill=""#E8A0A0"" />"
hex-in-components,946b8e4c,2026-01-30,Opus 4.5,no,src/components/foods/DessertSVG.jsx,"<circle cx=""40"" cy=""75"" r=""1"" fill=""#E8A0A0"" />"
hex-in-components,946b8e4c,2026-01-30,Opus 4.5,no,src/components/foods/DessertSVG.jsx,"<circle cx=""32"" cy=""73"" r=""1.3"" fill=""#F0B0B0"" />"
hex-in-components,946b8e4c,2026-01-30,Opus 4.5,no,src/components/foods/DessertSVG.jsx,"<rect x=""36"" y=""74"" width=""2"" height=""1.5"" rx=""0.5"" fill=""#FFF0F2"" />"
hex-in-components,946b8e4c,2026-01-30,Opus 4.5,no,src/components/foods/DessertSVG.jsx,"<circle cx=""50"" cy=""74"" r=""1"" fill=""#F0B0B0"" />"
hex-in-components,946b8e4c,2026-01-30,Opus 4.5,no,src/components/foods/DessertSVG.jsx,"<circle cx=""45"" cy=""76"" r=""0.8"" fill=""#E8A0A0"" />"
hex-in-components,946b8e4c,2026-01-30,Opus 4.5,no,src/components/foods/DessertSVG.jsx,"<circle cx=""55"" cy=""75"" r=""1.2"" fill=""#E8A0A0"" />"
hex-in-components,946b8e4c,2026-01-30,Opus 4.5,no,src/components/foods/DessertSVG.jsx,"<rect x=""-1"" y=""0"" width=""2"" height=""22"" rx=""1"" fill=""#C0C0C0"" />"
hex-in-components,946b8e4c,2026-01-30,Opus 4.5,no,src/components/foods/DessertSVG.jsx,"<rect x=""-4"" y=""-8"" width=""2"" height=""8"" rx=""0.5"" fill=""#C0C0C0"" />"
hex-in-components,946b8e4c,2026-01-30,Opus 4.5,no,src/components/foods/DessertSVG.jsx,"<rect x=""-1"" y=""-8"" width=""2"" height=""8"" rx=""0.5"" fill=""#C0C0C0"" />"
hex-in-components,946b8e4c,2026-01-30,Opus 4.5,no,src/components/foods/DessertSVG.jsx,"<rect x=""2"" y=""-8"" width=""2"" height=""8"" rx=""0.5"" fill=""#C0C0C0"" />"
hex-in-components,8eaf3d8e,2026-01-30,Opus 4.5,no,src/components/ReviewFlow.jsx,"? { background: 'linear-gradient(to bottom right, #6BB384, #5A9E72)', color: 'white', boxShadow: '0 10px 15px -3px rgba(107, 179, 132, 0.3)', transform: 'scale("
hex-in-components,8eaf3d8e,2026-01-30,Opus 4.5,no,src/components/ReviewFlow.jsx,"? { background: 'linear-gradient(to bottom right, #C85A54, #B04E49)', color: 'white', boxShadow: '0 10px 15px -3px rgba(200, 90, 84, 0.3)', transform: 'scale(1."
tailwind-color-classes,0597e2d1,2026-01-31,Opus 4.5,no,src/pages/Badges.jsx,"<span className=""text-xs px-2 py-0.5 rounded-full font-medium text-white"" style={{ background: rank.color }}>YOU</span>"
tailwind-color-classes,0597e2d1,2026-01-31,Opus 4.5,no,src/pages/Badges.jsx,"<span className=""text-xs px-2 py-0.5 rounded-full font-medium bg-amber-100 text-amber-700"">NEXT</span>"
tailwind-color-classes,0597e2d1,2026-01-31,Opus 4.5,no,src/pages/Badges.jsx,"className=""mt-4 px-6 py-2 rounded-xl font-semibold text-white"""
tailwind-color-classes,0597e2d1,2026-01-31,Opus 4.5,no,src/pages/Badges.jsx,"{badge.unlocked && <span className=""text-xs text-emerald-500"">&#10003;</span>}"
tailwind-color-classes,0597e2d1,2026-01-31,Opus 4.5,no,src/pages/Badges.jsx,"{isUnlocked && <span className=""text-xs text-emerald-500"">&#10003;</span>}"
tailwind-color-classes,0597e2d1,2026-01-31,Opus 4.5,no,src/pages/UserProfile.jsx,"className=""w-20 h-20 rounded-full flex items-center justify-center text-white text-2xl font-bold"""
hex-in-components,0597e2d1,2026-01-31,Opus 4.5,no,src/components/celebrations/Confetti.jsx,"const BADGE_COLORS = ['#C85A54', '#D9A765', '#E07856', '#F59E0B', '#C85A54']"
hex-in-components,0597e2d1,2026-01-31,Opus 4.5,no,src/components/celebrations/Confetti.jsx,"const RANK_COLORS = ['#9333EA', '#D9A765', '#10B981', '#3B82F6', '#F59E0B']"
hex-in-components,0597e2d1,2026-01-31,Opus 4.5,no,src/components/celebrations/Confetti.jsx,"const EPIC_COLORS = ['#9333EA', '#A855F7', '#C084FC', '#D9A765', '#F59E0B']"
hex-in-components,0597e2d1,2026-01-31,Opus 4.5,no,src/components/celebrations/Confetti.jsx,"const LEGENDARY_COLORS = ['#F59E0B', '#FBBF24', '#FCD34D', '#D9A765', '#EAB308']"
hex-in-components,0597e2d1,2026-01-31,Opus 4.5,no,src/pages/Badges.jsx,": isNext ? 'linear-gradient(135deg, #FEF3C7 0%, #FFFBEB 100%)' : 'transparent',"
hex-in-components,0597e2d1,2026-01-31,Opus 4.5,no,src/pages/Badges.jsx,": isNext ? '2px dashed #F59E0B' : '2px solid transparent',"
hex-in-components,0597e2d1,2026-01-31,Opus 4.5,no,src/pages/Badges.jsx,"<p className=""text-xs font-semibold uppercase tracking-wide"" style={{ color: nextBadge.percentage >= 70 ? '#92400E' : 'var(--color-text-tertiary)' }}>"
hex-in-components,0597e2d1,2026-01-31,Opus 4.5,no,src/pages/Badges.jsx,"<p className=""text-xs mt-1"" style={{ color: nextBadge.accuracyStatus.met ? '#10B981' : '#F59E0B' }}>"
hex-in-components,0597e2d1,2026-01-31,Opus 4.5,no,src/pages/Badges.jsx,"<div className=""text-3xl font-bold"" style={{ color: nextBadge.percentage >= 70 ? '#F59E0B' : 'var(--color-primary)' }}>"
hex-in-components,0597e2d1,2026-01-31,Opus 4.5,no,src/pages/Badges.jsx,"<p className=""text-[10px] mt-0.5"" style={{ color: badge.accuracyStatus.met ? '#10B981' : '#F59E0B' }}>"
hex-in-components,0597e2d1,2026-01-31,Opus 4.5,no,src/pages/Badges.jsx,"borderLeft: `3px solid ${isUnlocked ? rarityColor : isClose ? '#F59E0B' : 'var(--color-divider)'}`,"
hex-in-components,0597e2d1,2026-01-31,Opus 4.5,no,src/pages/Badges.jsx,"color: isUnlocked ? rarityColor : isClose ? '#92400E' : 'var(--color-text-tertiary)',"
hex-in-components,0597e2d1,2026-01-31,Opus 4.5,no,src/pages/Badges.jsx,"<p className=""text-xs"" style={{ color: isClose ? '#B45309' : 'var(--color-text-tertiary)' }}>"
hex-in-components,0597e2d1,2026-01-31,Opus 4.5,no,src/pages/Badges.jsx,"background: isClose ? '#F59E0B' : rarityColor,"
hex-in-components,0597e2d1,2026-01-31,Opus 4.5,no,src/pages/Badges.jsx,"<span className=""text-xs font-medium"" style={{ color: isClose ? '#F59E0B' : 'var(--color-text-tertiary)' }}>"
hex-in-components,0597e2d1,2026-01-31,Opus 4.5,no,src/pages/Badges.jsx,"<p className=""text-[10px] mt-1"" style={{ color: badge.accuracyStatus.met ? '#10B981' : '#F59E0B' }}>"
hex-in-components,0597e2d1,2026-01-31,Opus 4.5,no,src/pages/UserProfile.jsx,"<span className=""text-xs font-bold"" style={{ color: isCloseToNextTier ? '#F59E0B' : 'var(--color-text-tertiary)' }}>"
hex-in-components,0597e2d1,2026-01-31,Opus 4.5,no,src/pages/UserProfile.jsx,"? 'linear-gradient(90deg, #F59E0B, #FBBF24)'"
round-without-numeric,0597e2d1,2026-01-31,Opus 4.5,no,supabase/migrations/badge-system-overhaul.sql,ROUND(
tailwind-color-classes,1b8d655c,2026-01-31,Opus 4.5,no,src/components/restaurants/RestaurantDishes.jsx,"className=""w-7 h-7 rounded-full flex items-center justify-center text-white text-xs font-bold ring-2"""
tailwind-color-classes,1b8d655c,2026-01-31,Opus 4.5,no,src/components/restaurants/TopDishCard.jsx,"className=""w-5 h-5 rounded-full flex items-center justify-center text-white text-[9px] font-bold ring-1"""
tailwind-color-classes,1b8d655c,2026-01-31,Opus 4.5,no,src/pages/Dish.jsx,"className=""w-10 h-10 rounded-full flex items-center justify-center text-white font-bold"""
hex-in-components,1b8d655c,2026-01-31,Opus 4.5,no,src/components/restaurants/TopDishCard.jsx,"<p className=""mt-1 font-medium"" style={{ color: '#9333EA', fontSize: '10px' }}>"
hex-in-components,1b8d655c,2026-01-31,Opus 4.5,no,src/pages/Dish.jsx,"color: vote.category_expertise === 'authority' ? '#9333EA' : '#3B82F6',"
round-without-numeric,1b8d655c,2026-01-31,Opus 4.5,no,supabase/migrations/add-taste-compatibility.sql,"ROUND(AVG(ABS(rating_a - rating_b)), 1) AS avg_difference,"
round-without-numeric,1b8d655c,2026-01-31,Opus 4.5,no,supabase/migrations/add-taste-compatibility.sql,THEN ROUND(100 - (AVG(ABS(rating_a - rating_b)) / 9.0 * 100))::INT
tailwind-color-classes,05fa5afc,2026-01-31,Opus 4.5,no,src/pages/Badges.jsx,"<span className=""text-xs text-emerald-500"">&#10003;</span>"
hex-in-components,05fa5afc,2026-01-31,Opus 4.5,no,src/pages/Badges.jsx,"<span className=""text-[10px] mt-0.5"" style={{ color: volumeMet ? '#10B981' : '#F59E0B' }}>"
hex-in-components,05fa5afc,2026-01-31,Opus 4.5,no,src/pages/Badges.jsx,"<span className=""text-[10px] mt-0.5"" style={{ color: accuracyMet ? '#10B981' : '#F59E0B' }}>"
tailwind-color-classes,9216e741,2026-01-31,Opus 4.5,no,src/pages/Browse.jsx,"className=""w-11 h-11 rounded-full flex items-center justify-center text-white font-bold text-sm"""
tailwind-color-classes,9216e741,2026-01-31,Opus 4.5,no,src/pages/Dish.jsx,"className=""w-8 h-8 rounded-full flex items-center justify-center text-white font-bold text-xs"""
hex-in-components,9216e741,2026-01-31,Opus 4.5,no,src/components/profile/HeroIdentityCard.jsx,"<span className=""text-xs font-bold"" style={{ color: isCloseToNextTier ? '#F59E0B' : 'var(--color-text-tertiary)' }}>"
hex-in-components,9216e741,2026-01-31,Opus 4.5,no,src/components/profile/HeroIdentityCard.jsx,"? 'linear-gradient(90deg, #F59E0B, #FBBF24)'"
hex-in-components,9216e741,2026-01-31,Opus 4.5,no,src/pages/Browse.jsx,"background: expert.badge_tier === 'authority' ? '#9333EA' : '#3B82F6',"
hex-in-components,9216e741,2026-01-31,Opus 4.5,no,src/pages/Browse.jsx,"background: expert.badge_tier === 'authority' ? '#9333EA' : '#3B82F6',"
hex-in-components,9216e741,2026-01-31,Opus 4.5,no,src/pages/Dish.jsx,style={{ background: expert.badge_tier === 'authority' ? '#9333EA' : '#3B82F6' }}
hex-in-components,9216e741,2026-01-31,Opus 4.5,no,src/pages/Dish.jsx,"<p className=""text-[10px]"" style={{ color: expert.badge_tier === 'authority' ? '#9333EA' : '#3B82F6' }}>"
tailwind-color-classes,0a136b60,2026-01-31,Opus 4.5,no,src/components/SimilarTasteUsers.jsx,"className=""w-12 h-12 rounded-full flex items-center justify-center text-white font-bold transition-transform active:scale-95"""
tailwind-color-classes,0a136b60,2026-01-31,Opus 4.5,no,src/components/profile/HeroIdentityCard.jsx,"className=""absolute -bottom-1 -right-1 w-7 h-7 rounded-full flex items-center justify-center text-xs font-bold text-white shadow-md"""
tailwind-color-classes,0a136b60,2026-01-31,Opus 4.5,no,src/pages/Badges.jsx,"<span className=""text-xs text-emerald-500"">&#10003;</span>"
tailwind-color-classes,0a136b60,2026-01-31,Opus 4.5,no,src/pages/UserProfile.jsx,"className=""absolute -bottom-1 -right-1 w-7 h-7 rounded-full flex items-center justify-center text-xs font-bold text-white shadow-md"""
hex-in-components,0a136b60,2026-01-31,Opus 4.5,no,src/components/SimilarTasteUsers.jsx,if (pct >= 75) return '#10B981' // green
hex-in-components,0a136b60,2026-01-31,Opus 4.5,no,src/components/SimilarTasteUsers.jsx,if (pct >= 50) return '#F59E0B' // amber
hex-in-components,0a136b60,2026-01-31,Opus 4.5,no,src/components/SimilarTasteUsers.jsx,return '#EF4444' // red
hex-in-components,0a136b60,2026-01-31,Opus 4.5,no,src/components/celebrations/BadgeUnlockCelebration.jsx,const glowColor = isAuthority ? '#9333EA' : '#3B82F6'
hex-in-components,0a136b60,2026-01-31,Opus 4.5,no,src/components/profile/HeroIdentityCard.jsx,"color: ratingIdentity.ratingBias < 0 ? '#f97316' : ratingIdentity.ratingBias > 0 ? '#22c55e' : 'var(--color-text-secondary)',"
hex-in-components,0a136b60,2026-01-31,Opus 4.5,no,src/pages/Badges.jsx,"<span className=""text-xs font-bold px-1.5 py-0.5 rounded"" style={{ color: '#3B82F6', background: '#3B82F620' }}>Specialist</span>"
hex-in-components,0a136b60,2026-01-31,Opus 4.5,no,src/pages/Badges.jsx,"<span className=""text-xs font-bold px-1.5 py-0.5 rounded"" style={{ color: '#9333EA', background: '#9333EA20' }}>Authority</span>"
hex-in-components,0a136b60,2026-01-31,Opus 4.5,no,src/pages/RatingStyle.jsx,<strong style={{ color: '#3B82F6' }}> Category Mastery</strong> badges require both volume <em>and</em> accuracy in a specific food category.
hex-in-components,0a136b60,2026-01-31,Opus 4.5,no,src/pages/RatingStyle.jsx,"style={{ color: '#3B82F6', background: '#3B82F618', border: '1px solid #3B82F630' }}"
hex-in-components,0a136b60,2026-01-31,Opus 4.5,no,src/pages/RatingStyle.jsx,"style={{ color: '#9333EA', background: '#9333EA18', border: '1px solid #9333EA30' }}"
hex-in-components,0a136b60,2026-01-31,Opus 4.5,no,src/pages/RatingStyle.jsx,<strong style={{ color: '#10B981' }}>Consistency</strong> badges also depend on your overall rating style.
hex-in-components,0a136b60,2026-01-31,Opus 4.5,no,src/pages/RatingStyle.jsx,<strong style={{ color: '#3B82F6' }}> Discovery</strong> badges.
hex-in-components,0a136b60,2026-01-31,Opus 4.5,no,src/pages/UserProfile.jsx,"color: ratingIdentity.ratingBias < 0 ? '#f97316' : ratingIdentity.ratingBias > 0 ? '#22c55e' : 'var(--color-text-secondary)',"
round-without-numeric,0a136b60,2026-01-31,Opus 4.5,no,supabase/migrations/add-new-badges-and-experts.sql,ROUND(
round-without-numeric,0a136b60,2026-01-31,Opus 4.5,no,supabase/migrations/add-similar-taste-users.sql,ROUND(100 - (AVG(ABS(a.rating_10 - b.rating_10)) / 9.0 * 100))::INT AS compat
tailwind-color-classes,1a88af1c,2026-01-31,Opus 4.5,no,src/components/profile/TasteProfile.jsx,"className=""flex items-center justify-center w-6 h-6 rounded-full transition-colors hover:bg-white/10"""
tailwind-color-classes,1a88af1c,2026-01-31,Opus 4.5,no,src/components/restaurants/TopDishCard.jsx,"className=""w-5 h-5 rounded-full flex items-center justify-center text-white text-[9px] font-bold ring-1"""
hex-in-components,1a88af1c,2026-01-31,Opus 4.5,no,src/components/profile/TasteProfile.jsx,if (bias < -1) return '#ef4444'
hex-in-components,1a88af1c,2026-01-31,Opus 4.5,no,src/components/profile/TasteProfile.jsx,if (bias < 0) return '#f97316'
hex-in-components,1a88af1c,2026-01-31,Opus 4.5,no,src/components/profile/TasteProfile.jsx,if (bias > 1) return '#10b981'
hex-in-components,1a88af1c,2026-01-31,Opus 4.5,no,src/components/profile/TasteProfile.jsx,if (bias > 0) return '#22c55e'
hex-in-components,1a88af1c,2026-01-31,Opus 4.5,no,src/pages/UserProfile.jsx,color: ratingBias.ratingBias < -1 ? '#ef4444'
hex-in-components,1a88af1c,2026-01-31,Opus 4.5,no,src/pages/UserProfile.jsx,: ratingBias.ratingBias < 0 ? '#f97316'
hex-in-components,1a88af1c,2026-01-31,Opus 4.5,no,src/pages/UserProfile.jsx,: ratingBias.ratingBias > 1 ? '#10b981'
hex-in-components,1a88af1c,2026-01-31,Opus 4.5,no,src/pages/UserProfile.jsx,: ratingBias.ratingBias > 0 ? '#22c55e'
tailwind-color-classes,584e6c53,2026-01-31,Opus 4.5,no,src/pages/UserProfile.jsx,? 'text-white'
tailwind-color-classes,584e6c53,2026-01-31,Opus 4.5,no,src/pages/UserProfile.jsx,activeTab === tab.id ? 'bg-white/20' : 'bg-black/20'
hex-in-components,584e6c53,2026-01-31,Opus 4.5,no,src/components/profile/TasteProfile.jsx,if (mad < 0.5) return '#10b981'   // Green — consensus voter
hex-in-components,584e6c53,2026-01-31,Opus 4.5,no,src/components/profile/TasteProfile.jsx,if (mad < 1.0) return '#22c55e'   // Light green — has opinions
hex-in-components,584e6c53,2026-01-31,Opus 4.5,no,src/components/profile/TasteProfile.jsx,if (mad < 2.0) return '#f97316'   // Orange — strong opinions
hex-in-components,584e6c53,2026-01-31,Opus 4.5,no,src/components/profile/TasteProfile.jsx,return '#ef4444'                   // Red — wild card
hex-in-components,584e6c53,2026-01-31,Opus 4.5,no,src/components/profile/TasteProfile.jsx,"<span className=""font-bold tabular-nums w-10 text-right"" style={{ color: '#10b981' }}>0–0.5</span>"
hex-in-components,584e6c53,2026-01-31,Opus 4.5,no,src/components/profile/TasteProfile.jsx,"<span className=""font-bold tabular-nums w-10 text-right"" style={{ color: '#22c55e' }}>0.5–1</span>"
hex-in-components,584e6c53,2026-01-31,Opus 4.5,no,src/components/profile/TasteProfile.jsx,"<span className=""font-bold tabular-nums w-10 text-right"" style={{ color: '#f97316' }}>1–2</span>"
hex-in-components,584e6c53,2026-01-31,Opus 4.5,no,src/components/profile/TasteProfile.jsx,"<span className=""font-bold tabular-nums w-10 text-right"" style={{ color: '#ef4444' }}>2+</span>"
hex-in-components,584e6c53,2026-01-31,Opus 4.5,no,src/pages/UserProfile.jsx,color: ratingBias.ratingBias < 0.5 ? '#10b981'
hex-in-components,584e6c53,2026-01-31,Opus 4.5,no,src/pages/UserProfile.jsx,: ratingBias.ratingBias < 1.0 ? '#22c55e'
hex-in-components,584e6c53,2026-01-31,Opus 4.5,no,src/pages/UserProfile.jsx,: ratingBias.ratingBias < 2.0 ? '#f97316'
hex-in-components,584e6c53,2026-01-31,Opus 4.5,no,src/pages/UserProfile.jsx,": '#ef4444',"
round-without-numeric,584e6c53,2026-01-31,Opus 4.5,no,supabase/migrations/switch-bias-to-mean-absolute-deviation.sql,"ROUND(AVG(ABS(v.rating_10 - d.avg_rating)), 1),"
round-without-numeric,584e6c53,2026-01-31,Opus 4.5,no,supabase/migrations/switch-bias-to-mean-absolute-deviation.sql,"ROUND(AVG(v.rating_10 - d.avg_rating), 1) as bias"
round-without-numeric,584e6c53,2026-01-31,Opus 4.5,no,supabase/migrations/switch-bias-to-mean-absolute-deviation.sql,"SELECT COUNT(*), ROUND(AVG(rating_10), 1)"
round-without-numeric,584e6c53,2026-01-31,Opus 4.5,no,supabase/migrations/switch-bias-to-mean-absolute-deviation.sql,"user_deviation := ROUND(v.rating_10 - avg_rating, 1);"
round-without-numeric,584e6c53,2026-01-31,Opus 4.5,no,supabase/migrations/switch-bias-to-mean-absolute-deviation.sql,"ROUND(AVG(ABS(votes.rating_10 - d.consensus_rating)), 1)"
round-without-numeric,584e6c53,2026-01-31,Opus 4.5,no,supabase/migrations/switch-bias-to-mean-absolute-deviation.sql,"SELECT to_jsonb(ROUND(AVG(votes.rating_10 - d.consensus_rating), 1))"
round-without-numeric,584e6c53,2026-01-31,Opus 4.5,no,supabase/migrations/switch-bias-to-mean-absolute-deviation.sql,"ROUND(AVG(ABS(v.rating_10 - d.avg_rating)), 1) as mad"
tailwind-color-classes,0eec4138,2026-01-31,Opus 4.5,no,src/components/restaurant-admin/DishesManager.jsx,"className=""flex-1 py-2 rounded-lg font-medium text-white text-sm disabled:opacity-50"""
tailwind-color-classes,0eec4138,2026-01-31,Opus 4.5,no,src/components/restaurant-admin/SpecialsManager.jsx,"className=""flex-1 py-2 rounded-lg font-medium text-white text-sm disabled:opacity-50"""
tailwind-color-classes,0eec4138,2026-01-31,Opus 4.5,no,src/components/restaurant-admin/SpecialsManager.jsx,"className=""text-xs font-medium px-2 py-1 rounded text-red-400"""
tailwind-color-classes,0eec4138,2026-01-31,Opus 4.5,no,src/pages/AcceptInvite.jsx,"className=""px-6 py-3 rounded-xl font-semibold text-white"""
tailwind-color-classes,0eec4138,2026-01-31,Opus 4.5,no,src/pages/AcceptInvite.jsx,"className=""w-full px-6 py-3 rounded-xl font-semibold text-white transition-all disabled:opacity-50"""
tailwind-color-classes,0eec4138,2026-01-31,Opus 4.5,no,src/pages/AcceptInvite.jsx,"className=""w-full px-6 py-3 rounded-xl font-semibold text-white transition-all"""
tailwind-color-classes,0eec4138,2026-01-31,Opus 4.5,no,src/pages/Admin.jsx,"className=""px-4 py-2 rounded-lg font-medium text-white transition-all text-sm"""
tailwind-color-classes,0eec4138,2026-01-31,Opus 4.5,no,src/pages/Admin.jsx,"className=""px-3 py-1 rounded text-xs font-medium text-white"""
tailwind-color-classes,0eec4138,2026-01-31,Opus 4.5,no,src/pages/Admin.jsx,"className=""text-red-500 hover:text-red-700 text-sm font-medium"""
tailwind-color-classes,0eec4138,2026-01-31,Opus 4.5,no,src/pages/ManageRestaurant.jsx,"className=""px-6 py-3 rounded-xl font-semibold text-white"""
hex-in-components,0eec4138,2026-01-31,Opus 4.5,no,src/pages/ManageRestaurant.jsx,"? { background: 'var(--color-primary)', color: '#fff' }"
single-not-maybesingle,0eec4138,2026-01-31,Opus 4.5,no,src/api/restaurantManagerApi.js,.single()
single-not-maybesingle,0eec4138,2026-01-31,Opus 4.5,no,src/api/restaurantManagerApi.js,.single()
single-not-maybesingle,0eec4138,2026-01-31,Opus 4.5,no,src/api/restaurantManagerApi.js,.single()
single-not-maybesingle,0eec4138,2026-01-31,Opus 4.5,no,src/api/restaurantManagerApi.js,.single()
single-not-maybesingle,0eec4138,2026-01-31,Opus 4.5,no,src/api/restaurantManagerApi.js,.single()
hex-in-components,b21bc0cd,2026-02-01,Opus 4.5,no,src/pages/Profile.jsx,? '#10b981'
hex-in-components,b21bc0cd,2026-02-01,Opus 4.5,no,src/pages/Profile.jsx,? '#ef4444'
hex-in-components,b21bc0cd,2026-02-01,Opus 4.5,no,src/pages/Profile.jsx,": '#f97316',"
hex-in-components,b21bc0cd,2026-02-01,Opus 4.5,no,src/pages/Profile.jsx,return ratingBias.ratingBias < 1.0 ? '#10b981' : '#22c55e'
hex-in-components,b21bc0cd,2026-02-01,Opus 4.5,no,src/pages/Profile.jsx,return ratingBias.ratingBias < 1.0 ? '#f87171' : '#ef4444'
hex-in-components,b21bc0cd,2026-02-01,Opus 4.5,no,src/pages/Profile.jsx,return '#f97316' // fair judge — orange
hex-in-components,b21bc0cd,2026-02-01,Opus 4.5,no,src/pages/Profile.jsx,"<span className=""text-lg flex-shrink-0"" style={{ color: '#ef4444' }}>"
hex-in-components,b21bc0cd,2026-02-01,Opus 4.5,no,src/pages/Profile.jsx,"<p className=""text-xs font-semibold"" style={{ color: '#ef4444' }}>"
hex-in-components,b21bc0cd,2026-02-01,Opus 4.5,no,src/pages/UserProfile.jsx,? '#10b981'
hex-in-components,b21bc0cd,2026-02-01,Opus 4.5,no,src/pages/UserProfile.jsx,? '#ef4444'
hex-in-components,b21bc0cd,2026-02-01,Opus 4.5,no,src/pages/UserProfile.jsx,": '#f97316',"
hex-in-components,b21bc0cd,2026-02-01,Opus 4.5,no,src/pages/UserProfile.jsx,return ratingBias.ratingBias < 1.0 ? '#10b981' : '#22c55e'
hex-in-components,b21bc0cd,2026-02-01,Opus 4.5,no,src/pages/UserProfile.jsx,return ratingBias.ratingBias < 1.0 ? '#f87171' : '#ef4444'
hex-in-components,b21bc0cd,2026-02-01,Opus 4.5,no,src/pages/UserProfile.jsx,return '#f97316' // fair judge — orange
hex-in-components,b21bc0cd,2026-02-01,Opus 4.5,no,src/pages/UserProfile.jsx,"<span className=""text-lg flex-shrink-0"" style={{ color: '#ef4444' }}>"
hex-in-components,b21bc0cd,2026-02-01,Opus 4.5,no,src/pages/UserProfile.jsx,"<p className=""text-xs font-semibold"" style={{ color: '#ef4444' }}>"
hex-in-components,b24f596b,2026-02-01,Opus 4.5,no,src/components/browse/ValueBadge.jsx,"color: '#059669',"
round-without-numeric,b24f596b,2026-02-01,Opus 4.5,no,supabase/migrations/value_score.sql,NEW.value_score := ROUND(
round-without-numeric,b24f596b,2026-02-01,Opus 4.5,no,supabase/migrations/value_score.sql,value_score = ROUND(
round-without-numeric,b24f596b,2026-02-01,Opus 4.5,no,supabase/migrations/value_score.sql,ROUND((
round-without-numeric,b24f596b,2026-02-01,Opus 4.5,no,supabase/migrations/value_score.sql,"THEN ROUND(100.0 * COALESCE(vs.total_child_yes, SUM(CASE WHEN v.would_order_again THEN 1 ELSE 0 END)) / COALESCE(vs.total_child_votes, COUNT(v.id)))::INT"
round-without-numeric,b24f596b,2026-02-01,Opus 4.5,no,supabase/migrations/value_score.sql,"COALESCE(ROUND(AVG(v.rating_10), 1), 0) AS avg_rating,"
hex-in-components,7d9a8be7,2026-02-01,Opus 4.5,no,src/components/ReviewFlow.jsx,"style={{ background: 'var(--color-primary)', color: '#1A1A1A' }}"
hex-in-components,6d84874a,2026-02-08,Opus 4.6,yes,src/components/ReviewFlow.jsx,"? { background: 'linear-gradient(to bottom right, var(--color-rating), #5A9E72)', color: 'white', boxShadow: '0 10px 15px -3px rgba(107, 179, 132, 0.3)', transf"
hex-in-components,6d84874a,2026-02-08,Opus 4.6,yes,src/components/ReviewFlow.jsx,"? { background: 'linear-gradient(to bottom right, var(--color-primary), #B04E49)', color: 'white', boxShadow: '0 10px 15px -3px rgba(200, 90, 84, 0.3)', transfo"
hex-in-components,6d84874a,2026-02-08,Opus 4.6,yes,src/components/ReviewFlow.jsx,"style={{ background: 'linear-gradient(to right, var(--color-emerald), #14B8A6)', color: 'white', boxShadow: '0 10px 15px -3px rgba(16, 185, 129, 0.3)' }}"
hex-in-components,6d84874a,2026-02-08,Opus 4.6,yes,src/components/StreakBadge.jsx,"background: 'linear-gradient(135deg, var(--color-orange) 0%, #EA580C 100%)',"
hex-in-components,6d84874a,2026-02-08,Opus 4.6,yes,src/components/StreakCard.jsx,"background: 'linear-gradient(135deg, var(--color-streak-at-risk-bg) 0%, #FDE68A 100%)',"
round-without-numeric,3791e734,2026-02-08,Opus 4.6,yes,supabase/migrations/add_menu_section.sql,"THEN ROUND(100.0 * COALESCE(vs.total_child_yes, dvs.direct_yes, 0) / COALESCE(vs.total_child_votes, dvs.direct_votes, 1))::INT"
round-without-numeric,3791e734,2026-02-08,Opus 4.6,yes,supabase/migrations/add_menu_section.sql,"THEN ROUND(100.0 * COALESCE(vs.total_child_yes, dvs.direct_yes, 0) / COALESCE(vs.total_child_votes, dvs.direct_votes, 1))"
round-without-numeric,868a6f9f,2026-02-10,Opus 4.6,yes,supabase/migrations/fix_late_voter_scoring.sql,"SELECT COUNT(*), ROUND(AVG(rating_10), 1) INTO total_votes_count, consensus_avg"
round-without-numeric,868a6f9f,2026-02-10,Opus 4.6,yes,supabase/migrations/fix_late_voter_scoring.sql,"user_deviation := ROUND(v.rating_10 - consensus_avg, 1);"
round-without-numeric,868a6f9f,2026-02-10,Opus 4.6,yes,supabase/migrations/fix_late_voter_scoring.sql,"SELECT ROUND(AVG(ABS(votes.rating_10 - d.consensus_rating)), 1) INTO user_bias_after"
round-without-numeric,868a6f9f,2026-02-10,Opus 4.6,yes,supabase/migrations/fix_late_voter_scoring.sql,"(SELECT to_jsonb(ROUND(AVG(votes.rating_10 - d.consensus_rating), 1))"
round-without-numeric,868a6f9f,2026-02-10,Opus 4.6,yes,supabase/migrations/fix_late_voter_scoring.sql,"user_deviation := ROUND(NEW.rating_10 - consensus_avg, 1);"
round-without-numeric,868a6f9f,2026-02-10,Opus 4.6,yes,supabase/migrations/fix_late_voter_scoring.sql,"SELECT ROUND(AVG(ABS(votes.rating_10 - d.consensus_rating)), 1) INTO user_bias_after"
round-without-numeric,868a6f9f,2026-02-10,Opus 4.6,yes,supabase/migrations/fix_late_voter_scoring.sql,"(SELECT to_jsonb(ROUND(AVG(votes.rating_10 - d.consensus_rating), 1))"
hex-in-components,7efda3f0,2026-02-13,Opus 4.6,yes,src/components/home/Top10Compact.jsx,"1: { color: 'var(--color-medal-gold)', glow: '#D9A765', rankSize: '32px', nameSize: '20px', ratingSize: '20px' },"
hex-in-components,7efda3f0,2026-02-13,Opus 4.6,yes,src/components/home/Top10Compact.jsx,"2: { color: 'var(--color-medal-silver)', glow: '#A8B5BF', rankSize: '28px', nameSize: '18px', ratingSize: '18px' },"
hex-in-components,7efda3f0,2026-02-13,Opus 4.6,yes,src/components/home/Top10Compact.jsx,"3: { color: 'var(--color-medal-bronze)', glow: '#C4855C', rankSize: '24px', nameSize: '17px', ratingSize: '17px' },"
hex-in-components,0474a87f,2026-02-13,Opus 4.6,yes,src/components/home/Top10Compact.jsx,"1: { color: 'var(--color-medal-gold)', glow: '#D9A765', rankSize: '28px', nameSize: '18px', ratingSize: '18px' },"
hex-in-components,0474a87f,2026-02-13,Opus 4.6,yes,src/components/home/Top10Compact.jsx,"2: { color: 'var(--color-medal-silver)', glow: '#A8B5BF', rankSize: '25px', nameSize: '16px', ratingSize: '16px' },"
hex-in-components,0474a87f,2026-02-13,Opus 4.6,yes,src/components/home/Top10Compact.jsx,"3: { color: 'var(--color-medal-bronze)', glow: '#C4855C', rankSize: '22px', nameSize: '15px', ratingSize: '15px' },"
hex-in-components,5e810ecc,2026-02-13,Opus 4.6,yes,src/components/home/Top10Compact.jsx,"1: { color: 'var(--color-medal-gold)', glow: '#D9A765', rankSize: '25px', nameSize: '16px', ratingSize: '16px' },"
hex-in-components,5e810ecc,2026-02-13,Opus 4.6,yes,src/components/home/Top10Compact.jsx,"2: { color: 'var(--color-medal-silver)', glow: '#A8B5BF', rankSize: '22px', nameSize: '15px', ratingSize: '15px' },"
hex-in-components,5e810ecc,2026-02-13,Opus 4.6,yes,src/components/home/Top10Compact.jsx,"3: { color: 'var(--color-medal-bronze)', glow: '#C4855C', rankSize: '20px', nameSize: '14px', ratingSize: '14px' },"
tailwind-color-classes,c474f565,2026-02-14,Opus 4.6,yes,src/components/DishPlaceholder.jsx,"<div className=""absolute bottom-3 left-3 px-2.5 py-1 rounded-lg bg-black/50 backdrop-blur-sm"">"
tailwind-color-classes,c474f565,2026-02-14,Opus 4.6,yes,src/components/DishPlaceholder.jsx,"<span className=""text-xs font-medium text-white/90 flex items-center gap-1.5"">"
tailwind-color-classes,43affb9c,2026-02-14,Opus 4.6,yes,src/components/FollowListModal.jsx,"className=""w-full flex items-center gap-3 px-4 py-3.5 transition-all text-left hover:bg-black/5 active:scale-[0.99]"""
hex-in-components,43affb9c,2026-02-14,Opus 4.6,yes,src/components/ReviewFlow.jsx,"? { background: 'linear-gradient(to bottom right, var(--color-rating), #5A9E72)', color: 'var(--color-text-on-primary)', boxShadow: '0 10px 15px -3px rgba(107, "
hex-in-components,43affb9c,2026-02-14,Opus 4.6,yes,src/components/ReviewFlow.jsx,"? { background: 'linear-gradient(to bottom right, var(--color-primary), #C8502E)', color: 'var(--color-text-on-primary)', boxShadow: '0 10px 15px -3px rgba(232,"
hex-in-components,43affb9c,2026-02-14,Opus 4.6,yes,src/components/ReviewFlow.jsx,"style={{ background: 'linear-gradient(to right, var(--color-emerald), #14B8A6)', color: 'var(--color-text-on-primary)', boxShadow: '0 10px 15px -3px rgba(16, 18"
hex-in-components,43affb9c,2026-02-14,Opus 4.6,yes,src/components/home/Top10Compact.jsx,"1: { color: 'var(--color-medal-gold)', glow: '#E9A115', rankSize: '25px', nameSize: '16px', ratingSize: '16px' },"
hex-in-components,e96d9c33,2026-02-14,Opus 4.6,yes,src/components/home/Top10Compact.jsx,"color: activeTab === 'mv' ? '#FFFFFF' : 'var(--color-text-secondary)',"
hex-in-components,e96d9c33,2026-02-14,Opus 4.6,yes,src/components/home/Top10Compact.jsx,"color: activeTab === 'personal' ? '#FFFFFF' : 'var(--color-text-secondary)',"
hex-in-components,e96d9c33,2026-02-14,Opus 4.6,yes,src/pages/Profile.jsx,<div className={`w-5 h-5 rounded-full shadow-sm transform transition-transform mt-1 ${theme === 'light' ? 'ml-6' : 'ml-1'}`} style={{ background: '#FFFFFF' }} /
hex-in-components,0aa0dea5,2026-02-14,Opus 4.6,yes,src/components/home/RankedDishRow.jsx,"1: { color: 'var(--color-medal-gold)', glow: '#E9A115', rankSize: '25px', nameSize: '16px', ratingSize: '16px' },"
hex-in-components,0aa0dea5,2026-02-14,Opus 4.6,yes,src/components/home/RankedDishRow.jsx,"2: { color: 'var(--color-medal-silver)', glow: '#A8B5BF', rankSize: '22px', nameSize: '15px', ratingSize: '15px' },"
hex-in-components,0aa0dea5,2026-02-14,Opus 4.6,yes,src/components/home/RankedDishRow.jsx,"3: { color: 'var(--color-medal-bronze)', glow: '#C4855C', rankSize: '20px', nameSize: '14px', ratingSize: '14px' },"
hex-in-components,2cb26006,2026-02-14,Opus 4.6,yes,src/components/TownPicker.jsx,"fill=""#3d8b9e"""
hex-in-components,2cb26006,2026-02-14,Opus 4.6,yes,src/components/TownPicker.jsx,"fill=""#4a9fb3"""
hex-in-components,2cb26006,2026-02-14,Opus 4.6,yes,src/components/TownPicker.jsx,"fill=""#5bb5c7"""
hex-in-components,0fbf079b,2026-02-14,Opus 4.6,yes,src/components/home/SearchHero.jsx,"color: '#F07A52',"
hex-in-components,74dc81d0,2026-02-14,Opus 4.6,yes,src/components/home/SearchHero.jsx,"color: '#C08B7A',"
hex-in-components,cbf35430,2026-02-15,Opus 4.6,yes,src/components/WelcomeSplash.jsx,"color: '#F0D9B5',"
hex-in-components,cbf35430,2026-02-15,Opus 4.6,yes,src/components/home/SearchHero.jsx,"color: '#F0D9B5',"
hex-in-components,6c6611c4,2026-02-15,Opus 4.6,yes,src/components/home/Top10Compact.jsx,"1: { color: 'var(--color-medal-gold)', glow: '#E9A115', rankSize: '25px', nameSize: '16px', ratingSize: '16px', fill: 100 },"
hex-in-components,6c6611c4,2026-02-15,Opus 4.6,yes,src/components/home/Top10Compact.jsx,"2: { color: 'var(--color-medal-silver)', glow: '#A8B5BF', rankSize: '22px', nameSize: '15px', ratingSize: '15px', fill: 80 },"
hex-in-components,6c6611c4,2026-02-15,Opus 4.6,yes,src/components/home/Top10Compact.jsx,"3: { color: 'var(--color-medal-bronze)', glow: '#C4855C', rankSize: '20px', nameSize: '14px', ratingSize: '14px', fill: 60 },"
hex-in-components,2fe89cd8,2026-02-15,Opus 4.6,yes,src/components/home/Top10Compact.jsx,"1: { color: 'var(--color-medal-gold)', glow: '#E9A115', rankSize: '25px', nameSize: '16px', ratingSize: '16px' },"
hex-in-components,2fe89cd8,2026-02-15,Opus 4.6,yes,src/components/home/Top10Compact.jsx,"2: { color: 'var(--color-medal-silver)', glow: '#A8B5BF', rankSize: '22px', nameSize: '15px', ratingSize: '15px' },"
hex-in-components,2fe89cd8,2026-02-15,Opus 4.6,yes,src/components/home/Top10Compact.jsx,"3: { color: 'var(--color-medal-bronze)', glow: '#C4855C', rankSize: '20px', nameSize: '14px', ratingSize: '14px' },"
hex-in-components,603296e6,2026-02-15,Opus 4.6,yes,src/pages/Home.jsx,"color: isActive ? '#FFFFFF' : 'var(--color-text-secondary)',"
hex-in-components,2e8e766e,2026-02-16,Opus 4.6,yes,src/components/TownPicker.jsx,"fill=""#3d8b9e"""
hex-in-components,2e8e766e,2026-02-16,Opus 4.6,yes,src/components/TownPicker.jsx,"fill=""#4a9fb3"""
hex-in-components,2e8e766e,2026-02-16,Opus 4.6,yes,src/components/TownPicker.jsx,"fill=""#5bb5c7"""
hex-in-components,ff0701cb,2026-02-16,Opus 4.6,yes,src/components/SettingsDropdown.jsx,"style={{ background: '#FFFFFF', marginLeft: soundMuted ? '4px' : '22px' }}"
hex-in-components,69c34526,2026-02-17,Opus 4.6,yes,src/components/home/Top10Compact.jsx,"2: { color: 'var(--color-medal-silver)', glow: '#A8B5BF', rankSize: '24px', nameSize: '17px', ratingSize: '16px' },"
hex-in-components,69c34526,2026-02-17,Opus 4.6,yes,src/components/home/Top10Compact.jsx,"3: { color: 'var(--color-medal-bronze)', glow: '#C4855C', rankSize: '22px', nameSize: '16px', ratingSize: '15px' },"
hex-in-components,69c34526,2026-02-17,Opus 4.6,yes,src/pages/Home.jsx,"background: isDark ? 'var(--color-surface-elevated)' : '#F2CDBC',"
hex-in-components,95d9ca45,2026-02-17,Opus 4.6,yes,src/pages/Dish.jsx,"color: '#FFFFFF',"
round-without-numeric,0e6a344c,2026-02-17,Opus 4.6,yes,supabase/migrations/add-search-score.sql,ROUND((
round-without-numeric,0e6a344c,2026-02-17,Opus 4.6,yes,supabase/migrations/add-search-score.sql,"THEN ROUND(100.0 * COALESCE(vs.total_child_yes, SUM(CASE WHEN v.would_order_again THEN 1 ELSE 0 END)) / COALESCE(vs.total_child_votes, COUNT(v.id)))::INT"
round-without-numeric,0e6a344c,2026-02-17,Opus 4.6,yes,supabase/migrations/add-search-score.sql,"COALESCE(ROUND(AVG(v.rating_10), 1), 0) AS avg_rating,"
round-without-numeric,0e6a344c,2026-02-17,Opus 4.6,yes,supabase/migrations/add-search-score.sql,"COALESCE(ROUND(AVG(v.rating_10), 1), 0),"
round-without-numeric,0e6a344c,2026-02-17,Opus 4.6,yes,supabase/migrations/populate-intent-tags.sql,"ROUND(100.0 * COUNT(*) FILTER (WHERE array_length(tags, 1) >= 3) / COUNT(*), 1) AS pct_covered"
round-without-numeric,951de671,2026-02-17,Opus 4.6,yes,supabase/migrations/populate-intent-tags-round2.sql,"ROUND(100.0 * COUNT(*) FILTER (WHERE array_length(tags, 1) >= 3) / COUNT(*), 1) AS pct_covered"
tailwind-color-classes,e7bca910,2026-02-17,Opus 4.6,yes,src/pages/Dish.jsx,"<div className=""absolute top-4 right-4 px-2 py-1 rounded-lg bg-white/90 backdrop-blur-sm"">"
hex-in-components,1a2fcc9e,2026-02-17,Opus 4.6,yes,src/components/DishSearch.jsx,"background: '#FFFFFF',"
hex-in-components,1a2fcc9e,2026-02-17,Opus 4.6,yes,src/components/DishSearch.jsx,"border: `2px solid ${isFocused ? '#E4440A' : '#1A1A1A'}`,"
hex-in-components,1a2fcc9e,2026-02-17,Opus 4.6,yes,src/components/home/RankedDishRow.jsx,"1: { color: '#E4440A', rankSize: '25px', nameSize: '16px', ratingSize: '16px' },"
hex-in-components,1a2fcc9e,2026-02-17,Opus 4.6,yes,src/components/home/RankedDishRow.jsx,"2: { color: '#1A1A1A', rankSize: '22px', nameSize: '15px', ratingSize: '15px' },"
hex-in-components,1a2fcc9e,2026-02-17,Opus 4.6,yes,src/components/home/RankedDishRow.jsx,"3: { color: '#1A1A1A', rankSize: '20px', nameSize: '14px', ratingSize: '14px' },"
hex-in-components,1a2fcc9e,2026-02-17,Opus 4.6,yes,src/components/home/RankedDishRow.jsx,"background: '#FFFFFF',"
hex-in-components,1a2fcc9e,2026-02-17,Opus 4.6,yes,src/components/home/RankedDishRow.jsx,"border: '2px solid #1A1A1A',"
hex-in-components,1a2fcc9e,2026-02-17,Opus 4.6,yes,src/components/home/RankedDishRow.jsx,"background: '#FFFFFF',"
hex-in-components,1a2fcc9e,2026-02-17,Opus 4.6,yes,src/components/home/RankedDishRow.jsx,"border: '2px solid #1A1A1A',"
hex-in-components,1a2fcc9e,2026-02-17,Opus 4.6,yes,src/components/home/RankedDishRow.jsx,"color: '#555555',"
hex-in-components,1a2fcc9e,2026-02-17,Opus 4.6,yes,src/components/home/RankedDishRow.jsx,"color: '#E4440A',"
hex-in-components,1a2fcc9e,2026-02-17,Opus 4.6,yes,src/components/home/RankedDishRow.jsx,"<span className=""text-xs"" style={{ color: '#999999' }}>"
hex-in-components,1a2fcc9e,2026-02-17,Opus 4.6,yes,src/components/home/RankedDishRow.jsx,"background: '#FFFFFF',"
hex-in-components,1a2fcc9e,2026-02-17,Opus 4.6,yes,src/components/home/RankedDishRow.jsx,"borderBottom: isLast ? 'none' : '1px solid #1A1A1A',"
hex-in-components,1a2fcc9e,2026-02-17,Opus 4.6,yes,src/components/home/RankedDishRow.jsx,"color: '#1A1A1A',"
hex-in-components,1a2fcc9e,2026-02-17,Opus 4.6,yes,src/components/home/RankedDishRow.jsx,style={{ color: '#1A1A1A' }}
hex-in-components,1a2fcc9e,2026-02-17,Opus 4.6,yes,src/components/home/RankedDishRow.jsx,"color: '#999999',"
hex-in-components,1a2fcc9e,2026-02-17,Opus 4.6,yes,src/components/home/RankedDishRow.jsx,"<span className=""text-sm font-bold"" style={{ color: '#E4440A' }}>"
hex-in-components,1a2fcc9e,2026-02-17,Opus 4.6,yes,src/components/home/RankedDishRow.jsx,"<span className=""text-xs"" style={{ color: '#999999' }}>"
hex-in-components,1a2fcc9e,2026-02-17,Opus 4.6,yes,src/components/home/RankedDishRow.jsx,style={{ color: '#999999' }}
hex-in-components,1a2fcc9e,2026-02-17,Opus 4.6,yes,src/components/home/SearchHero.jsx,style={{ background: '#FFFFFF' }}
hex-in-components,1a2fcc9e,2026-02-17,Opus 4.6,yes,src/components/home/Top10Compact.jsx,style={{ border: '2px solid #1A1A1A' }}
hex-in-components,1a2fcc9e,2026-02-17,Opus 4.6,yes,src/components/home/Top10Compact.jsx,"1: { color: '#E4440A', rankSize: '25px', nameSize: '16px', ratingSize: '16px' },"
hex-in-components,1a2fcc9e,2026-02-17,Opus 4.6,yes,src/components/home/Top10Compact.jsx,"2: { color: '#1A1A1A', rankSize: '24px', nameSize: '17px', ratingSize: '16px' },"
hex-in-components,1a2fcc9e,2026-02-17,Opus 4.6,yes,src/components/home/Top10Compact.jsx,"3: { color: '#1A1A1A', rankSize: '22px', nameSize: '16px', ratingSize: '15px' },"
hex-in-components,1a2fcc9e,2026-02-17,Opus 4.6,yes,src/components/home/Top10Compact.jsx,"background: '#FFFFFF',"
hex-in-components,1a2fcc9e,2026-02-17,Opus 4.6,yes,src/components/home/Top10Compact.jsx,"border: '2px solid #1A1A1A',"
hex-in-components,1a2fcc9e,2026-02-17,Opus 4.6,yes,src/components/home/Top10Compact.jsx,"color: '#555555',"
hex-in-components,1a2fcc9e,2026-02-17,Opus 4.6,yes,src/components/home/Top10Compact.jsx,"<span className=""font-bold"" style={{ color: '#E4440A' }}>"
hex-in-components,1a2fcc9e,2026-02-17,Opus 4.6,yes,src/components/home/Top10Compact.jsx,<span style={{ color: '#999999' }}> · {total_votes} votes</span>
hex-in-components,1a2fcc9e,2026-02-17,Opus 4.6,yes,src/components/home/Top10Compact.jsx,<span style={{ color: '#999999' }}>
hex-in-components,1a2fcc9e,2026-02-17,Opus 4.6,yes,src/components/home/Top10Compact.jsx,"background: '#FFFFFF',"
hex-in-components,1a2fcc9e,2026-02-17,Opus 4.6,yes,src/components/home/Top10Compact.jsx,"border: '2px solid #1A1A1A',"
hex-in-components,1a2fcc9e,2026-02-17,Opus 4.6,yes,src/components/home/Top10Compact.jsx,"<span className=""font-bold"" style={{ color: '#E4440A' }}>"
hex-in-components,1a2fcc9e,2026-02-17,Opus 4.6,yes,src/components/home/Top10Compact.jsx,<span style={{ color: '#999999' }}> · {total_votes} votes</span>
hex-in-components,1a2fcc9e,2026-02-17,Opus 4.6,yes,src/components/home/Top10Compact.jsx,<span style={{ color: '#999999' }}>
hex-in-components,1a2fcc9e,2026-02-17,Opus 4.6,yes,src/components/home/Top10Compact.jsx,"background: '#FFFFFF',"
hex-in-components,1a2fcc9e,2026-02-17,Opus 4.6,yes,src/components/home/Top10Compact.jsx,"borderBottom: isLast ? 'none' : '1px solid #1A1A1A',"
hex-in-components,1a2fcc9e,2026-02-17,Opus 4.6,yes,src/components/home/Top10Compact.jsx,"color: '#1A1A1A',"
hex-in-components,1a2fcc9e,2026-02-17,Opus 4.6,yes,src/components/home/Top10Compact.jsx,style={{ color: '#1A1A1A' }}
hex-in-components,1a2fcc9e,2026-02-17,Opus 4.6,yes,src/components/home/Top10Compact.jsx,"color: '#999999',"
hex-in-components,1a2fcc9e,2026-02-17,Opus 4.6,yes,src/components/home/Top10Compact.jsx,"<span className=""font-bold"" style={{ color: '#E4440A' }}>"
hex-in-components,1a2fcc9e,2026-02-17,Opus 4.6,yes,src/components/home/Top10Compact.jsx,<span style={{ color: '#999999' }}> · {total_votes} votes</span>
hex-in-components,1a2fcc9e,2026-02-17,Opus 4.6,yes,src/components/home/Top10Compact.jsx,<span style={{ color: '#999999' }}>
hex-in-components,1a2fcc9e,2026-02-17,Opus 4.6,yes,src/pages/Home.jsx,"background: isDark ? 'var(--color-surface-elevated)' : '#FFFFFF',"
hex-in-components,1a2fcc9e,2026-02-17,Opus 4.6,yes,src/pages/Home.jsx,"border: isActive ? '2px solid #E4440A' : '2px solid #1A1A1A',"
hex-in-components,1a2fcc9e,2026-02-17,Opus 4.6,yes,src/pages/Home.jsx,"background: '#FFFFFF',"
hex-in-components,1a2fcc9e,2026-02-17,Opus 4.6,yes,src/pages/Home.jsx,"border: '2px solid #1A1A1A',"
hex-in-components,1a2fcc9e,2026-02-17,Opus 4.6,yes,src/pages/Home.jsx,"color: '#E4440A',"
hex-in-components,1a2fcc9e,2026-02-17,Opus 4.6,yes,src/pages/Home.jsx,"color: '#E4440A',"
hex-in-components,1a2fcc9e,2026-02-17,Opus 4.6,yes,src/pages/Home.jsx,"color: '#555555',"
hex-in-components,1a2fcc9e,2026-02-17,Opus 4.6,yes,src/pages/Home.jsx,"color: '#E4440A',"
hex-in-components,1a2fcc9e,2026-02-17,Opus 4.6,yes,src/pages/Home.jsx,"color: '#999999',"
hex-in-components,22b803bf,2026-02-17,Opus 4.6,yes,src/components/DishSearch.jsx,"border: `3px solid ${isFocused ? '#E4440A' : '#1A1A1A'}`,"
hex-in-components,22b803bf,2026-02-17,Opus 4.6,yes,src/components/home/RankedDishRow.jsx,"border: '3px solid #1A1A1A',"
hex-in-components,22b803bf,2026-02-17,Opus 4.6,yes,src/components/home/Top10Compact.jsx,style={{ border: '3px solid #1A1A1A' }}
hex-in-components,22b803bf,2026-02-17,Opus 4.6,yes,src/components/home/Top10Compact.jsx,"border: '3px solid #1A1A1A',"
hex-in-components,22b803bf,2026-02-17,Opus 4.6,yes,src/components/home/Top10Compact.jsx,"<CategoryIcon categoryId={category} size={28} color=""#E4440A"" />"
hex-in-components,22b803bf,2026-02-17,Opus 4.6,yes,src/components/home/Top10Compact.jsx,"<CategoryIcon categoryId={category} size={24} color=""#E4440A"" />"
hex-in-components,22b803bf,2026-02-17,Opus 4.6,yes,src/pages/Home.jsx,"background: isActive ? '#E4440A' : '#FFFFFF',"
hex-in-components,22b803bf,2026-02-17,Opus 4.6,yes,src/pages/Home.jsx,"border: '3px solid #1A1A1A',"
hex-in-components,22b803bf,2026-02-17,Opus 4.6,yes,src/pages/Home.jsx,color={isActive ? '#FFFFFF' : '#E4440A'}
hex-in-components,22b803bf,2026-02-17,Opus 4.6,yes,src/pages/Home.jsx,"color: isActive ? '#FFFFFF' : '#1A1A1A',"
hex-in-components,22b803bf,2026-02-17,Opus 4.6,yes,src/pages/Home.jsx,"border: '3px solid #1A1A1A',"
hex-in-components,22b803bf,2026-02-17,Opus 4.6,yes,src/pages/Home.jsx,"<CategoryIcon categoryId={category} size={72} color=""#E4440A"" />"
hex-in-components,293a5a75,2026-02-17,Opus 4.6,yes,src/components/home/SearchHero.jsx,"color: '#1A1A1A',"
hex-in-components,293a5a75,2026-02-17,Opus 4.6,yes,src/components/home/SearchHero.jsx,<span style={{ color: '#E4440A' }}>Here</span>
hex-in-components,293a5a75,2026-02-17,Opus 4.6,yes,src/components/home/Top10Compact.jsx,"color: '#E4440A',"
hex-in-components,293a5a75,2026-02-17,Opus 4.6,yes,src/components/home/Top10Compact.jsx,"color: '#999999',"
hex-in-components,293a5a75,2026-02-17,Opus 4.6,yes,src/components/home/Top10Compact.jsx,"<p className=""text-sm"" style={{ color: '#999999' }}>"
hex-in-components,293a5a75,2026-02-17,Opus 4.6,yes,src/components/home/Top10Compact.jsx,"color: '#E4440A',"
hex-in-components,293a5a75,2026-02-17,Opus 4.6,yes,src/components/home/Top10Compact.jsx,"borderTop: '1px solid #E8E8E8',"
hex-in-components,293a5a75,2026-02-17,Opus 4.6,yes,src/components/home/Top10Compact.jsx,"color: '#1A1A1A',"
hex-in-components,293a5a75,2026-02-17,Opus 4.6,yes,src/components/home/Top10Compact.jsx,"color: '#1A1A1A',"
hex-in-components,293a5a75,2026-02-17,Opus 4.6,yes,src/components/home/Top10Compact.jsx,"color: '#999999',"
hex-in-components,293a5a75,2026-02-17,Opus 4.6,yes,src/components/home/Top10Compact.jsx,"<span className=""text-xs flex-shrink-0"" style={{ color: '#999999' }}>"
hex-in-components,293a5a75,2026-02-17,Opus 4.6,yes,src/components/home/Top10Compact.jsx,"<CategoryIcon categoryId={category} size={24} color=""#E4440A"" />"
hex-in-components,293a5a75,2026-02-17,Opus 4.6,yes,src/components/home/Top10Compact.jsx,"borderBottom: isLast ? 'none' : '1px solid #E8E8E8',"
hex-in-components,293a5a75,2026-02-17,Opus 4.6,yes,src/components/home/Top10Compact.jsx,"<span className=""text-xs flex-shrink-0"" style={{ color: '#999999' }}>"
hex-in-components,293a5a75,2026-02-17,Opus 4.6,yes,src/components/home/Top10Compact.jsx,"<CategoryIcon categoryId={category} size={20} color=""#E4440A"" />"
hex-in-components,293a5a75,2026-02-17,Opus 4.6,yes,src/pages/Home.jsx,"<div className=""min-h-screen"" style={{ background: '#FFFFFF' }}>"
hex-in-components,293a5a75,2026-02-17,Opus 4.6,yes,src/pages/Home.jsx,"<section className=""px-4 pt-6 pb-6"" style={{ background: '#FFFFFF' }}>"
hex-in-components,293a5a75,2026-02-17,Opus 4.6,yes,src/pages/Home.jsx,"style={{ background: '#F5F5F5', color: '#1A1A1A' }}"
hex-in-components,293a5a75,2026-02-17,Opus 4.6,yes,src/pages/Home.jsx,"<p className=""text-sm font-medium"" style={{ color: '#999999' }}>"
hex-in-components,293a5a75,2026-02-17,Opus 4.6,yes,src/pages/Home.jsx,"<p className=""text-xs mt-1"" style={{ color: '#CCCCCC' }}>"
hex-in-components,293a5a75,2026-02-17,Opus 4.6,yes,src/pages/Home.jsx,"style={{ background: '#E4440A', color: '#FFFFFF' }}"
hex-in-components,293a5a75,2026-02-17,Opus 4.6,yes,src/pages/Home.jsx,"background: isActive ? '#E4440A' : '#FFFFFF',"
hex-in-components,293a5a75,2026-02-17,Opus 4.6,yes,src/pages/Home.jsx,"border: '3px solid #1A1A1A',"
hex-in-components,293a5a75,2026-02-17,Opus 4.6,yes,src/pages/Home.jsx,color={isActive ? '#FFFFFF' : '#E4440A'}
hex-in-components,293a5a75,2026-02-17,Opus 4.6,yes,src/pages/Home.jsx,"color: isActive ? '#FFFFFF' : '#1A1A1A',"
hex-in-components,293a5a75,2026-02-17,Opus 4.6,yes,src/pages/Home.jsx,"color: '#1A1A1A',"
hex-in-components,293a5a75,2026-02-17,Opus 4.6,yes,src/pages/Home.jsx,"border: '3px solid #1A1A1A',"
hex-in-components,293a5a75,2026-02-17,Opus 4.6,yes,src/pages/Home.jsx,"background: '#FFFFFF',"
hex-in-components,293a5a75,2026-02-17,Opus 4.6,yes,src/pages/Home.jsx,"color: '#1A1A1A',"
hex-in-components,293a5a75,2026-02-17,Opus 4.6,yes,src/pages/Home.jsx,"color: '#999999',"
hex-in-components,293a5a75,2026-02-17,Opus 4.6,yes,src/pages/Home.jsx,"<CategoryIcon categoryId={category} size={56} color=""#E4440A"" />"
hex-in-components,293a5a75,2026-02-17,Opus 4.6,yes,src/pages/Home.jsx,"color: '#999999',"
hex-in-components,293a5a75,2026-02-17,Opus 4.6,yes,src/pages/Home.jsx,"<div className=""h-5 w-32 rounded mb-4"" style={{ background: '#F0F0F0' }} />"
hex-in-components,293a5a75,2026-02-17,Opus 4.6,yes,src/pages/Home.jsx,"<div key={i} className=""flex items-center gap-3 py-3 px-3 rounded-xl mb-1.5"" style={{ background: '#F5F5F5' }}>"
hex-in-components,293a5a75,2026-02-17,Opus 4.6,yes,src/pages/Home.jsx,"<div className=""w-6 h-6 rounded-full"" style={{ background: '#E8E8E8' }} />"
hex-in-components,293a5a75,2026-02-17,Opus 4.6,yes,src/pages/Home.jsx,"<div className=""h-4 w-32 rounded mb-1"" style={{ background: '#E8E8E8' }} />"
hex-in-components,293a5a75,2026-02-17,Opus 4.6,yes,src/pages/Home.jsx,"<div className=""h-3 w-24 rounded"" style={{ background: '#E8E8E8' }} />"
hex-in-components,293a5a75,2026-02-17,Opus 4.6,yes,src/pages/Home.jsx,"<div className=""h-5 w-8 rounded"" style={{ background: '#E8E8E8' }} />"
hex-in-components,293a5a75,2026-02-17,Opus 4.6,yes,src/pages/Home.jsx,"<div className=""w-6 h-4 rounded"" style={{ background: '#F0F0F0' }} />"
hex-in-components,293a5a75,2026-02-17,Opus 4.6,yes,src/pages/Home.jsx,"<div className=""h-3.5 w-28 rounded mb-1"" style={{ background: '#F0F0F0' }} />"
hex-in-components,293a5a75,2026-02-17,Opus 4.6,yes,src/pages/Home.jsx,"<div className=""h-3 w-20 rounded"" style={{ background: '#F0F0F0' }} />"
hex-in-components,293a5a75,2026-02-17,Opus 4.6,yes,src/pages/Home.jsx,"<div className=""h-4 w-7 rounded"" style={{ background: '#F0F0F0' }} />"
hex-in-components,293a5a75,2026-02-17,Opus 4.6,yes,src/pages/Home.jsx,"<p className=""font-bold text-lg"" style={{ color: '#1A1A1A' }}>"
hex-in-components,293a5a75,2026-02-17,Opus 4.6,yes,src/pages/Home.jsx,"<p className=""text-sm mt-1"" style={{ color: '#999999' }}>"
hex-in-components,293a5a75,2026-02-17,Opus 4.6,yes,src/pages/Home.jsx,"style={{ background: '#E4440A', color: '#FFFFFF' }}"
hex-in-components,853b95ad,2026-02-17,Opus 4.6,yes,src/pages/Home.jsx,"background: isActive ? '#E4440A' : '#FFFFFF',"
hex-in-components,853b95ad,2026-02-17,Opus 4.6,yes,src/pages/Home.jsx,"border: '3px solid #1A1A1A',"
hex-in-components,853b95ad,2026-02-17,Opus 4.6,yes,src/pages/Home.jsx,color={isActive ? '#FFFFFF' : '#E4440A'}
hex-in-components,853b95ad,2026-02-17,Opus 4.6,yes,src/pages/Home.jsx,"color: isActive ? '#FFFFFF' : '#1A1A1A',"
hex-in-components,427243fd,2026-02-17,Opus 4.6,yes,src/components/DishSearch.jsx,"boxShadow: isFocused ? '4px 4px 0px #E4440A' : '4px 4px 0px #1A1A1A',"
hex-in-components,427243fd,2026-02-17,Opus 4.6,yes,src/components/home/Top10Compact.jsx,"borderTop: '1px solid #1A1A1A',"
hex-in-components,427243fd,2026-02-17,Opus 4.6,yes,src/components/home/Top10Compact.jsx,"2: { bg: '#8A8A8A', text: '#FFFFFF' },"
hex-in-components,427243fd,2026-02-17,Opus 4.6,yes,src/components/home/Top10Compact.jsx,"3: { bg: '#A0764E', text: '#FFFFFF' },"
hex-in-components,427243fd,2026-02-17,Opus 4.6,yes,src/components/home/Top10Compact.jsx,"boxShadow: '5px 5px 0px #1A1A1A',"
hex-in-components,427243fd,2026-02-17,Opus 4.6,yes,src/components/home/Top10Compact.jsx,"borderBottom: '2px solid #1A1A1A',"
hex-in-components,427243fd,2026-02-17,Opus 4.6,yes,src/components/home/Top10Compact.jsx,"color: '#1A1A1A',"
hex-in-components,427243fd,2026-02-17,Opus 4.6,yes,src/components/home/Top10Compact.jsx,"color: '#999999',"
hex-in-components,427243fd,2026-02-17,Opus 4.6,yes,src/components/home/Top10Compact.jsx,"<span className=""text-xs flex-shrink-0"" style={{ color: '#999999' }}>"
hex-in-components,427243fd,2026-02-17,Opus 4.6,yes,src/components/home/Top10Compact.jsx,"border: '3px solid #1A1A1A',"
hex-in-components,427243fd,2026-02-17,Opus 4.6,yes,src/components/home/Top10Compact.jsx,"boxShadow: `${rank <= 6 ? 3 : 2}px ${rank <= 6 ? 3 : 2}px 0px #1A1A1A`,"
hex-in-components,427243fd,2026-02-17,Opus 4.6,yes,src/components/home/Top10Compact.jsx,"color: '#1A1A1A',"
hex-in-components,427243fd,2026-02-17,Opus 4.6,yes,src/components/home/Top10Compact.jsx,"<CategoryIcon categoryId={category} size={22} color=""#E4440A"" />"
hex-in-components,427243fd,2026-02-17,Opus 4.6,yes,src/pages/Home.jsx,"boxShadow: '3px 3px 0px #1A1A1A',"
hex-in-components,427243fd,2026-02-17,Opus 4.6,yes,src/pages/Home.jsx,"border: '4px solid #1A1A1A',"
hex-in-components,427243fd,2026-02-17,Opus 4.6,yes,src/pages/Home.jsx,"boxShadow: '6px 6px 0px #1A1A1A',"
hex-in-components,427243fd,2026-02-17,Opus 4.6,yes,src/pages/Home.jsx,"borderBottom: '3px solid #1A1A1A',"
hex-in-components,427243fd,2026-02-17,Opus 4.6,yes,src/pages/Home.jsx,"background: '#E4440A',"
hex-in-components,427243fd,2026-02-17,Opus 4.6,yes,src/pages/Home.jsx,"color: '#FFFFFF',"
hex-in-components,427243fd,2026-02-17,Opus 4.6,yes,src/pages/Home.jsx,"<CategoryIcon categoryId={category} size={32} color=""#FFFFFF"" />"
hex-in-components,427243fd,2026-02-17,Opus 4.6,yes,src/pages/Home.jsx,"color: '#1A1A1A',"
hex-in-components,427243fd,2026-02-17,Opus 4.6,yes,src/pages/Home.jsx,"color: '#999999',"
hex-in-components,427243fd,2026-02-17,Opus 4.6,yes,src/pages/Home.jsx,"color: '#BBBBBB',"
hex-in-components,b44db5de,2026-02-17,Opus 4.6,yes,src/components/home/Top10Compact.jsx,"color: '#1A1A1A',"
hex-in-components,b44db5de,2026-02-17,Opus 4.6,yes,src/components/home/Top10Compact.jsx,"color: '#999999',"
hex-in-components,b44db5de,2026-02-17,Opus 4.6,yes,src/components/home/Top10Compact.jsx,"<span className=""text-xs font-medium"" style={{ color: '#999999', display: 'block', marginTop: '6px' }}>"
hex-in-components,b44db5de,2026-02-17,Opus 4.6,yes,src/components/home/Top10Compact.jsx,"<span className=""text-xs font-medium"" style={{ color: '#999999', display: 'block', marginTop: '4px' }}>"
hex-in-components,b44db5de,2026-02-17,Opus 4.6,yes,src/pages/Home.jsx,"color: '#E4440A',"
hex-in-components,607a8c69,2026-02-17,Opus 4.6,yes,src/components/home/Top10Compact.jsx,"<span style={{ fontSize: '11px', color: '#BBBBBB', fontWeight: 500 }}>"
hex-in-components,607a8c69,2026-02-17,Opus 4.6,yes,src/components/home/Top10Compact.jsx,"<span className=""text-xs font-medium"" style={{ color: '#999999' }}>"
hex-in-components,607a8c69,2026-02-17,Opus 4.6,yes,src/components/home/Top10Compact.jsx,"<span style={{ fontSize: '11px', color: '#BBBBBB', fontWeight: 500 }}>"
hex-in-components,607a8c69,2026-02-17,Opus 4.6,yes,src/components/home/Top10Compact.jsx,"<span className=""text-xs font-medium"" style={{ color: '#999999' }}>"
hex-in-components,607a8c69,2026-02-17,Opus 4.6,yes,src/pages/Home.jsx,"border: '3px solid #1A1A1A',"
hex-in-components,607a8c69,2026-02-17,Opus 4.6,yes,src/pages/Home.jsx,"boxShadow: '5px 5px 0px #1A1A1A',"
hex-in-components,607a8c69,2026-02-17,Opus 4.6,yes,src/pages/Home.jsx,"<CategoryIcon categoryId={category} size={28} color=""#FFFFFF"" />"
hex-in-components,7c43968b,2026-02-17,Opus 4.6,yes,src/components/home/Top10Compact.jsx,"color: '#1A1A1A',"
hex-in-components,7c43968b,2026-02-17,Opus 4.6,yes,src/components/home/Top10Compact.jsx,"color: '#999999',"
hex-in-components,7c43968b,2026-02-17,Opus 4.6,yes,src/components/home/Top10Compact.jsx,"<span style={{ fontSize: '11px', color: '#BBBBBB', fontWeight: 500 }}>"
hex-in-components,7c43968b,2026-02-17,Opus 4.6,yes,src/components/home/Top10Compact.jsx,"<span className=""text-xs font-medium"" style={{ color: '#999999' }}>"
hex-in-components,7c43968b,2026-02-17,Opus 4.6,yes,src/components/home/Top10Compact.jsx,"<CategoryIcon categoryId={category} size={72} color=""#E4440A"" />"
hex-in-components,7c43968b,2026-02-17,Opus 4.6,yes,src/components/home/Top10Compact.jsx,"<CategoryIcon categoryId={category} size={56} color=""#E4440A"" />"
hex-in-components,7c43968b,2026-02-17,Opus 4.6,yes,src/pages/Home.jsx,"color: '#1A1A1A',"
hex-in-components,7c43968b,2026-02-17,Opus 4.6,yes,src/pages/Home.jsx,"color: '#999999',"
hex-in-components,7c43968b,2026-02-17,Opus 4.6,yes,src/pages/Home.jsx,"color: '#BBBBBB',"
hex-in-components,7c43968b,2026-02-17,Opus 4.6,yes,src/pages/Home.jsx,"<CategoryIcon categoryId={category} size={96} color=""#E4440A"" />"
hex-in-components,9defc514,2026-02-18,Opus 4.6,yes,src/components/home/Top10Compact.jsx,"<CategoryIcon categoryId={category} dishName={dish_name} size={72} color=""#E4440A"" />"
hex-in-components,9defc514,2026-02-18,Opus 4.6,yes,src/components/home/Top10Compact.jsx,"<CategoryIcon categoryId={category} dishName={dish_name} size={56} color=""#E4440A"" />"
hex-in-components,9defc514,2026-02-18,Opus 4.6,yes,src/pages/Home.jsx,"<CategoryIcon categoryId={category} dishName={dish_name} size={96} color=""#E4440A"" />"
hex-in-components,fdf0aef9,2026-02-18,Opus 4.6,yes,src/components/TownPicker.jsx,"background: '#E4440A',"
hex-in-components,fdf0aef9,2026-02-18,Opus 4.6,yes,src/components/TownPicker.jsx,"color: '#FFFFFF',"
hex-in-components,fdf0aef9,2026-02-18,Opus 4.6,yes,src/components/TownPicker.jsx,"border: '3px solid #1A1A1A',"
hex-in-components,fdf0aef9,2026-02-18,Opus 4.6,yes,src/components/TownPicker.jsx,"boxShadow: '2px 2px 0px #1A1A1A',"
hex-in-components,fdf0aef9,2026-02-18,Opus 4.6,yes,src/components/TownPicker.jsx,"background: isActive ? '#E4440A' : '#FFFFFF',"
hex-in-components,fdf0aef9,2026-02-18,Opus 4.6,yes,src/components/TownPicker.jsx,"color: isActive ? '#FFFFFF' : '#1A1A1A',"
hex-in-components,fdf0aef9,2026-02-18,Opus 4.6,yes,src/components/TownPicker.jsx,"border: '3px solid #1A1A1A',"
hex-in-components,fdf0aef9,2026-02-18,Opus 4.6,yes,src/components/TownPicker.jsx,"boxShadow: '2px 2px 0px #1A1A1A',"
hex-in-components,fdf0aef9,2026-02-18,Opus 4.6,yes,src/components/TownPicker.jsx,"background: '#FFFFFF',"
hex-in-components,fdf0aef9,2026-02-18,Opus 4.6,yes,src/components/TownPicker.jsx,"border: '3px solid #1A1A1A',"
hex-in-components,fdf0aef9,2026-02-18,Opus 4.6,yes,src/components/TownPicker.jsx,"boxShadow: '3px 3px 0px #1A1A1A',"
hex-in-components,fdf0aef9,2026-02-18,Opus 4.6,yes,src/components/TownPicker.jsx,"<svg width=""18"" height=""18"" viewBox=""0 0 24 24"" fill=""#E4440A"">"
hex-in-components,fdf0aef9,2026-02-18,Opus 4.6,yes,src/components/TownPicker.jsx,"color: '#1A1A1A',"
hex-in-components,fdf0aef9,2026-02-18,Opus 4.6,yes,src/components/TownPicker.jsx,"<svg width=""12"" height=""12"" viewBox=""0 0 24 24"" fill=""none"" stroke=""#1A1A1A"" strokeWidth={3}>"
hex-in-components,fdf0aef9,2026-02-18,Opus 4.6,yes,src/pages/Home.jsx,"background: isActive ? '#E4440A' : '#FFFFFF',"
hex-in-components,fdf0aef9,2026-02-18,Opus 4.6,yes,src/pages/Home.jsx,"border: '3px solid #1A1A1A',"
hex-in-components,fdf0aef9,2026-02-18,Opus 4.6,yes,src/pages/Home.jsx,"boxShadow: '3px 3px 0px #1A1A1A',"
hex-in-components,fdf0aef9,2026-02-18,Opus 4.6,yes,src/pages/Home.jsx,color={isActive ? '#FFFFFF' : '#E4440A'}
hex-in-components,fdf0aef9,2026-02-18,Opus 4.6,yes,src/pages/Home.jsx,"color: isActive ? '#FFFFFF' : '#1A1A1A',"
hex-in-components,4a087a65,2026-02-18,Opus 4.6,yes,src/components/home/Top10Compact.jsx,"borderTop: '1px solid #E0E0E0',"
hex-in-components,4a087a65,2026-02-18,Opus 4.6,yes,src/components/home/Top10Compact.jsx,"border: '2px solid #1A1A1A',"
hex-in-components,4a087a65,2026-02-18,Opus 4.6,yes,src/components/home/Top10Compact.jsx,"boxShadow: rank === 2 ? '3px 3px 0px #1A1A1A' : '2px 2px 0px #1A1A1A',"
hex-in-components,4a087a65,2026-02-18,Opus 4.6,yes,src/components/home/Top10Compact.jsx,"<CategoryIcon categoryId={category} dishName={dish_name} size={rank === 2 ? 72 : 60} color=""#E4440A"" />"
hex-in-components,4a087a65,2026-02-18,Opus 4.6,yes,src/components/home/Top10Compact.jsx,"borderBottom: '1px solid #CCCCCC',"
hex-in-components,4a087a65,2026-02-18,Opus 4.6,yes,src/pages/Home.jsx,"background: isActive ? '#E4440A' : '#F5F5F5',"
hex-in-components,56723b5c,2026-02-18,Opus 4.6,yes,src/components/home/Top10Compact.jsx,"<CategoryIcon categoryId={category} dishName={dish_name} size={72} color=""#E4440A"" />"
hex-in-components,79f5d3fd,2026-02-19,Opus 4.6,yes,src/components/SpecialCard.jsx,"background: '#FFFFFF',"
hex-in-components,79f5d3fd,2026-02-19,Opus 4.6,yes,src/components/SpecialCard.jsx,"border: '2px solid #1A1A1A',"
hex-in-components,79f5d3fd,2026-02-19,Opus 4.6,yes,src/components/SpecialCard.jsx,"boxShadow: '2px 2px 0px #1A1A1A',"
hex-in-components,79f5d3fd,2026-02-19,Opus 4.6,yes,src/components/SpecialCard.jsx,"<h3 className=""font-bold text-base"" style={{ color: '#1A1A1A' }}>"
hex-in-components,79f5d3fd,2026-02-19,Opus 4.6,yes,src/components/SpecialCard.jsx,"color: '#999999',"
hex-in-components,79f5d3fd,2026-02-19,Opus 4.6,yes,src/components/SpecialCard.jsx,style={{ color: '#999999' }}
hex-in-components,79f5d3fd,2026-02-19,Opus 4.6,yes,src/components/SpecialCard.jsx,"background: '#FFF0EB',"
hex-in-components,79f5d3fd,2026-02-19,Opus 4.6,yes,src/components/SpecialCard.jsx,"color: '#E4440A',"
hex-in-components,79f5d3fd,2026-02-19,Opus 4.6,yes,src/components/restaurants/RestaurantDishes.jsx,"style={{ background: '#F5F5F5', border: '2px solid #E0E0E0' }}"
hex-in-components,79f5d3fd,2026-02-19,Opus 4.6,yes,src/components/restaurants/RestaurantDishes.jsx,"<p className=""text-sm"" style={{ color: '#E4440A' }}>{error?.message || error}</p>"
hex-in-components,79f5d3fd,2026-02-19,Opus 4.6,yes,src/components/restaurants/RestaurantDishes.jsx,"color: '#1A1A1A',"
hex-in-components,79f5d3fd,2026-02-19,Opus 4.6,yes,src/components/restaurants/RestaurantDishes.jsx,"<p className=""mt-1 font-medium"" style={{ color: '#BBBBBB', fontSize: '12px' }}>"
hex-in-components,79f5d3fd,2026-02-19,Opus 4.6,yes,src/components/restaurants/RestaurantDishes.jsx,"background: '#FFFFFF',"
hex-in-components,79f5d3fd,2026-02-19,Opus 4.6,yes,src/components/restaurants/RestaurantDishes.jsx,"border: '1.5px solid #E4440A',"
hex-in-components,79f5d3fd,2026-02-19,Opus 4.6,yes,src/components/restaurants/RestaurantDishes.jsx,"background: '#E4440A',"
hex-in-components,79f5d3fd,2026-02-19,Opus 4.6,yes,src/components/restaurants/RestaurantDishes.jsx,"color: '#FFFFFF',"
hex-in-components,79f5d3fd,2026-02-19,Opus 4.6,yes,src/components/restaurants/RestaurantDishes.jsx,"ringColor: '#FFFFFF',"
hex-in-components,79f5d3fd,2026-02-19,Opus 4.6,yes,src/components/restaurants/RestaurantDishes.jsx,"<p className=""text-sm font-bold"" style={{ color: '#1A1A1A' }}>"
hex-in-components,79f5d3fd,2026-02-19,Opus 4.6,yes,src/components/restaurants/RestaurantDishes.jsx,"background: '#FFFFFF',"
hex-in-components,79f5d3fd,2026-02-19,Opus 4.6,yes,src/components/restaurants/RestaurantDishes.jsx,"border: '1px solid #E0E0E0',"
hex-in-components,79f5d3fd,2026-02-19,Opus 4.6,yes,src/components/restaurants/RestaurantDishes.jsx,"<p className=""font-bold"" style={{ color: '#999999', fontSize: '14px' }}>"
hex-in-components,79f5d3fd,2026-02-19,Opus 4.6,yes,src/components/restaurants/RestaurantDishes.jsx,"<p className=""mt-1.5 font-medium"" style={{ color: '#BBBBBB', fontSize: '12px' }}>"
hex-in-components,79f5d3fd,2026-02-19,Opus 4.6,yes,src/components/restaurants/RestaurantDishes.jsx,"background: '#FFFFFF',"
hex-in-components,79f5d3fd,2026-02-19,Opus 4.6,yes,src/components/restaurants/RestaurantDishes.jsx,"color: '#E4440A',"
hex-in-components,79f5d3fd,2026-02-19,Opus 4.6,yes,src/components/restaurants/RestaurantDishes.jsx,"border: '1px solid #1A1A1A',"
hex-in-components,79f5d3fd,2026-02-19,Opus 4.6,yes,src/components/restaurants/TopDishCard.jsx,"background: '#FFFFFF',"
hex-in-components,79f5d3fd,2026-02-19,Opus 4.6,yes,src/components/restaurants/TopDishCard.jsx,"border: '2px solid #1A1A1A',"
hex-in-components,79f5d3fd,2026-02-19,Opus 4.6,yes,src/components/restaurants/TopDishCard.jsx,"boxShadow: '2px 2px 0px #1A1A1A',"
hex-in-components,79f5d3fd,2026-02-19,Opus 4.6,yes,src/components/restaurants/TopDishCard.jsx,"color: rank <= 3 && isRanked ? '#E4440A' : '#BBBBBB',"
hex-in-components,79f5d3fd,2026-02-19,Opus 4.6,yes,src/components/restaurants/TopDishCard.jsx,"background: photo_url ? '#F5F5F5' : '#FFF0EB',"
hex-in-components,79f5d3fd,2026-02-19,Opus 4.6,yes,src/components/restaurants/TopDishCard.jsx,"border: '1px solid #E0E0E0',"
hex-in-components,79f5d3fd,2026-02-19,Opus 4.6,yes,src/components/restaurants/TopDishCard.jsx,"<CategoryIcon categoryId={category} dishName={dish_name} size={40} color=""#E4440A"" />"
hex-in-components,79f5d3fd,2026-02-19,Opus 4.6,yes,src/components/restaurants/TopDishCard.jsx,"color: '#1A1A1A',"
hex-in-components,79f5d3fd,2026-02-19,Opus 4.6,yes,src/components/restaurants/TopDishCard.jsx,"<span className=""font-bold"" style={{ color: '#999999', fontSize: '12px' }}>"
hex-in-components,79f5d3fd,2026-02-19,Opus 4.6,yes,src/components/restaurants/TopDishCard.jsx,style={{ background: '#F5F5F5' }}
hex-in-components,79f5d3fd,2026-02-19,Opus 4.6,yes,src/components/restaurants/TopDishCard.jsx,"<span className=""font-medium"" style={{ color: '#BBBBBB', fontSize: '10px' }}>"
hex-in-components,79f5d3fd,2026-02-19,Opus 4.6,yes,src/components/restaurants/TopDishCard.jsx,"<span className=""font-bold"" style={{ color: '#16A34A', fontSize: '14px' }}>"
hex-in-components,79f5d3fd,2026-02-19,Opus 4.6,yes,src/components/restaurants/TopDishCard.jsx,"<span className=""font-medium"" style={{ color: '#BBBBBB', fontSize: '10px' }}>"
hex-in-components,79f5d3fd,2026-02-19,Opus 4.6,yes,src/components/restaurants/TopDishCard.jsx,"<span className=""font-medium"" style={{ color: '#BBBBBB', fontSize: '12px' }}>"
hex-in-components,79f5d3fd,2026-02-19,Opus 4.6,yes,src/components/restaurants/TopDishCard.jsx,"style={{ background: '#E4440A', color: '#FFFFFF', ringColor: '#FFFFFF' }}"
hex-in-components,79f5d3fd,2026-02-19,Opus 4.6,yes,src/components/restaurants/TopDishCard.jsx,"<span className=""font-medium truncate"" style={{ color: '#BBBBBB', fontSize: '11px' }}>"
hex-in-components,79f5d3fd,2026-02-19,Opus 4.6,yes,src/pages/Discover.jsx,"<div className=""min-h-screen pb-24"" style={{ background: '#FFFFFF' }}>"
hex-in-components,79f5d3fd,2026-02-19,Opus 4.6,yes,src/pages/Discover.jsx,"<header className=""px-4 pt-6 pb-4"" style={{ background: '#FFFFFF', borderBottom: '2px solid #1A1A1A' }}>"
hex-in-components,79f5d3fd,2026-02-19,Opus 4.6,yes,src/pages/Discover.jsx,"color: '#1A1A1A',"
hex-in-components,79f5d3fd,2026-02-19,Opus 4.6,yes,src/pages/Discover.jsx,"<p className=""text-sm mt-1"" style={{ color: '#999999' }}>"
hex-in-components,79f5d3fd,2026-02-19,Opus 4.6,yes,src/pages/Discover.jsx,"<p className=""text-sm"" style={{ color: '#E4440A' }}>"
hex-in-components,79f5d3fd,2026-02-19,Opus 4.6,yes,src/pages/Discover.jsx,"style={{ background: '#F5F5F5', border: '2px solid #E0E0E0' }}"
hex-in-components,79f5d3fd,2026-02-19,Opus 4.6,yes,src/pages/Discover.jsx,"background: '#FFFFFF',"
hex-in-components,79f5d3fd,2026-02-19,Opus 4.6,yes,src/pages/Discover.jsx,"border: '1px solid #E0E0E0',"
hex-in-components,79f5d3fd,2026-02-19,Opus 4.6,yes,src/pages/Discover.jsx,"color: '#1A1A1A',"
hex-in-components,79f5d3fd,2026-02-19,Opus 4.6,yes,src/pages/Discover.jsx,"<p className=""text-sm mt-1"" style={{ color: '#BBBBBB' }}>"
hex-in-components,79f5d3fd,2026-02-19,Opus 4.6,yes,src/pages/Dish.jsx,"<div className=""min-h-screen"" style={{ background: '#FFFFFF' }}>"
hex-in-components,79f5d3fd,2026-02-19,Opus 4.6,yes,src/pages/Dish.jsx,"<div className=""aspect-[4/3] w-full"" style={{ background: '#E0E0E0' }} />"
hex-in-components,79f5d3fd,2026-02-19,Opus 4.6,yes,src/pages/Dish.jsx,"style={{ background: '#FFFFFF', border: '2px solid #1A1A1A' }}"
hex-in-components,79f5d3fd,2026-02-19,Opus 4.6,yes,src/pages/Dish.jsx,"<div className=""h-6 w-48 rounded"" style={{ background: '#E0E0E0' }} />"
hex-in-components,79f5d3fd,2026-02-19,Opus 4.6,yes,src/pages/Dish.jsx,"<div className=""h-4 w-32 rounded"" style={{ background: '#E0E0E0' }} />"
hex-in-components,79f5d3fd,2026-02-19,Opus 4.6,yes,src/pages/Dish.jsx,"<div className=""h-10 w-14 rounded"" style={{ background: '#E0E0E0' }} />"
hex-in-components,79f5d3fd,2026-02-19,Opus 4.6,yes,src/pages/Dish.jsx,"<div className=""h-4 w-24 rounded"" style={{ background: '#E0E0E0' }} />"
hex-in-components,79f5d3fd,2026-02-19,Opus 4.6,yes,src/pages/Dish.jsx,"<div className=""h-4 w-48 rounded"" style={{ background: '#E0E0E0' }} />"
hex-in-components,79f5d3fd,2026-02-19,Opus 4.6,yes,src/pages/Dish.jsx,"<div className=""h-4 w-32 rounded"" style={{ background: '#E0E0E0' }} />"
hex-in-components,79f5d3fd,2026-02-19,Opus 4.6,yes,src/pages/Dish.jsx,"<div className=""min-h-screen flex items-center justify-center"" style={{ background: '#FFFFFF' }}>"
hex-in-components,79f5d3fd,2026-02-19,Opus 4.6,yes,src/pages/Dish.jsx,"<p className=""font-bold mb-2"" style={{ color: '#1A1A1A' }}>"
hex-in-components,79f5d3fd,2026-02-19,Opus 4.6,yes,src/pages/Dish.jsx,"background: '#E4440A',"
hex-in-components,79f5d3fd,2026-02-19,Opus 4.6,yes,src/pages/Dish.jsx,"color: '#FFFFFF',"
hex-in-components,79f5d3fd,2026-02-19,Opus 4.6,yes,src/pages/Dish.jsx,"border: '2px solid #1A1A1A',"
hex-in-components,79f5d3fd,2026-02-19,Opus 4.6,yes,src/pages/Dish.jsx,"boxShadow: '2px 2px 0px #1A1A1A',"
hex-in-components,79f5d3fd,2026-02-19,Opus 4.6,yes,src/pages/Dish.jsx,"<div className=""min-h-screen pb-20"" style={{ background: '#FFFFFF' }}>"
hex-in-components,79f5d3fd,2026-02-19,Opus 4.6,yes,src/pages/Dish.jsx,"background: '#FFFFFF',"
hex-in-components,79f5d3fd,2026-02-19,Opus 4.6,yes,src/pages/Dish.jsx,"borderBottom: '2px solid #1A1A1A',"
hex-in-components,79f5d3fd,2026-02-19,Opus 4.6,yes,src/pages/Dish.jsx,style={{ color: '#1A1A1A' }}
hex-in-components,79f5d3fd,2026-02-19,Opus 4.6,yes,src/pages/Dish.jsx,"<span className=""font-bold truncate"" style={{ color: '#1A1A1A' }}>"
hex-in-components,79f5d3fd,2026-02-19,Opus 4.6,yes,src/pages/Dish.jsx,style={{ color: '#1A1A1A' }}
hex-in-components,79f5d3fd,2026-02-19,Opus 4.6,yes,src/pages/Dish.jsx,style={{ background: '#FFFFFF' }}
hex-in-components,79f5d3fd,2026-02-19,Opus 4.6,yes,src/pages/Dish.jsx,"background: '#FFFFFF',"
hex-in-components,79f5d3fd,2026-02-19,Opus 4.6,yes,src/pages/Dish.jsx,"border: '1.5px solid #1A1A1A',"
hex-in-components,79f5d3fd,2026-02-19,Opus 4.6,yes,src/pages/Dish.jsx,"<span className=""text-xs font-bold"" style={{ color: '#E4440A' }}>"
hex-in-components,79f5d3fd,2026-02-19,Opus 4.6,yes,src/pages/Dish.jsx,"style={{ height: '80px', background: '#F5F5F5' }}"
hex-in-components,79f5d3fd,2026-02-19,Opus 4.6,yes,src/pages/Dish.jsx,"background: '#FFFFFF',"
hex-in-components,79f5d3fd,2026-02-19,Opus 4.6,yes,src/pages/Dish.jsx,"border: '2px solid #1A1A1A',"
hex-in-components,79f5d3fd,2026-02-19,Opus 4.6,yes,src/pages/Dish.jsx,"boxShadow: '3px 3px 0px #1A1A1A',"
hex-in-components,79f5d3fd,2026-02-19,Opus 4.6,yes,src/pages/Dish.jsx,style={{ color: '#E4440A' }}
hex-in-components,79f5d3fd,2026-02-19,Opus 4.6,yes,src/pages/Dish.jsx,"color: '#1A1A1A',"
hex-in-components,79f5d3fd,2026-02-19,Opus 4.6,yes,src/pages/Dish.jsx,"style={{ color: '#1A1A1A', fontSize: '18px' }}"
hex-in-components,79f5d3fd,2026-02-19,Opus 4.6,yes,src/pages/Dish.jsx,"color: '#999999',"
hex-in-components,79f5d3fd,2026-02-19,Opus 4.6,yes,src/pages/Dish.jsx,"<p className=""text-sm font-bold"" style={{ color: '#1A1A1A' }}>"
hex-in-components,79f5d3fd,2026-02-19,Opus 4.6,yes,src/pages/Dish.jsx,"<p className=""text-xs mt-0.5"" style={{ color: '#999999' }}>"
hex-in-components,79f5d3fd,2026-02-19,Opus 4.6,yes,src/pages/Dish.jsx,"<p className=""text-xs font-bold mb-2"" style={{ color: '#BBBBBB', letterSpacing: '0.05em', textTransform: 'uppercase' }}>"
hex-in-components,79f5d3fd,2026-02-19,Opus 4.6,yes,src/pages/Dish.jsx,"background: '#FFFFFF',"
hex-in-components,79f5d3fd,2026-02-19,Opus 4.6,yes,src/pages/Dish.jsx,"border: '2px solid #1A1A1A',"
hex-in-components,79f5d3fd,2026-02-19,Opus 4.6,yes,src/pages/Dish.jsx,"boxShadow: '2px 2px 0px #1A1A1A',"
hex-in-components,79f5d3fd,2026-02-19,Opus 4.6,yes,src/pages/Dish.jsx,"<h3 className=""text-sm font-bold mb-3"" style={{ color: '#1A1A1A' }}>"
hex-in-components,79f5d3fd,2026-02-19,Opus 4.6,yes,src/pages/Dish.jsx,"style={{ background: '#E4440A', color: '#FFFFFF' }}"
hex-in-components,79f5d3fd,2026-02-19,Opus 4.6,yes,src/pages/Dish.jsx,"<p className=""font-bold text-sm"" style={{ color: '#1A1A1A' }}>"
hex-in-components,79f5d3fd,2026-02-19,Opus 4.6,yes,src/pages/Dish.jsx,"color: vote.category_expertise === 'authority' ? '#9333EA' : '#3B82F6',"
hex-in-components,79f5d3fd,2026-02-19,Opus 4.6,yes,src/pages/Dish.jsx,"<p className=""text-xs flex items-center gap-1"" style={{ color: '#BBBBBB' }}>"
hex-in-components,79f5d3fd,2026-02-19,Opus 4.6,yes,src/pages/Dish.jsx,"<h3 className=""text-sm font-bold mb-3"" style={{ color: '#1A1A1A' }}>"
hex-in-components,79f5d3fd,2026-02-19,Opus 4.6,yes,src/pages/Dish.jsx,style={{ border: '1px solid #E0E0E0' }}
hex-in-components,79f5d3fd,2026-02-19,Opus 4.6,yes,src/pages/Dish.jsx,style={{ color: '#E4440A' }}
hex-in-components,79f5d3fd,2026-02-19,Opus 4.6,yes,src/pages/Dish.jsx,"background: '#FFFFFF',"
hex-in-components,79f5d3fd,2026-02-19,Opus 4.6,yes,src/pages/Dish.jsx,"border: '2px solid #1A1A1A',"
hex-in-components,79f5d3fd,2026-02-19,Opus 4.6,yes,src/pages/Dish.jsx,"boxShadow: '2px 2px 0px #1A1A1A',"
hex-in-components,79f5d3fd,2026-02-19,Opus 4.6,yes,src/pages/Dish.jsx,"<h3 className=""text-sm font-bold mb-3"" style={{ color: '#1A1A1A' }}>"
hex-in-components,79f5d3fd,2026-02-19,Opus 4.6,yes,src/pages/Dish.jsx,style={index < reviews.length - 1 ? { borderBottom: '1px solid #CCCCCC' } : undefined}
hex-in-components,79f5d3fd,2026-02-19,Opus 4.6,yes,src/pages/Dish.jsx,"style={{ background: '#E4440A', color: '#FFFFFF' }}"
hex-in-components,79f5d3fd,2026-02-19,Opus 4.6,yes,src/pages/Dish.jsx,"<p className=""text-sm font-bold"" style={{ color: '#1A1A1A' }}>"
hex-in-components,79f5d3fd,2026-02-19,Opus 4.6,yes,src/pages/Dish.jsx,"<p className=""text-sm"" style={{ color: '#999999' }}>"
hex-in-components,79f5d3fd,2026-02-19,Opus 4.6,yes,src/pages/Dish.jsx,"<p className=""text-xs mt-2"" style={{ color: '#BBBBBB' }}>"
hex-in-components,79f5d3fd,2026-02-19,Opus 4.6,yes,src/pages/Dish.jsx,"style={{ background: 'rgba(255, 255, 255, 0.2)', color: '#FFFFFF' }}"
hex-in-components,79f5d3fd,2026-02-19,Opus 4.6,yes,src/pages/Restaurants.jsx,"<div className=""min-h-screen"" style={{ background: '#FFFFFF' }}>"
hex-in-components,79f5d3fd,2026-02-19,Opus 4.6,yes,src/pages/Restaurants.jsx,"background: '#FFFFFF',"
hex-in-components,79f5d3fd,2026-02-19,Opus 4.6,yes,src/pages/Restaurants.jsx,"borderBottom: '2px solid #1A1A1A',"
hex-in-components,79f5d3fd,2026-02-19,Opus 4.6,yes,src/pages/Restaurants.jsx,style={{ color: '#999999' }}
hex-in-components,79f5d3fd,2026-02-19,Opus 4.6,yes,src/pages/Restaurants.jsx,"background: '#FFFFFF',"
hex-in-components,79f5d3fd,2026-02-19,Opus 4.6,yes,src/pages/Restaurants.jsx,"border: '1px solid #1A1A1A',"
hex-in-components,79f5d3fd,2026-02-19,Opus 4.6,yes,src/pages/Restaurants.jsx,"color: '#1A1A1A',"
hex-in-components,79f5d3fd,2026-02-19,Opus 4.6,yes,src/pages/Restaurants.jsx,style={{ color: '#999999' }}
hex-in-components,79f5d3fd,2026-02-19,Opus 4.6,yes,src/pages/Restaurants.jsx,"color: '#E4440A',"
hex-in-components,79f5d3fd,2026-02-19,Opus 4.6,yes,src/pages/Restaurants.jsx,"background: '#FFFFFF',"
hex-in-components,79f5d3fd,2026-02-19,Opus 4.6,yes,src/pages/Restaurants.jsx,"border: '1px solid #1A1A1A',"
hex-in-components,79f5d3fd,2026-02-19,Opus 4.6,yes,src/pages/Restaurants.jsx,"background: restaurantTab === 'open' ? '#E4440A' : 'transparent',"
hex-in-components,79f5d3fd,2026-02-19,Opus 4.6,yes,src/pages/Restaurants.jsx,"color: restaurantTab === 'open' ? '#FFFFFF' : '#999999',"
hex-in-components,79f5d3fd,2026-02-19,Opus 4.6,yes,src/pages/Restaurants.jsx,"background: restaurantTab === 'closed' ? '#E4440A' : 'transparent',"
hex-in-components,79f5d3fd,2026-02-19,Opus 4.6,yes,src/pages/Restaurants.jsx,"color: restaurantTab === 'closed' ? '#FFFFFF' : '#999999',"
hex-in-components,79f5d3fd,2026-02-19,Opus 4.6,yes,src/pages/Restaurants.jsx,"<p role=""alert"" className=""text-sm mb-4"" style={{ color: '#E4440A' }}>{fetchError}</p>"
hex-in-components,79f5d3fd,2026-02-19,Opus 4.6,yes,src/pages/Restaurants.jsx,"background: '#E4440A',"
hex-in-components,79f5d3fd,2026-02-19,Opus 4.6,yes,src/pages/Restaurants.jsx,"color: '#FFFFFF',"
hex-in-components,79f5d3fd,2026-02-19,Opus 4.6,yes,src/pages/Restaurants.jsx,"border: '2px solid #1A1A1A',"
hex-in-components,79f5d3fd,2026-02-19,Opus 4.6,yes,src/pages/Restaurants.jsx,"boxShadow: '2px 2px 0px #1A1A1A',"
hex-in-components,79f5d3fd,2026-02-19,Opus 4.6,yes,src/pages/Restaurants.jsx,"style={{ background: '#F5F5F5', border: '2px solid #E0E0E0' }}"
hex-in-components,79f5d3fd,2026-02-19,Opus 4.6,yes,src/pages/Restaurants.jsx,"? 'linear-gradient(135deg, #FFFFFF 50%, #FDE8DC 100%)'"
hex-in-components,79f5d3fd,2026-02-19,Opus 4.6,yes,src/pages/Restaurants.jsx,": 'linear-gradient(135deg, #F5F5F5 50%, #EDEDED 100%)',"
hex-in-components,79f5d3fd,2026-02-19,Opus 4.6,yes,src/pages/Restaurants.jsx,"border: restaurant.is_open ? '2px solid #1A1A1A' : '2px solid #CCCCCC',"
hex-in-components,79f5d3fd,2026-02-19,Opus 4.6,yes,src/pages/Restaurants.jsx,"boxShadow: restaurant.is_open ? '2px 2px 0px #1A1A1A' : '2px 2px 0px #CCCCCC',"
hex-in-components,79f5d3fd,2026-02-19,Opus 4.6,yes,src/pages/Restaurants.jsx,"color: '#1A1A1A',"
hex-in-components,79f5d3fd,2026-02-19,Opus 4.6,yes,src/pages/Restaurants.jsx,"background: '#FFF0EB',"
hex-in-components,79f5d3fd,2026-02-19,Opus 4.6,yes,src/pages/Restaurants.jsx,"color: '#E4440A',"
hex-in-components,79f5d3fd,2026-02-19,Opus 4.6,yes,src/pages/Restaurants.jsx,"border: '1px solid #E4440A',"
hex-in-components,79f5d3fd,2026-02-19,Opus 4.6,yes,src/pages/Restaurants.jsx,"style={{ fontSize: '12px', color: '#BBBBBB' }}"
hex-in-components,79f5d3fd,2026-02-19,Opus 4.6,yes,src/pages/Restaurants.jsx,<span style={{ color: '#999999' }}>
hex-in-components,79f5d3fd,2026-02-19,Opus 4.6,yes,src/pages/Restaurants.jsx,"<svg xmlns=""http://www.w3.org/2000/svg"" fill=""none"" viewBox=""0 0 24 24"" strokeWidth={2.5} stroke=""currentColor"" className=""w-5 h-5 flex-shrink-0"" style={{ color"
hex-in-components,79f5d3fd,2026-02-19,Opus 4.6,yes,src/pages/Restaurants.jsx,"color: '#999999',"
hex-in-components,79f5d3fd,2026-02-19,Opus 4.6,yes,src/pages/Restaurants.jsx,"background: '#FFFFFF',"
hex-in-components,79f5d3fd,2026-02-19,Opus 4.6,yes,src/pages/Restaurants.jsx,"border: '1px solid #E0E0E0',"
hex-in-components,79f5d3fd,2026-02-19,Opus 4.6,yes,src/pages/Restaurants.jsx,"background: '#FFFFFF',"
hex-in-components,79f5d3fd,2026-02-19,Opus 4.6,yes,src/pages/Restaurants.jsx,"borderBottom: '2px solid #1A1A1A',"
hex-in-components,79f5d3fd,2026-02-19,Opus 4.6,yes,src/pages/Restaurants.jsx,style={{ color: '#1A1A1A' }}
hex-in-components,79f5d3fd,2026-02-19,Opus 4.6,yes,src/pages/Restaurants.jsx,"color: '#1A1A1A',"
hex-in-components,79f5d3fd,2026-02-19,Opus 4.6,yes,src/pages/Restaurants.jsx,"<p className=""font-medium"" style={{ color: '#BBBBBB', fontSize: '13px' }}>"
hex-in-components,79f5d3fd,2026-02-19,Opus 4.6,yes,src/pages/Restaurants.jsx,"<div className=""px-4 py-4"" style={{ background: '#FFFFFF', borderBottom: '1px solid #E0E0E0' }}>"
hex-in-components,79f5d3fd,2026-02-19,Opus 4.6,yes,src/pages/Restaurants.jsx,style={{ color: '#999999' }}
hex-in-components,79f5d3fd,2026-02-19,Opus 4.6,yes,src/pages/Restaurants.jsx,"<svg xmlns=""http://www.w3.org/2000/svg"" fill=""none"" viewBox=""0 0 24 24"" strokeWidth={1.5} stroke=""currentColor"" className=""w-5 h-5 mt-0.5 flex-shrink-0"" style={"
hex-in-components,79f5d3fd,2026-02-19,Opus 4.6,yes,src/pages/Restaurants.jsx,"<svg xmlns=""http://www.w3.org/2000/svg"" fill=""none"" viewBox=""0 0 24 24"" strokeWidth={1.5} stroke=""currentColor"" className=""w-4 h-4 mt-0.5 flex-shrink-0"" style={"
hex-in-components,79f5d3fd,2026-02-19,Opus 4.6,yes,src/pages/Restaurants.jsx,"background: '#FFFFFF',"
hex-in-components,79f5d3fd,2026-02-19,Opus 4.6,yes,src/pages/Restaurants.jsx,"border: '1px solid #1A1A1A',"
hex-in-components,79f5d3fd,2026-02-19,Opus 4.6,yes,src/pages/Restaurants.jsx,"background: activeTab === 'top' ? '#E4440A' : 'transparent',"
hex-in-components,79f5d3fd,2026-02-19,Opus 4.6,yes,src/pages/Restaurants.jsx,"color: activeTab === 'top' ? '#FFFFFF' : '#999999',"
hex-in-components,79f5d3fd,2026-02-19,Opus 4.6,yes,src/pages/Restaurants.jsx,"background: activeTab === 'menu' ? '#E4440A' : 'transparent',"
hex-in-components,79f5d3fd,2026-02-19,Opus 4.6,yes,src/pages/Restaurants.jsx,"color: activeTab === 'menu' ? '#FFFFFF' : '#999999',"
hex-in-components,79f5d3fd,2026-02-19,Opus 4.6,yes,src/pages/Restaurants.jsx,style={{ background: '#E0E0E0' }}
hex-in-components,e68be2f1,2026-02-19,Opus 4.6,yes,src/pages/Restaurants.jsx,"border: restaurant.is_open ? '2px solid #C4753C' : '2px solid #CCCCCC',"
hex-in-components,e68be2f1,2026-02-19,Opus 4.6,yes,src/pages/Restaurants.jsx,"boxShadow: restaurant.is_open ? '2px 2px 0px #C4753C' : '2px 2px 0px #CCCCCC',"
hex-in-components,e68be2f1,2026-02-19,Opus 4.6,yes,src/pages/Restaurants.jsx,"color: restaurant.is_open ? '#1A1A1A' : '#999999',"
hex-in-components,e68be2f1,2026-02-19,Opus 4.6,yes,src/pages/Restaurants.jsx,"color: '#BBBBBB',"
hex-in-components,c2758bf4,2026-02-19,Opus 4.6,yes,src/components/ReviewFlow.jsx,"<div className=""p-4 rounded-xl"" style={{ background: '#F0FFF4', border: '1.5px solid #16A34A' }}>"
hex-in-components,c2758bf4,2026-02-19,Opus 4.6,yes,src/components/ReviewFlow.jsx,"<p className=""text-sm font-medium text-center mb-2"" style={{ color: '#16A34A' }}>Your review</p>"
hex-in-components,c2758bf4,2026-02-19,Opus 4.6,yes,src/components/ReviewFlow.jsx,"<span className=""text-xl font-bold"" style={{ color: '#16A34A' }}>{Number(userRating).toFixed(1)}</span>"
hex-in-components,c2758bf4,2026-02-19,Opus 4.6,yes,src/components/ReviewFlow.jsx,"<p className=""mt-3 text-sm text-center italic"" style={{ color: '#999999' }}>"
hex-in-components,c2758bf4,2026-02-19,Opus 4.6,yes,src/components/ReviewFlow.jsx,"style={{ height: '6px', borderRadius: '3px', background: '#F5F5F5' }}"
hex-in-components,c2758bf4,2026-02-19,Opus 4.6,yes,src/components/ReviewFlow.jsx,"<div style={{ width: `${yesPercent}%`, height: '100%', borderRadius: '3px', background: '#16A34A' }} />"
hex-in-components,c2758bf4,2026-02-19,Opus 4.6,yes,src/components/ReviewFlow.jsx,"<span style={{ fontSize: '14px', fontWeight: 700, color: '#16A34A' }}>{yesPercent}%</span>"
hex-in-components,c2758bf4,2026-02-19,Opus 4.6,yes,src/components/ReviewFlow.jsx,"<span style={{ fontSize: '11px', color: '#BBBBBB' }}>would order again</span>"
hex-in-components,c2758bf4,2026-02-19,Opus 4.6,yes,src/components/ReviewFlow.jsx,style={{ color: '#BBBBBB' }}
hex-in-components,c2758bf4,2026-02-19,Opus 4.6,yes,src/components/ReviewFlow.jsx,style={{ color: '#E4440A' }}
hex-in-components,c2758bf4,2026-02-19,Opus 4.6,yes,src/components/ReviewFlow.jsx,"<p className=""text-sm font-medium text-center"" style={{ color: '#999999' }}>Worth ordering again?</p>"
hex-in-components,c2758bf4,2026-02-19,Opus 4.6,yes,src/components/ReviewFlow.jsx,"<div className=""p-3 rounded-xl text-center"" style={{ background: '#FFF0EB' }}>"
hex-in-components,c2758bf4,2026-02-19,Opus 4.6,yes,src/components/ReviewFlow.jsx,"<p className=""text-sm font-medium"" style={{ color: '#E4440A' }}>"
hex-in-components,c2758bf4,2026-02-19,Opus 4.6,yes,src/components/ReviewFlow.jsx,"style={{ height: '6px', borderRadius: '3px', background: '#F5F5F5' }}"
hex-in-components,c2758bf4,2026-02-19,Opus 4.6,yes,src/components/ReviewFlow.jsx,"<div style={{ width: `${yesPercent}%`, height: '100%', borderRadius: '3px', background: '#16A34A' }} />"
hex-in-components,c2758bf4,2026-02-19,Opus 4.6,yes,src/components/ReviewFlow.jsx,"<span style={{ fontSize: '14px', fontWeight: 700, color: '#16A34A' }}>{yesPercent}%</span>"
hex-in-components,c2758bf4,2026-02-19,Opus 4.6,yes,src/components/ReviewFlow.jsx,"<span style={{ fontSize: '11px', color: '#BBBBBB' }}>would order again</span>"
hex-in-components,c2758bf4,2026-02-19,Opus 4.6,yes,src/components/ReviewFlow.jsx,"<p className=""text-xs text-center"" style={{ color: '#BBBBBB' }}>"
hex-in-components,c2758bf4,2026-02-19,Opus 4.6,yes,src/components/ReviewFlow.jsx,"? { background: 'linear-gradient(to bottom right, #16A34A, #5A9E72)', color: '#FFFFFF', boxShadow: '0 10px 15px -3px rgba(107, 179, 132, 0.3)', transform: 'scal"
hex-in-components,c2758bf4,2026-02-19,Opus 4.6,yes,src/components/ReviewFlow.jsx,": { background: '#FFFFFF', color: '#1A1A1A', border: '2px solid #1A1A1A' }}"
hex-in-components,c2758bf4,2026-02-19,Opus 4.6,yes,src/components/ReviewFlow.jsx,"<span className=""text-2xl animate-pulse"" style={{ color: '#FFFFFF' }}>✓</span>"
hex-in-components,c2758bf4,2026-02-19,Opus 4.6,yes,src/components/ReviewFlow.jsx,"? { background: 'linear-gradient(to bottom right, #E4440A, #C8502E)', color: '#FFFFFF', boxShadow: '0 10px 15px -3px rgba(232, 102, 60, 0.3)', transform: 'scale"
hex-in-components,c2758bf4,2026-02-19,Opus 4.6,yes,src/components/ReviewFlow.jsx,": { background: '#FFFFFF', color: '#1A1A1A', border: '2px solid #1A1A1A' }}"
hex-in-components,c2758bf4,2026-02-19,Opus 4.6,yes,src/components/ReviewFlow.jsx,"<span className=""text-2xl animate-pulse"" style={{ color: '#FFFFFF' }}>✓</span>"
hex-in-components,c2758bf4,2026-02-19,Opus 4.6,yes,src/components/ReviewFlow.jsx,"<button onClick={() => setStep(1)} className=""text-sm transition-colors flex items-center gap-1"" style={{ color: '#BBBBBB' }}>"
hex-in-components,c2758bf4,2026-02-19,Opus 4.6,yes,src/components/ReviewFlow.jsx,"<p className=""text-sm font-medium"" style={{ color: '#999999' }}>How good was it?</p>"
hex-in-components,c2758bf4,2026-02-19,Opus 4.6,yes,src/components/ReviewFlow.jsx,"className=""w-full p-4 rounded-xl text-sm resize-none focus:outline-none focus:ring-2 focus:ring-[#E4440A]"""
hex-in-components,c2758bf4,2026-02-19,Opus 4.6,yes,src/components/ReviewFlow.jsx,"background: '#FFFFFF',"
hex-in-components,c2758bf4,2026-02-19,Opus 4.6,yes,src/components/ReviewFlow.jsx,"border: reviewError ? '2px solid #E4440A' : '1px solid #E0E0E0',"
hex-in-components,c2758bf4,2026-02-19,Opus 4.6,yes,src/components/ReviewFlow.jsx,"color: '#1A1A1A',"
hex-in-components,c2758bf4,2026-02-19,Opus 4.6,yes,src/components/ReviewFlow.jsx,"<div id=""review-char-count"" className=""absolute bottom-2 right-3 text-xs"" style={{ color: reviewText.length > MAX_REVIEW_LENGTH ? '#E4440A' : '#BBBBBB' }}>"
hex-in-components,c2758bf4,2026-02-19,Opus 4.6,yes,src/components/ReviewFlow.jsx,"<p id=""review-error"" role=""alert"" className=""text-sm text-center mt-1"" style={{ color: '#E4440A' }}>"
hex-in-components,c2758bf4,2026-02-19,Opus 4.6,yes,src/components/ReviewFlow.jsx,"background: '#FFFFFF',"
hex-in-components,c2758bf4,2026-02-19,Opus 4.6,yes,src/components/ReviewFlow.jsx,"border: '1px solid #E0E0E0',"
hex-in-components,c2758bf4,2026-02-19,Opus 4.6,yes,src/components/ReviewFlow.jsx,"color: '#BBBBBB',"
hex-in-components,c2758bf4,2026-02-19,Opus 4.6,yes,src/components/ReviewFlow.jsx,"<svg className=""w-5 h-5 flex-shrink-0"" fill=""none"" viewBox=""0 0 24 24"" stroke=""currentColor"" strokeWidth={2} style={{ color: '#16A34A' }}>"
hex-in-components,c2758bf4,2026-02-19,Opus 4.6,yes,src/components/ReviewFlow.jsx,"<span className=""text-sm font-medium"" style={{ color: '#16A34A' }}>Photo added</span>"
hex-in-components,c2758bf4,2026-02-19,Opus 4.6,yes,src/components/ReviewFlow.jsx,"style={{ background: '#E4440A', color: '#FFFFFF', border: '2px solid #1A1A1A', boxShadow: '2px 2px 0px #1A1A1A' }}"
hex-in-components,c2758bf4,2026-02-19,Opus 4.6,yes,src/pages/Dish.jsx,"style={{ height: '48px', background: '#F5F5F5' }}"
hex-in-components,c2758bf4,2026-02-19,Opus 4.6,yes,src/pages/Dish.jsx,"<p className=""text-xs mt-0.5"" style={{ color: '#999999' }}>"
hex-in-components,8925149a,2026-02-19,Opus 4.6,yes,src/pages/Dish.jsx,"<p className=""text-sm font-bold"" style={{ color: '#1A1A1A' }}>"
hex-in-components,1e6a5471,2026-02-19,Opus 4.6,yes,src/components/ReviewFlow.jsx,"? { background: 'linear-gradient(to bottom right, var(--color-primary), #C8502E)', color: '#FFFFFF', boxShadow: '0 10px 15px -3px rgba(232, 102, 60, 0.3)', tran"
hex-in-components,1e6a5471,2026-02-19,Opus 4.6,yes,src/components/ReviewFlow.jsx,"style={{ background: 'var(--color-primary)', color: '#FFFFFF' }}"
hex-in-components,1e6a5471,2026-02-19,Opus 4.6,yes,src/components/home/Top10Compact.jsx,"2: { bg: 'linear-gradient(135deg, var(--color-medal-silver) 0%, #C4CDD3 45%, var(--color-medal-silver) 55%, #7A8890 100%)', text: '#FFFFFF' },"
hex-in-components,1e6a5471,2026-02-19,Opus 4.6,yes,src/components/home/Top10Compact.jsx,"3: { bg: 'linear-gradient(135deg, var(--color-medal-bronze) 0%, #D4965A 45%, var(--color-medal-bronze) 55%, #8A5A2A 100%)', text: '#FFFFFF' },"
hex-in-components,1e6a5471,2026-02-19,Opus 4.6,yes,src/pages/Dish.jsx,"style={{ background: 'var(--color-primary)', color: '#FFFFFF' }}"
hex-in-components,1e6a5471,2026-02-19,Opus 4.6,yes,src/pages/Dish.jsx,"style={{ background: 'var(--color-primary)', color: '#FFFFFF' }}"
hex-in-components,1e6a5471,2026-02-19,Opus 4.6,yes,src/pages/Home.jsx,"style={{ background: 'var(--color-primary)', color: '#FFFFFF' }}"
hex-in-components,1e6a5471,2026-02-19,Opus 4.6,yes,src/pages/Home.jsx,color={isActive ? '#FFFFFF' : 'var(--color-primary)'}
hex-in-components,1e6a5471,2026-02-19,Opus 4.6,yes,src/pages/Home.jsx,"color: isActive ? '#FFFFFF' : 'var(--color-text-primary)',"
hex-in-components,1e6a5471,2026-02-19,Opus 4.6,yes,src/pages/Home.jsx,"background: 'linear-gradient(135deg, var(--color-medal-gold) 0%, #F5D45A 45%, var(--color-medal-gold) 55%, #C8960E 100%)',"
hex-in-components,1e6a5471,2026-02-19,Opus 4.6,yes,src/pages/Home.jsx,"style={{ background: 'var(--color-primary)', color: '#FFFFFF' }}"
hex-in-components,280943e8,2026-02-20,Opus 4.6,yes,src/components/home/Top10Compact.jsx,"2: { bg: 'linear-gradient(105deg, #7A8890 0%, #9EAAB2 12%, #8E9CA5 25%, #B8C4CC 38%, #9EAAB2 50%, #8A969E 62%, #A8B5BF 75%, #8E9CA5 88%, #6E7E88 100%)', text: '"
hex-in-components,280943e8,2026-02-20,Opus 4.6,yes,src/components/home/Top10Compact.jsx,"3: { bg: 'linear-gradient(105deg, #8A5A2A 0%, #B07340 12%, #9A6530 25%, #C88850 38%, #B07340 50%, #946028 62%, #BA7E45 75%, #A06A32 88%, #7A4E20 100%)', text: '"
hex-in-components,280943e8,2026-02-20,Opus 4.6,yes,src/pages/Home.jsx,"background: 'linear-gradient(105deg, #B8860B 0%, #D4A520 12%, #C89B18 25%, #E8C840 38%, #D4A520 50%, #B8930F 62%, #D9B32E 75%, #C49318 88%, #A67B0A 100%)',"
round-without-numeric,779f753c,2026-02-21,Opus 4.6,yes,supabase/migrations/fix_missing_db_objects.sql,ROUND((
hex-in-components,211b4d34,2026-02-21,Opus 4.6,yes,src/components/DishCard.jsx,"<span className=""text-sm font-semibold flex items-center gap-1"" style={{ color: '#FFFFFF' }}>"
hex-in-components,211b4d34,2026-02-21,Opus 4.6,yes,src/components/NotificationBell.jsx,"style={{ background: 'var(--color-red)', color: '#FFFFFF' }}"
hex-in-components,211b4d34,2026-02-21,Opus 4.6,yes,src/components/profile/ReviewDetailModal.jsx,"style={{ background: 'rgba(0,0,0,0.5)', color: '#FFFFFF' }}"
hex-in-components,211b4d34,2026-02-21,Opus 4.6,yes,src/components/profile/UnratedDishCard.jsx,"<div className=""absolute bottom-1 left-1 text-xs px-1.5 py-0.5 rounded flex items-center gap-1"" style={{ background: 'rgba(0,0,0,0.6)', color: '#FFFFFF' }}>"
hex-in-components,dc6a6b8c,2026-02-21,Opus 4.6,yes,src/components/restaurant-admin/DishesManager.jsx,"style={{ color: 'var(--color-danger, #dc2626)' }}"
hex-in-components,dc6a6b8c,2026-02-21,Opus 4.6,yes,src/components/restaurant-admin/DishesManager.jsx,"style={{ color: 'var(--color-danger, #dc2626)' }}"
render-error-object,dc6a6b8c,2026-02-21,Opus 4.6,yes,src/components/restaurant-admin/MenuImportWizard.jsx,"<p className=""text-xs mt-2 font-medium"" style={{ color: 'var(--color-danger)' }}>{error}</p>"
tailwind-color-classes,799f3b2c,2026-02-21,Opus 4.6,yes,src/components/restaurant-admin/MenuImportWizard.jsx,"className=""flex-1 py-2.5 rounded-lg font-semibold text-white text-sm disabled:opacity-40"""
tailwind-color-classes,799f3b2c,2026-02-21,Opus 4.6,yes,src/components/restaurant-admin/MenuImportWizard.jsx,"className=""flex-1 py-2.5 rounded-lg font-semibold text-white text-sm disabled:opacity-40"""
render-error-object,799f3b2c,2026-02-21,Opus 4.6,yes,src/components/restaurant-admin/MenuImportWizard.jsx,"{error && <p className=""text-xs mt-2 font-medium"" style={{ color: 'var(--color-danger)' }}>{error}</p>}"
hex-in-components,92b659c9,2026-02-21,Opus 4.6,yes,src/pages/Dish.jsx,"style={{ background: 'var(--color-primary)', color: '#FFFFFF' }}"
hex-in-components,5d5b95ed,2026-02-21,Opus 4.6,yes,src/pages/Hub.jsx,"color: isActive ? '#FFFFFF' : 'var(--color-text-secondary)',"
round-without-numeric,42513d05,2026-02-22,Opus 4.6,yes,supabase/migrations/fix-avg-rating-source-weighting.sql,ROUND(
round-without-numeric,42513d05,2026-02-22,Opus 4.6,yes,supabase/migrations/fix-avg-rating-source-weighting.sql,ROUND(
hex-in-components,285c937d,2026-02-22,Opus 4.6,yes,src/components/restaurants/RestaurantMap.jsx,"<span style={{ width: '10px', height: '10px', borderRadius: '50%', background: '#D9A765', display: 'inline-block' }} />"
hex-in-components,285c937d,2026-02-22,Opus 4.6,yes,src/components/restaurants/RestaurantMap.jsx,<span style={{ color: '#555' }}>On WGH</span>
hex-in-components,285c937d,2026-02-22,Opus 4.6,yes,src/components/restaurants/RestaurantMap.jsx,"<span style={{ width: '10px', height: '10px', borderRadius: '50%', background: '#6BB384', opacity: 0.5, border: '1px dashed #6BB384', display: 'inline-block' }}"
hex-in-components,285c937d,2026-02-22,Opus 4.6,yes,src/components/restaurants/RestaurantMap.jsx,<span style={{ color: '#555' }}>Google Places</span>
hex-in-components,c7def070,2026-02-25,Opus 4.6,yes,src/pages/Dish.jsx,"background: 'var(--color-divider, #e5e7eb)',"
hex-in-components,2e34b8c5,2026-02-26,Opus 4.6,yes,src/components/restaurants/RestaurantMap.jsx,"rankBadge = '<div style=""position:absolute;top:-4px;right:-4px;min-width:18px;height:18px;border-radius:9px;padding:0 3px;background:' + badgeBg + ';display:fle"
hex-in-components,95977714,2026-03-03,Opus 4.6,yes,src/components/WelcomeSplash.jsx,"<WghLogo size={52} color=""#FFFFFF"" />"
hex-in-components,95977714,2026-03-03,Opus 4.6,yes,src/components/WelcomeSplash.jsx,"color: '#FFFFFF',"
hex-in-components,ee65568e,2026-03-08,Opus 4.6,yes,src/components/jitter/JitterBadge.jsx,"color: 'var(--color-rating, #16a34a)',"
hex-in-components,ee65568e,2026-03-08,Opus 4.6,yes,src/components/jitter/JitterBadge.jsx,"color: 'var(--color-amber, #d97706)',"
hex-in-components,ee65568e,2026-03-08,Opus 4.6,yes,src/components/jitter/JitterBadge.jsx,"color: 'var(--color-danger, #dc2626)',"
hex-in-components,ee65568e,2026-03-08,Opus 4.6,yes,src/components/jitter/JitterBadge.jsx,"color: 'var(--color-blue, #2563eb)',"
hex-in-components,ee65568e,2026-03-08,Opus 4.6,yes,src/components/jitter/JitterBadge.jsx,"background: 'var(--color-card, #fff)',"
hex-in-components,ee65568e,2026-03-08,Opus 4.6,yes,src/components/jitter/JitterBadge.jsx,"border: '1px solid var(--color-divider, #e5e0db)',"
hex-in-components,ee65568e,2026-03-08,Opus 4.6,yes,src/components/jitter/JitterBadge.jsx,"<div className=""flex items-center gap-2"" style={{ marginBottom: '8px', paddingBottom: '6px', borderBottom: '1px solid var(--color-divider, #e5e0db)' }}>"
hex-in-components,ee65568e,2026-03-08,Opus 4.6,yes,src/components/jitter/JitterBadge.jsx,"<span style={{ color: 'var(--color-text-tertiary, #999)' }}>{row.label}</span>"
hex-in-components,ee65568e,2026-03-08,Opus 4.6,yes,src/components/jitter/JitterBadge.jsx,"<span style={{ color: 'var(--color-text-primary, #1a1a1a)', fontWeight: 600, fontFamily: ""'SF Mono', 'Fira Code', monospace"", fontSize: '11px' }}>{row.value}</s"
hex-in-components,ee65568e,2026-03-08,Opus 4.6,yes,src/components/jitter/ProfileJitterCard.jsx,": 'var(--color-error, #ef4444)',"
hex-in-components,f3fa3f1b,2026-03-08,Opus 4.6,yes,src/components/TrustBadge.jsx,"color: 'var(--color-blue, #3b82f6)',"
round-without-numeric,eed3775f,2026-03-08,Opus 4.6,yes,supabase/migrations/032-toast-order-columns.sql,ROUND((
round-without-numeric,eed3775f,2026-03-08,Opus 4.6,yes,supabase/migrations/032-toast-order-columns.sql,THEN ROUND(100.0 *
round-without-numeric,eed3775f,2026-03-08,Opus 4.6,yes,supabase/migrations/032-toast-order-columns.sql,COALESCE(ROUND(
round-without-numeric,eed3775f,2026-03-08,Opus 4.6,yes,supabase/migrations/032-toast-order-columns.sql,COALESCE(ROUND(
supabase-in-ui,15b5b412,2026-03-10,Opus 4.6,yes,src/pages/UserProfile.jsx,"supabase.rpc('get_jitter_badges', { p_user_ids: [userId] })"
hex-in-components,15b5b412,2026-03-10,Opus 4.6,no,src/pages/Dish.jsx,"var borderColor = review.rating_10 >= 8 ? 'var(--color-success, #22c55e)' : review.rating_10 >= 6 ? 'var(--color-accent-gold)' : 'var(--color-primary)';"
hex-in-components,aa3b05cb,2026-03-11,Opus 4.6,no,src/components/home/LocalListsSection.jsx,"color: '#fff',"
hex-in-components,aa3b05cb,2026-03-11,Opus 4.6,no,src/pages/AcceptCuratorInvite.jsx,"style={{ background: 'var(--color-primary)', color: '#fff', border: 'none', cursor: 'pointer' }}"
hex-in-components,aa3b05cb,2026-03-11,Opus 4.6,no,src/pages/AcceptCuratorInvite.jsx,"style={{ background: 'var(--color-primary)', color: '#fff', border: 'none', cursor: accepting ? 'default' : 'pointer' }}"
hex-in-components,aa3b05cb,2026-03-11,Opus 4.6,no,src/pages/AcceptCuratorInvite.jsx,"style={{ background: 'var(--color-primary)', color: '#fff', border: 'none', cursor: 'pointer' }}"
hex-in-components,aa3b05cb,2026-03-11,Opus 4.6,no,src/pages/MyList.jsx,"style={{ background: 'var(--color-primary)', color: '#fff', border: 'none', cursor: 'pointer' }}"
hex-in-components,aa3b05cb,2026-03-11,Opus 4.6,no,src/pages/MyList.jsx,"color: '#fff',"
hex-in-components,e392a9ee,2026-03-16,Opus 4.6 (1M),no,src/pages/Dish.jsx,"var avatarColors = ['#E4440A', '#3B82F6', '#9333EA', '#16A34A', '#F59E0B', '#EC4899', '#06B6D4']"
hex-in-components,c8758387,2026-03-16,Opus 4.6 (1M),no,src/components/home/ChampionCard.jsx,"background: 'linear-gradient(140deg, #2A1F08 0%, #1A1A1A 40%, #1A1508 100%)',"
hex-in-components,c8758387,2026-03-16,Opus 4.6 (1M),no,src/components/home/ChampionCard.jsx,"color: '#FFFFFF',"
hex-in-components,e4a90c70,2026-03-16,Opus 4.6 (1M),no,src/components/home/ChampionCard.jsx,"background: 'linear-gradient(135deg, #FFFDF8 0%, #FFF9EE 100%)',"
hex-in-components,b4048145,2026-03-16,Opus 4.6 (1M),no,src/components/home/Top10Scroll.jsx,"? 'linear-gradient(135deg, #FFFDF8 0%, #FFF9EE 100%)'"
hex-in-components,7cf15598,2026-03-16,Opus 4.6 (1M),no,src/pages/Map.jsx,"background: 'linear-gradient(135deg, #FFF9EE 0%, #FEF3E2 100%)',"
hex-in-components,dcee00de,2026-03-16,Opus 4.6 (1M),no,src/pages/Map.jsx,"background: 'linear-gradient(135deg, #FFF9EE 0%, #FEF3E2 100%)',"
hex-in-components,b168f59e,2026-03-17,Opus 4.6 (1M),no,src/pages/Map.jsx,"background: '#2C3E2C',"
hex-in-components,b168f59e,2026-03-17,Opus 4.6 (1M),no,src/pages/Map.jsx,"background: '#2D3742',"
hex-in-components,b168f59e,2026-03-17,Opus 4.6 (1M),no,src/pages/Map.jsx,"background: '#3D2E24',"
hex-in-components,9348d258,2026-03-18,Opus 4.6 (1M),no,src/pages/Map.jsx,"background: '#FFFCF7',"
hex-in-components,9348d258,2026-03-18,Opus 4.6 (1M),no,src/pages/Map.jsx,"background: '#FFFCF7',"
hex-in-components,9348d258,2026-03-18,Opus 4.6 (1M),no,src/pages/Map.jsx,"background: '#FFFCF7',"
hex-in-components,9348d258,2026-03-18,Opus 4.6 (1M),no,src/pages/Map.jsx,"color: '#B0946E',"
hex-in-components,9348d258,2026-03-18,Opus 4.6 (1M),no,src/pages/Map.jsx,"background: '#FFFCF7',"
hex-in-components,9348d258,2026-03-18,Opus 4.6 (1M),no,src/pages/Map.jsx,"color: '#999',"
hex-in-components,9348d258,2026-03-18,Opus 4.6 (1M),no,src/pages/Map.jsx,"background: '#F7F2EB',"
hex-in-components,9348d258,2026-03-18,Opus 4.6 (1M),no,src/pages/Map.jsx,"background: '#F7F2EB',"
hex-in-components,9348d258,2026-03-18,Opus 4.6 (1M),no,src/pages/Map.jsx,"color: '#1A1A1A',"
hex-in-components,9348d258,2026-03-18,Opus 4.6 (1M),no,src/pages/Map.jsx,"background: '#F7F2EB',"
hex-in-components,9348d258,2026-03-18,Opus 4.6 (1M),no,src/pages/Map.jsx,"background: '#F7F2EB',"
hex-in-components,9c50a42e,2026-03-19,Opus 4.6 (1M),no,src/pages/Map.jsx,"background: '#363B3F',"
hex-in-components,9c50a42e,2026-03-19,Opus 4.6 (1M),no,src/pages/Map.jsx,"border: '3px solid #1A1D1F',"
hex-in-components,9c50a42e,2026-03-19,Opus 4.6 (1M),no,src/pages/Map.jsx,"var legStyle = { position: 'absolute', bottom: 0, width: '3px', height: '14px', background: '#1A1D1F', borderRadius: '0 0 1px 1px' }"
hex-in-components,b25397e2,2026-03-21,Opus 4.6 (1M),no,src/components/dish/DishEvidence.jsx,"var avatarColors = ['#E4440A', '#3B82F6', '#9333EA', '#16A34A', '#F59E0B', '#EC4899', '#06B6D4']"
hex-in-components,b25397e2,2026-03-21,Opus 4.6 (1M),no,src/components/dish/DishEvidence.jsx,"var borderColor = review.rating_10 >= 8 ? 'var(--color-success, #22c55e)' : review.rating_10 >= 6 ? 'var(--color-accent-gold)' : 'var(--color-primary)';"
hex-in-components,b25397e2,2026-03-21,Opus 4.6 (1M),no,src/components/dish/DishEvidence.jsx,"style={{ background: 'rgba(255, 255, 255, 0.2)', color: '#FFFFFF' }}"
hex-in-components,b25397e2,2026-03-21,Opus 4.6 (1M),no,src/components/dish/DishHero.jsx,"background: 'var(--color-divider, #e5e7eb)',"
hex-in-components,b25397e2,2026-03-21,Opus 4.6 (1M),no,src/components/home/HomeListMode.jsx,"background: '#363B3F',"
hex-in-components,b25397e2,2026-03-21,Opus 4.6 (1M),no,src/components/home/HomeListMode.jsx,"border: '3px solid #1A1D1F',"
hex-in-components,b25397e2,2026-03-21,Opus 4.6 (1M),no,src/components/home/HomeListMode.jsx,"var legStyle = { position: 'absolute', bottom: 0, width: '3px', height: '14px', background: '#1A1D1F', borderRadius: '0 0 1px 1px' }"
hex-in-components,cf66d2e1,2026-03-21,Opus 4.6 (1M),no,src/components/home/HomeListMode.jsx,"border: '3.5px solid #1A1D1F',"
hex-in-components,1e8c9094,2026-03-21,Opus 4.6 (1M),no,src/components/home/HomeListMode.jsx,"background: '#2C3033',"
hex-in-components,1e8c9094,2026-03-21,Opus 4.6 (1M),no,src/components/home/HomeListMode.jsx,"border: '2px solid #1A1D1F',"
hex-in-components,1e8c9094,2026-03-21,Opus 4.6 (1M),no,src/components/home/HomeListMode.jsx,"var legStyle = { position: 'absolute', bottom: 0, width: '3px', height: '18px', background: '#1A1D1F', borderRadius: '0 0 2px 2px' }"
hex-in-components,1cee27c0,2026-03-21,Opus 4.6 (1M),no,src/components/home/HomeListMode.jsx,"background: '#363B3F',"
hex-in-components,1cee27c0,2026-03-21,Opus 4.6 (1M),no,src/components/home/HomeListMode.jsx,"border: '2.5px solid #1A1D1F',"
hex-in-components,bcbc66c0,2026-03-21,Opus 4.6 (1M),no,src/components/home/HomeListMode.jsx,"var legStyle = { position: 'absolute', bottom: 0, width: '2.5px', height: '10px', background: '#6B7280', borderRadius: '0 0 1.5px 1.5px' }"
hex-in-components,f40fc44e,2026-03-21,Opus 4.6 (1M),no,src/components/home/HomeListMode.jsx,"var legStyle = { width: '2.5px', height: '10px', background: '#6B7280', borderRadius: '0 0 1.5px 1.5px' }"
hex-in-components,f98ffc1c,2026-03-22,Opus 4.6 (1M),no,src/components/home/HomeListMode.jsx,"var BOARD_SURFACE = { position: 'relative', background: '#363B3F', borderRadius: '4px', overflow: 'hidden', boxShadow: '0 2px 8px rgba(0,0,0,0.2)' }"
hex-in-components,f98ffc1c,2026-03-22,Opus 4.6 (1M),no,src/components/home/HomeListMode.jsx,"var BOARD_FRAME = { position: 'absolute', inset: '3px', border: '2.5px solid #1A1D1F', borderRadius: '2px', pointerEvents: 'none', zIndex: 2 }"
hex-in-components,f98ffc1c,2026-03-22,Opus 4.6 (1M),no,src/components/home/HomeListMode.jsx,"var LEG_STYLE = { width: '2.5px', height: '10px', background: '#6B7280', borderRadius: '0 0 1.5px 1.5px' }"
supabase-in-ui,cd9e16fb,2026-03-22,Opus 4.6 (1M),yes,src/pages/UserProfile.jsx,"supabase.rpc('get_jitter_badges', { p_user_ids: [userId] })"
single-not-maybesingle,51c8427d,2026-03-23,Opus 4.6 (1M),yes,src/api/restaurantManagerApi.js,.single()
single-not-maybesingle,51c8427d,2026-03-23,Opus 4.6 (1M),yes,src/api/restaurantManagerApi.js,.single()
single-not-maybesingle,51c8427d,2026-03-23,Opus 4.6 (1M),yes,src/api/restaurantManagerApi.js,.single()
single-not-maybesingle,51c8427d,2026-03-23,Opus 4.6 (1M),yes,src/api/restaurantManagerApi.js,.single()
single-not-maybesingle,51c8427d,2026-03-23,Opus 4.6 (1M),yes,src/api/restaurantManagerApi.js,.single()
single-not-maybesingle,51c8427d,2026-03-23,Opus 4.6 (1M),yes,src/api/restaurantManagerApi.js,.single()
single-not-maybesingle,51c8427d,2026-03-23,Opus 4.6 (1M),yes,src/api/restaurantManagerApi.js,.single()
single-not-maybesingle,51c8427d,2026-03-23,Opus 4.6 (1M),yes,src/api/restaurantManagerApi.js,.single()
hex-in-components,33658c8f,2026-03-24,Opus 4.6 (1M),no,src/components/home/HomeListMode.jsx,"color: '#999',"
hex-in-components,33658c8f,2026-03-24,Opus 4.6 (1M),no,src/components/home/HomeListMode.jsx,"<div className=""flex-1"" style={{ height: '1px', background: 'linear-gradient(to right, transparent, #C4BDB5)' }} />"
hex-in-components,33658c8f,2026-03-24,Opus 4.6 (1M),no,src/components/home/HomeListMode.jsx,"<div className=""flex-1"" style={{ height: '1px', background: 'linear-gradient(to left, transparent, #C4BDB5)' }} />"
hex-in-components,abc2f9a0,2026-03-27,Opus 4.6 (1M),no,src/pages/Profile.jsx,"background: '#2C3033',"
hex-in-components,51b54302,2026-03-31,Opus 4.6 (1M),no,src/components/home/LocalListsSection.jsx,"background: '#FFFDF8', borderRadius: '3px', padding: '20px 16px 14px',"
hex-in-components,51b54302,2026-03-31,Opus 4.6 (1M),no,src/components/home/LocalListsSection.jsx,"fontWeight: 700, fontSize: '13px', color: '#fff', flexShrink: 0,"
hex-in-components,51b54302,2026-03-31,Opus 4.6 (1M),no,src/components/home/LocalListsSection.jsx,"var AVATAR_COLORS = ['var(--color-primary)', 'var(--color-accent-gold)', 'var(--color-rating)', '#3B82F6', '#9333EA']"
hex-in-components,7c7d5d88,2026-04-07,Opus 4.6 (1M),no,src/components/WelcomeSplash.jsx,What's <span style={{ color: '#1A1A1A' }}>Good</span> Here
round-without-numeric,e7cb6c89,2026-04-09,Opus 4.6 (1M),yes,supabase/migrations/add-restaurant-rating-to-rpc.sql,ROUND((
round-without-numeric,6819781a,2026-04-10,Opus 4.6 (1M),yes,supabase/migrations/2026-04-10-critical-vote-integrity-and-rls.sql,ROUND((
round-without-numeric,6819781a,2026-04-10,Opus 4.6 (1M),yes,supabase/migrations/2026-04-10-critical-vote-integrity-and-rls.sql,THEN ROUND(100.0 *
round-without-numeric,6819781a,2026-04-10,Opus 4.6 (1M),yes,supabase/migrations/2026-04-10-critical-vote-integrity-and-rls.sql,COALESCE(ROUND(
round-without-numeric,6819781a,2026-04-10,Opus 4.6 (1M),yes,supabase/migrations/2026-04-10-critical-vote-integrity-and-rls.sql,COALESCE(ROUND(
round-without-numeric,6819781a,2026-04-10,Opus 4.6 (1M),yes,supabase/migrations/2026-04-10-critical-vote-integrity-and-rls.sql,"THEN ROUND(100.0 * COALESCE(vs.total_child_yes, dvs.direct_yes, 0) / COALESCE(vs.total_child_votes, dvs.direct_votes, 1))::INT"
round-without-numeric,6819781a,2026-04-10,Opus 4.6 (1M),yes,supabase/migrations/2026-04-10-critical-vote-integrity-and-rls.sql,"THEN ROUND(100.0 * COALESCE(vs.total_child_yes, dvs.direct_yes, 0) / COALESCE(vs.total_child_votes, dvs.direct_votes, 1))"
round-without-numeric,6819781a,2026-04-10,Opus 4.6 (1M),yes,supabase/migrations/2026-04-10-critical-vote-integrity-and-rls.sql,ROUND(
round-without-numeric,6819781a,2026-04-10,Opus 4.6 (1M),yes,supabase/migrations/2026-04-10-critical-vote-integrity-and-rls.sql,ROUND(
round-without-numeric,571f444d,2026-04-13,none,yes,supabase/migrations/2026-04-13-binary-vote-removal-phase-2.sql,ROUND((
round-without-numeric,571f444d,2026-04-13,none,yes,supabase/migrations/2026-04-13-binary-vote-removal-phase-2.sql,COALESCE(ROUND(
round-without-numeric,571f444d,2026-04-13,none,yes,supabase/migrations/2026-04-13-binary-vote-removal-phase-2.sql,COALESCE(ROUND(
hex-in-components,8fe9fe8e,2026-04-14,Opus 4.6 (1M),no,src/components/profile/DeleteAccountSection.jsx,e.currentTarget.style.color = '#FFFFFF'
hex-in-components,8fe9fe8e,2026-04-14,Opus 4.6 (1M),no,src/components/profile/DeleteAccountSection.jsx,"color: '#FFFFFF',"
hex-in-components,611a0ca0,2026-04-15,none,no,src/components/playlists/PlaylistGridCard.jsx,"color: '#fff',"
render-error-object,611a0ca0,2026-04-15,none,yes,src/components/playlists/CreatePlaylistModal.jsx,{error}
round-without-numeric,7a0bb220,2026-04-15,Opus 4.6 (1M),yes,supabase/migrations/20260415_h3_ugc_reporting_blocking.sql,ROUND((
round-without-numeric,7a0bb220,2026-04-15,Opus 4.6 (1M),yes,supabase/migrations/20260415_h3_ugc_reporting_blocking.sql,COALESCE(ROUND(
round-without-numeric,7a0bb220,2026-04-15,Opus 4.6 (1M),yes,supabase/migrations/20260415_h3_ugc_reporting_blocking.sql,COALESCE(ROUND(
hex-in-components,50ec2d30,2026-04-16,none,no,src/components/playlists/PlaylistOwnerMenu.jsx,"style={{ background: 'var(--color-primary)', color: '#fff', border: 'none' }}"
hex-in-components,50ec2d30,2026-04-16,none,no,src/pages/Playlist.jsx,"color: playlist.is_followed ? 'var(--color-text-primary)' : '#fff',"
hex-in-components,9735e34c,2026-04-16,none,no,src/components/playlists/AddToPlaylistSheet.jsx,"color: '#fff',"
render-error-object,653f42ac,2026-04-16,none,yes,src/components/playlists/PlaylistOwnerMenu.jsx,{error}
hex-in-components,4444509f,2026-04-16,none,no,src/components/playlists/AddDishSearchSheet.jsx,"color: '#fff',"
hex-in-components,4444509f,2026-04-16,none,no,src/components/playlists/AddDishSearchSheet.jsx,"style={{ background: 'var(--color-primary)', color: '#fff' }}"
hex-in-components,3f85456b,2026-04-16,none,no,src/components/playlists/AddDishSearchSheet.jsx,"color: '#fff', display: 'flex', alignItems: 'center', justifyContent: 'center',"
hex-in-components,3f85456b,2026-04-16,none,no,src/components/playlists/AddDishSearchSheet.jsx,"color: active ? '#fff' : 'var(--color-text-secondary)',"
hex-in-components,3f85456b,2026-04-16,none,no,src/components/playlists/AddDishSearchSheet.jsx,"background: 'var(--color-primary)', color: '#fff',"
hex-in-components,c9640656,2026-04-16,none,no,src/components/playlists/AddDishSearchSheet.jsx,"color: isAdded ? '#fff' : 'var(--color-primary)',"
round-without-numeric,031965ad,2026-04-16,Opus 4.7 (1M),yes,supabase/migrations/2026-04-16-audit-fixes-phase-5.sql,ROUND((
round-without-numeric,031965ad,2026-04-16,Opus 4.7 (1M),yes,supabase/migrations/2026-04-16-audit-fixes-phase-5.sql,COALESCE(ROUND(
round-without-numeric,031965ad,2026-04-16,Opus 4.7 (1M),yes,supabase/migrations/2026-04-16-audit-fixes-phase-5.sql,COALESCE(ROUND(
round-without-numeric,031965ad,2026-04-16,Opus 4.7 (1M),yes,supabase/migrations/2026-04-16-audit-fixes.sql,ROUND((
round-without-numeric,031965ad,2026-04-16,Opus 4.7 (1M),yes,supabase/migrations/2026-04-16-audit-fixes.sql,COALESCE(ROUND(
round-without-numeric,031965ad,2026-04-16,Opus 4.7 (1M),yes,supabase/migrations/2026-04-16-audit-fixes.sql,COALESCE(ROUND(
hex-in-components,32cf9fe0,2026-04-17,Opus 4.7 (1M),no,src/components/SmileyPin.jsx,"<feDropShadow dx=""0"" dy=""6"" stdDeviation=""8"" floodColor=""#000"" floodOpacity=""0.22"" />"
hex-in-components,f201e7cb,2026-04-18,Opus 4.7 (1M),no,src/components/BlockUserModal.jsx,"color: '#FFFFFF',"
hex-in-components,f201e7cb,2026-04-18,Opus 4.7 (1M),no,src/components/ReportModal.jsx,"color: canSubmit ? '#FFFFFF' : 'var(--color-text-tertiary)',"
hex-in-components,f201e7cb,2026-04-18,Opus 4.7 (1M),no,src/components/dish/DishEvidence.jsx,"style={{ background: 'rgba(255, 255, 255, 0.2)', color: '#FFFFFF' }}"
hex-in-components,ed406ba1,2026-04-18,Opus 4.7 (1M),no,src/components/restaurants/RestaurantMap.jsx,"<span style={{ width: '10px', height: '10px', borderRadius: '50%', background: '#D9A765', display: 'inline-block' }} />"
hex-in-components,ed406ba1,2026-04-18,Opus 4.7 (1M),no,src/components/restaurants/RestaurantMap.jsx,<span style={{ color: '#555' }}>On WGH</span>
